day,n1,n4,n31,n54,n105,n114,n163,n188,n215,n229,n288,n296,n332,n342,n410,n415,n429,n458,n469,n495,n506,n516,n519,n549,n613,n636,n644,n679,n722,n726,n740,n752,n769
2019-01-01,-0.017141077500137786,-0.030068852278514118,-0.00796248743695275,-0.001449660283068847,0.012403947591904737,0.014910244186377023,0.012046779910393527,0.012053118532066698,-0.00023420896017138185,0.012133397551452004,0.019514102675358913,0.01357558453693919,0.01231140676913404,0.009699647744543682,0.006769930536307959,0.009523294758820633,0.0038087349139178293,0.011070218885624131,0.01258568467728575,0.00769815668800522,0.01241889654007237,0.014338723268389883,0.012229383629186982,0.013471109652859544,0.011682351064350746,0.011538534511524349,0.016675662548236936,0.018057247849344076,0.01594845326303022,0.01920114932104126,0.008317403892394696,0.020016208252574035,0.014852298553572988
2019-01-02,-0.016214364182512025,-0.006564762509957411,-0.015974997027995503,-0.0035190993339471177,0.02029779454158742,0.02442767860050991,0.021053412238605834,0.02168336916888129,0.0008402669930106891,0.02223180587573559,0.026906944856387227,0.017301100792392592,0.020697054310386598,0.01743760783859738,0.009422324671977714,0.01593028023208169,0.006167581210329824,0.01844136776344385,0.021000935261848912,0.013241472836903393,0.021482849817284173,0.02501301945222571,0.019635863778661406,0.024605444065356252,0.020200130982640434,0.017782723538258455,0.023880065601882567,0.024447501026147123,0.020915708846134546,0.0254223008934904,0.010308864603711498,0.02625966390589755,0.01984501887830496
2019-01-03,-0.01112677081734518,0.00028043167381911854,-0.000657182715818827,-0.0013783573236440343,0.00449682952045638,0.005987702994562305,0.004234699129881392,0.0043245335412137225,0.0008598996785051938,0.00664699061354342,0.004213934715148859,0.0026088691352092277,0.004965873831925964,0.003988859512739751,0.0004398429785362386,0.0033231823625587964,0.0006742576802111581,0.0033273026196155206,0.0048003016436964545,0.0032836924437908976,0.004686108695056331,0.005760583400292359,0.0045377230100888495,0.005439095445772442,0.003920365211557512,0.0032051909820527413,0.003598466603295769,0.003777402342144557,0.0029343681457879947,0.003997930876487625,0.0015538866777464004,0.0038706207207421053,0.002749028167317628
2019-01-04,-0.015063648738392091,-0.03491703460314858,-0.0004672119739043505,-0.004717915928912279,0.0009346671156533759,0.0019320484520661079,-0.00034667708913863987,3.298906834666345e-05,0.00028187346690078385,0.0020892667268750387,0.0022198636709636808,0.00035795168091556917,0.0007914494417029516,0.000584743984416806,-0.003344741948588729,-0.0009637095219687808,-0.002331005950894157,-0.0006287831393431512,0.0012456460301555339,0.0005458803624215728,0.0011711934244692894,0.00234020190700542,-0.0006031818074735776,0.0014020844823446528,0.00018627604630131836,0.000895769111200965,0.0021839380908004933,0.0020393674255692793,0.0007972179792012923,0.0016207084257168585,0.0004696082604273381,0.00211565464728114,0.001233030617373861
2019-01-05,-0.015571968161303277,-0.026995313218017774,-0.0034531756793843016,0.0018478789436008707,-0.002972339642378271,-0.003980808036496401,-0.0015430369251664782,-0.002340558338234544,-7.671657586142781e-05,-0.00262267089309424,-0.0019570662983143805,-0.001055202139447431,-0.0021030015090959253,-0.0011555382261022966,0.0005993515280096062,-0.0010075458328773952,0.00035977772679244663,-0.0012635800755009068,-0.0028725399167734977,-0.0014579723471683792,-0.002667115282348457,-0.004645331083461102,-0.0014805491184238424,-0.0033437083442849533,-0.0017327065259514403,-0.0013948544562216725,-0.0018581880977445546,-0.0013688593096550978,-0.0012161233209061113,-0.0015733174890388095,-0.0008222783964312678,-0.0011773188622197968,-0.0012025776687130119
2019-01-06,0.029138654415232335,0.005594511211179191,0.008988624442983687,0.005159416657707953,0.0033581115413990523,0.0035203598462301144,0.0045605772314756265,0.004328685459662178,-7.013169210109045e-06,0.0030832472612708863,0.008680208160856276,0.005791458634693806,0.004163611210229827,0.0046659313788603995,0.0067755685148025435,0.004648273236220153,0.004423770562469009,0.00479458835591758,0.0038046162411946582,0.002574571009999952,0.003717843633113264,0.004617996266761774,0.0049207591519842,0.004345227760202815,0.004333344930368632,0.0047501321796667995,0.007244840179566244,0.00790906151330765,0.006922955797004526,0.00864901680258967,0.003558573805201526,0.008688530938742703,0.006586572119790486
2019-01-07,0.014905809945203519,0.06452167912581637,0.022663103012578862,0.0021864686633694674,0.0035372120165900376,0.003907271891143556,0.004648380541908341,0.004319249994770402,0.0002495288222341685,0.005391946600425672,0.006129383231934386,0.004519039624736543,0.004228333673545433,0.004187168555868759,0.0037511179628853717,0.004490656043093584,0.002992765271142043,0.003846910768897871,0.003859850075555412,0.0030862263014176015,0.0038230161702133003,0.004596059636887399,0.005143420482741412,0.004885348520268747,0.0046637988266808135,0.004194943559195252,0.005384334454173967,0.00585140324557513,0.005293646667371495,0.00622530611747892,0.0033418249653527354,0.006761994948927115,0.00477163567310986
2019-01-08,0.02643723078719577,-0.007131180346032255,0.010750129180404855,0.0016548302128465882,0.005071400171477928,0.006228149449761726,0.006248648395786205,0.006369926382945164,-0.00017160037008453108,0.006172021653789568,0.008135255524753878,0.0059645320088268505,0.005398320647481469,0.0052480704760501,0.0038898122828352477,0.005184275837096723,0.0030788694119880944,0.005716816790708161,0.005562870382929279,0.0038197870426719405,0.005481483743411768,0.006190195801577166,0.005889943604252028,0.006178487148112606,0.005670064150648339,0.005136435675149542,0.007212209947078681,0.0073940470727924534,0.007009096618877386,0.007713439534694426,0.003061508495308433,0.007876203524083655,0.006258077398535455
2019-01-09,-0.009343422217287975,-0.0078705306695106,-0.014218444920168771,-0.005143900020780912,0.012994145545194217,0.015903357820236035,0.01405089709933005,0.014269359586065752,0.0006352361141237495,0.015640241048652175,0.02052833825044953,0.012998512840998918,0.013870794863885353,0.012792997801973035,0.0032468475505426455,0.009516346048316748,0.0025543795270775624,0.012192565877125361,0.012916023310734381,0.0086101779608736,0.013741896128052211,0.016790752845921908,0.01290198383403407,0.01629653210144048,0.014136593485489199,0.013112461430450159,0.017837922710781662,0.018456720335497206,0.016298769863196227,0.02025025454680514,0.00792996947355551,0.020716485039479277,0.015438415648215909
2019-01-10,0.02812862066045178,0.01612280697859762,0.00991519949596468,0.001518943524277579,-0.0009910408900971983,0.00013708860152868615,-0.001980589366676888,-0.0016343195938362716,0.00028600683145748224,-0.0007552573556776446,-0.005249803054898194,-0.0033806698022420534,-0.001226418858043014,-0.001219568240219182,-0.0011393089875332645,-0.0010892519761285986,-0.0004463448500953149,-0.0016122178700343308,-0.001009719987595285,-0.0006560428896638845,-0.0005264162681711445,-6.575592399974776e-05,-0.0011265857131812496,-0.001076740215113503,-0.0015939051575083834,-0.0024477834655577033,-0.004402917460967437,-0.005225346082217956,-0.004004668539578186,-0.005048196531104073,-0.002203167637985596,-0.005485592826072565,-0.0040634832215615075
2019-01-11,0.02169593705189025,-0.027855666743736407,0.003202823286431252,-0.0006786102322611972,-0.001469928323600674,0.0004591296588947931,-0.0031403374792136063,-0.0031396247901135745,0.0003507211932885686,-0.0018299426902303277,-0.006405083780072947,-0.00486543134049396,-0.0016085385820604852,-0.002265395478302068,-0.003043044301736112,-0.0028065333728806152,-0.001460441600987276,-0.003098503619451224,-0.0012916596395801487,-0.0010394517227911848,-0.0012238332894070798,-0.00013009254354923172,-0.002959803178550343,-0.0014778428010465323,-0.002910664637525725,-0.0034762488950714023,-0.005330385920614411,-0.005791960773515292,-0.0055886688795500445,-0.0062548320132528685,-0.002856381494231286,-0.0062780445728263246,-0.005200530370320126
2019-01-12,-0.05796290940421874,-0.03518373877808726,-0.016043548878748187,-0.0035072170317083837,0.0060945761797791915,0.008511138527373063,0.006185091325511334,0.005893679229551492,0.0007818280824123391,0.00750079559419851,0.008027540815745601,0.005296680989846851,0.006054021196760869,0.004768605693897143,0.00113473515040452,0.004019497577457602,0.0008835886956646277,0.005378384672908965,0.006298786629510407,0.004064486263321676,0.006453639592256384,0.0074977988573010634,0.005305247610723818,0.007002203617259006,0.005659759530193338,0.005709499815936603,0.007336523884826048,0.0069111514559579606,0.006271146917213717,0.007626581355151411,0.0033961530127826953,0.008501141448786775,0.006167811110572963
2019-01-13,0.008311158024308854,-0.01509907482967184,-0.015096031999030757,-0.003384809234786642,0.020190103067887044,0.02370974322437173,0.02167818233669916,0.022523213941346636,0.0011098543843687618,0.023515599655338743,0.029499480099511644,0.019029072108127505,0.02121673071577579,0.018806589477099084,0.008820547071638115,0.016320953348222922,0.0060487626589154075,0.019122054090225642,0.020860355461407742,0.012893057037230093,0.021288353679898304,0.023776378045921476,0.020280616587286637,0.023923994471960103,0.021453474852722643,0.01940263439227567,0.026278462158111953,0.026538099850663244,0.022795777291399293,0.028262939684229476,0.010933964011863454,0.02955839155217621,0.02211147995775094
2019-01-14,-0.0008727739794776035,0.037141514946796995,0.004482852821973952,0.0043135441061741275,-0.003916438845439944,-0.003858114936254431,-0.004691004756551524,-0.0052333384750185745,-0.000122879285421836,-0.005868894037585726,-0.009639488601318172,-0.005958252502819228,-0.0037970132736232878,-0.0032644675007376853,-0.0009874173094737888,-0.0035195065908408076,0.00023883219154955762,-0.003801144723592683,-0.004173099615075356,-0.0027633910714823053,-0.003933654169287,-0.003619645553663453,-0.004984429398672496,-0.004813547813711239,-0.004442550951851902,-0.004857193970699096,-0.008190857985404717,-0.008649139899950717,-0.007226252980803001,-0.00928687194732832,-0.0037125406509434336,-0.009858201574629652,-0.007042748805980399
2019-01-15,2.3461023814637844e-05,-0.016945917922095727,0.004522684470998091,0.004279313290381559,-0.002382847701501175,-0.001147106023527004,0.005058560327229067,0.00448362142271345,0.0006784076547742638,0.011068735441931507,0.007847509577587472,0.004283190223374274,-0.0007600648569283663,0.007537053244704772,0.004967145266376871,0.003459681013492736,0.006000379062086243,0.005242788881221354,-0.002156660459987414,-0.0007548225215456839,-0.007680498006206626,-0.00014258567912387812,0.0036390177283503653,0.0008386177658771624,0.005842782652342097,0.00718717731215938,0.008270400163256161,0.007514347652477642,0.005419824057635599,0.007038449356030263,0.0023750306080350114,0.007620813644649023,0.005679116043309544
2019-01-16,0.05900823695208102,0.071695280421185,0.042974731386743535,0.09386980431237557,-0.17692509097491568,-0.20351519671429763,-0.01624429821524605,-0.02688800028862559,0.0017934599350084568,0.06163778100282672,0.0642833828461485,0.04101120688450196,-0.14703458570262798,0.03401414588067878,0.07991862497060076,-0.00522941931909197,0.07413102600313337,0.008814913992656473,-0.17482109054847564,-0.09432887742992808,-0.3108602883851548,-0.17619203328276503,-0.030760953558008453,-0.13881696451756032,0.00419112377075385,0.05131406127904755,0.06374787186339681,0.059031667577879254,0.04862214252124956,0.06013832303062502,0.02423185711570852,0.06288923101660604,0.04688127328617053
2019-01-17,0.05548945577068235,0.07704961482131889,0.0435916928637529,0.09322782660346422,-0.16907200138460698,-0.19354996893697804,-0.006593820392584308,-0.01667483174619881,0.0025401080160320313,0.07301983794495263,0.0753451144190181,0.047647321021794475,-0.13816720114918754,0.04284420818611926,0.0838924013673501,0.003278190321776601,0.0776704222832647,0.017559459079246054,-0.1664131988483574,-0.08923976639332014,-0.3018575471810114,-0.16582066371544832,-0.02187648998407236,-0.12867321084536373,0.013939403358365965,0.059270773772842546,0.07304641913085892,0.0688931966127863,0.05687161178963329,0.07076778269921331,0.0279545341074711,0.07368532390069198,0.055333794091736145
2019-01-18,0.01452126824395572,0.015594209551844726,0.024568674959686138,0.08903682622686186,-0.17103895310767006,-0.1952287992986562,-0.0067116851111143445,-0.016133955936502947,0.002028981297038731,0.0721801510348558,0.07800684176269505,0.04967854200458118,-0.1394061199388125,0.04220529426739331,0.08290816027847485,0.002578109764743708,0.0760794084945055,0.01743021555156273,-0.16865004149436627,-0.09020052566203063,-0.30543436817770964,-0.16753309529063523,-0.02189993812903553,-0.12929669265960855,0.014253064405427137,0.06026185213506737,0.07551298851145383,0.0712472285088331,0.059003173675678866,0.07311112763994802,0.029526344033130886,0.07638617199661872,0.05699887737204209
2019-01-19,0.05860922263828705,0.033923829046535126,0.02778449212416234,0.0825602278800736,-0.15649692135746177,-0.17843852076431954,-0.011122998369916518,-0.019756909047842146,0.0019254186481264905,0.0582724586476718,0.06007335485695453,0.038479031378894746,-0.12855553822837695,0.03282801712831033,0.0720158510306345,-0.0026109831748411714,0.06590941763108482,0.010613184128966205,-0.15422359435156915,-0.08338640692081463,-0.2799833076906359,-0.15273233873812556,-0.024703071359081008,-0.12007150687910961,0.006637309411079724,0.04702891578624394,0.05913032932779346,0.055256370863994896,0.04561770585317445,0.05627254805597678,0.0229762846111455,0.058466321649494724,0.0439952508529157
2019-01-20,0.039194905559675274,0.025737616451075713,0.008397408809686683,0.07769874370041663,-0.12826133681027496,-0.14714986447138992,0.014140092796720497,0.006563623193985772,0.0018848760446127006,0.08523830775229631,0.10119168927364382,0.06465210397555794,-0.10135417274844993,0.05579113171463342,0.08379295894244798,0.01783104012535978,0.07490463499701387,0.03312262014948194,-0.12470891700342938,-0.06536483228706391,-0.2479861537282062,-0.12147177197868568,-0.001083971550565721,-0.08982531760431971,0.03263990103832981,0.07247848093813551,0.09541105435226498,0.09200144915856434,0.07777685955553615,0.09581233695828306,0.03841704637784934,0.09951507255968117,0.07462644975666481
2019-01-21,0.08198269179452833,0.08506795631510282,0.039109726452180325,0.08291950216840682,-0.15325532267888775,-0.17646417611758825,-0.013057419998934469,-0.02199877565572687,0.0017475214127644634,0.055085491703053734,0.056612443815993764,0.036214617264146355,-0.12678845834686361,0.030944028404976898,0.07068246161119991,-0.002603837348697328,0.06470281317555404,0.008720035745723997,-0.15092975487214932,-0.0813340085425196,-0.27255141011838696,-0.1524767807923816,-0.025773227561943557,-0.1196504569787334,0.0050078321664971765,0.04434649368223198,0.05561927986234524,0.05215529749826627,0.04259992298007168,0.053185082860855104,0.021364433519475885,0.05487128165492727,0.04137067142230825
2019-01-22,0.044480257854931406,0.006509660890051745,0.02297529318756819,0.06565542153715676,-0.1209331934947097,-0.13915007903264756,-0.0030717856061987328,-0.00962104370063018,0.0017109173122662469,0.055931056620841524,0.06081413524859958,0.03852625849058692,-0.09786305629363934,0.03279353678097744,0.06136597320101389,0.003731133896398712,0.0557720003470689,0.013985509769990578,-0.11855857735672526,-0.06321597262800704,-0.2196661616892038,-0.11852080973310682,-0.013996492253994278,-0.09116828062143896,0.01229992908792236,0.045478284698766025,0.05818762845678697,0.0551133577344487,0.04629369125095106,0.057293748919522436,0.02328030922191478,0.05993190333604067,0.0446631647907744
2019-01-23,0.058537573295683064,0.0394701795177402,0.022400321394366134,0.053894240429133454,-0.1037538031514238,-0.11893888356687121,-0.01084739099567796,-0.01637814183743469,0.0010594930038928159,0.034067550088738706,0.035953942639231094,0.023017142873788938,-0.08631309913920433,0.01838611686768517,0.04512133479598024,-0.0037177546849974283,0.041837099806565504,0.004353731863860233,-0.1021141866643438,-0.05498931992414521,-0.1830084765690705,-0.10228927012813749,-0.0187369240629011,-0.08090218924270864,0.001075716395792033,0.02805709983557107,0.03472001363007108,0.0327412273165241,0.027393743110529556,0.03412736118273004,0.01375428545362182,0.03549712146359152,0.026390740986739953
2019-01-24,0.04447039981986567,0.028939112489836976,-0.0006267950951318232,0.06131723225198401,-0.03091370526302632,-0.034132385696387914,0.03496586560057432,0.031020053793794133,0.0020897732378365084,0.0448601600314363,-0.020673389362334465,-0.01105159721206809,-0.017649020174342667,0.04403634906245172,0.0635289737975732,0.03812838209233652,0.05770911168882501,0.04301472897193145,-0.028991616098592132,-0.012064713888537545,-0.08043666976902664,-0.02289237686988906,0.029005653214984644,-0.009715185825148373,0.03923382354878443,0.025074840063068926,0.01353385848340268,-0.013001154527422306,-0.029342524290924505,-0.06594772558892507,-0.007760313310418709,-0.038594569518906496,-0.01981107386100156
2019-01-25,-0.027202787655685068,-0.005887465188928982,0.0013028654065297591,0.11266634073388786,0.05040333012337683,0.0576214570224843,0.08680196896258192,0.08268949572562878,0.00262364636101046,0.01390391386845972,-0.2340568990082804,-0.1421323305562329,0.06103362460110251,0.06480037412970201,0.10799886366897023,0.09714721467055683,0.09581634823500156,0.09118615500590958,0.05286130709465434,0.038093769796870625,0.038011365093292504,0.06557667109436476,0.08896700079483259,0.07036582690932776,0.07822667551179012,-0.0251315089270312,-0.09699706884629429,-0.19174656425771244,-0.23095133786143318,-0.407416618964523,-0.0910672978974952,-0.30040306405758727,-0.19091886928101628
2019-01-26,0.07341081868444747,0.04747782768603829,0.030567709970199825,0.10815178562584975,0.026402336604292326,0.030181412733610042,0.0623125711460073,0.05801142888541803,0.0015039765226472213,-0.004846071952457305,-0.24235113262399732,-0.1499111671617571,0.036774082633409165,0.04535504548211122,0.09242040948244752,0.07413566201926525,0.08212322575745468,0.06794977782366492,0.02830802294109998,0.022659894485837384,0.007566166560637022,0.03837439352785873,0.06494648209471847,0.043722299956748145,0.05514527346497585,-0.03927287642341071,-0.11151099239304536,-0.20101363185114943,-0.237692879440214,-0.41117983098569777,-0.09463543168970379,-0.3065664860875419,-0.19648893476407814
2019-01-27,0.06639442236394233,0.06419443505120359,0.04100445496424795,0.11422159146228061,-0.001189324506065385,-0.001007679928270555,0.05542360282009984,0.050204151526476316,0.002236789211298884,0.006344155841987664,-0.210567100821347,-0.12807552137647082,0.012132219765998839,0.04721469988603477,0.09846914855175888,0.06800634859366579,0.08691351762624855,0.06392463445186831,0.0011400423376611475,0.006886537665339532,-0.04196272995967506,0.010710774782267526,0.05564173823271249,0.02024887705020806,0.05259377014942442,-0.026995586575334702,-0.09116844418730825,-0.17297292216039217,-0.207061759507277,-0.36897290378831826,-0.08143208052162858,-0.27029225065917384,-0.17065421760612112
2019-01-28,0.07323817993706339,0.08151977464338156,0.03818008995546851,0.10375181571886187,-0.0018807328905658949,-0.001848165428005662,0.05338087211756518,0.048453104673478485,0.001967587087575199,0.011470453033057085,-0.1786615270897259,-0.10996554255682718,0.01100107675930495,0.04763402856718191,0.09311316486598346,0.06389669400590225,0.08208183967281624,0.06165672479500935,0.00025164578196434917,0.006318822528471972,-0.03800204222153406,0.008525959021423724,0.052887471739943535,0.019045843849759454,0.051165836608613624,-0.0180488115782369,-0.07280116323621459,-0.1464608130752302,-0.1780570820754761,-0.31643535889168667,-0.07005967240212267,-0.23045880518042297,-0.145733867956466
2019-01-29,0.03989215297716223,0.003602652573624946,0.02032530080729759,0.09355024905171898,0.03045163240193845,0.03570257908000377,0.06226383206211968,0.059380473574138115,0.0021244449967768495,0.008937090850842525,-0.18854358781616712,-0.11601548440266936,0.03853196815107326,0.04885914080229951,0.08688096505593694,0.0702069698091566,0.07661336582922,0.06670286126246872,0.03203422813408796,0.02344016226133287,0.012473356700242336,0.042741642294422455,0.06319986735613152,0.046866181188335965,0.05761174098552887,-0.02190785848737094,-0.07903648338111739,-0.15475801802047537,-0.18759472244655898,-0.3315288339692654,-0.07350150541744298,-0.242458584458164,-0.15351215008070765
2019-01-30,0.03793036523927965,0.05171753895865431,0.02865361238311988,0.0818983261567352,0.03234229428570264,0.03760376564592457,0.05182553003695182,0.04935908515058637,0.0020189400298627667,-0.004079276408000432,-0.1939430589785077,-0.11976214523302027,0.03848023625745226,0.03620798375156179,0.07214676499858023,0.06082429078030168,0.06312596802768855,0.05462085103939559,0.03396293896561738,0.02380890598602618,0.024449426854940743,0.04222547027526661,0.054645769875264406,0.04434059197118708,0.04597430813954665,-0.03156028110580896,-0.08839362807440339,-0.16073164148311037,-0.19036301302343261,-0.3298815060676897,-0.07472886495198594,-0.2449306246815679,-0.15609305675845123
2019-01-31,-0.021224207763152297,0.00960393396058882,-0.01655404062831038,0.05690332664139023,0.06558013097248121,0.0766233291405219,0.0687479115867653,0.06826439374722544,0.0022033332725414447,0.02011238528692605,-0.1285161934949146,-0.07897027084691259,0.06863336355704686,0.04932575451669082,0.06301105057699703,0.06895542559287844,0.054984940849548636,0.0663919600103684,0.06752117151272656,0.04255192415041087,0.07338495887212056,0.07977875071434355,0.07026585817095388,0.0764354292970566,0.06234426139896806,-0.007202721946727071,-0.04659110782255382,-0.1047760808414561,-0.13185216881944437,-0.23683917534266166,-0.050839296198829466,-0.16934069828334053,-0.10625508522646854
2019-02-01,0.006377388582803197,-0.023229818140939607,-0.0028762602483454933,0.012927024546476614,0.11424415848405663,0.13293928713672423,0.04826737447147641,0.0514606891767014,0.0015635701448696675,-0.03179535710741691,-0.18510255659274755,-0.1158531866479855,0.10362407365903288,0.004727487282497537,0.010965617041689857,0.046523469695359886,0.008256638918018014,0.03650094003978902,0.11499749366186911,0.06592334704927438,0.16939485043151356,0.12312626457300209,0.05676442772699808,0.1049203486464189,0.031083414332755705,-0.05107131786169342,-0.10236564944709918,-0.15739313221543524,-0.17447081814082419,-0.29039922044053945,-0.07183765616554805,-0.2245976330602956,-0.14668745465719368
2019-02-02,-0.021335757545079808,-0.009581950778030665,-0.0033286965539008526,-0.01421954263902562,0.14182223427385457,0.16611280564210565,0.03270126310393984,0.03816396438601307,0.0009460763509367235,-0.0646155093622743,-0.22430032052074603,-0.14171300648365026,0.1230455429769508,-0.023015969658981266,-0.0213862561937536,0.033511282125787765,-0.02072755780982612,0.016515042824087445,0.1411404718737573,0.07950128219733028,0.23448171050201103,0.1490505190405592,0.047078279757948316,0.12137912106909236,0.009493369745031307,-0.07763968085792368,-0.1386219298029093,-0.1925344706593958,-0.20636377275383064,-0.33100127915072264,-0.08719544390889222,-0.2649882132811057,-0.17554852867007043
2019-02-03,0.022373256644768674,0.006056821737450886,0.0035921048650756995,0.006259351617260656,0.12770082975711775,0.15007648326612197,0.04143405617852647,0.045169551432537425,0.0012401798671056359,-0.05199788783185818,-0.22445669123487613,-0.1401889801945536,0.11302583410099694,-0.010984663952615511,-0.0006072052953721337,0.04390161247599552,-0.0025039953848369953,0.028174616610210812,0.12764349662037264,0.07187721148605064,0.2048634305828291,0.13552894769073584,0.05414812347448598,0.11280460999661646,0.019391018664991932,-0.0685912136224518,-0.13149181817917702,-0.19074216486416695,-0.20747281378331137,-0.3421412957402626,-0.08714230623413706,-0.2691620312341249,-0.17620465254561632
2019-02-04,-0.011081485975258746,0.002170731962823543,-0.020171119119270386,-0.028517170896884696,0.16453271845279951,0.19266183197832407,0.05634776417909896,0.06236223167915019,0.0012570774017538848,-0.03902953767497319,-0.16654009246074253,-0.10386506487910434,0.14653458178835135,-0.005934350948354705,-0.01870942378705361,0.04731410735713452,-0.020157099545783968,0.03640896470073537,0.16478013988597193,0.09351424978834928,0.25786794531537954,0.1763020074546008,0.06723989980381084,0.14739351395188885,0.032078266125086095,-0.05233236060726831,-0.09815809616674098,-0.1423490446689432,-0.15435849396322462,-0.255420831440713,-0.06399675538108755,-0.19909346700880062,-0.13073512828511666
2019-02-05,-0.004006389169102675,-0.05996941262479597,-0.014182747906862877,-0.020457992158918675,0.17428000954186373,0.20367870025580123,0.04648926261999028,0.05268919773940054,0.001097870368063525,-0.06906197279120156,-0.2473922196990387,-0.1557240919493698,0.15265251434197,-0.02082121033605233,-0.023646382466194254,0.04448350402577628,-0.023283892182927406,0.026434695418231513,0.1739172232074703,0.09779836044879915,0.28319559008529155,0.1842035595755712,0.06231894676418204,0.15038881425899872,0.018742966235638054,-0.0843207779300954,-0.15116434517450492,-0.21207863193163945,-0.22751878769915942,-0.3677149133046684,-0.09625255889148725,-0.2925763585210917,-0.19446130754654808
2019-02-06,0.009121340827909238,0.0027171313694462165,0.0007085101737951405,-0.026378196614170513,0.18436332055587132,0.21426307151366095,0.03973042055612167,0.046524397402447924,0.0007365546033497594,-0.08345073606393753,-0.2644517192801364,-0.16647161940528488,0.15860006583727593,-0.030615575406925426,-0.032927743001832877,0.03847980150483199,-0.031830585375049125,0.018439787337900526,0.18277269042587166,0.10149329356847965,0.3074116122180796,0.19199230736150064,0.057875829095176634,0.15470400447343322,0.009922767328821358,-0.09600566422279755,-0.16611228819155807,-0.22801883067276632,-0.24132021053559694,-0.3831343305526029,-0.10333010680755243,-0.30977874146503187,-0.20766209774380417
2019-02-07,-0.10412465884749711,-0.016645098247391427,-0.018319203818889445,-0.0668140800136617,0.14169563296923057,0.16600783967372865,0.009187655979427648,0.01749072922786758,6.697790418227119e-05,-0.05742299649274921,-0.09948200944950998,-0.06407039689442702,0.11648602594939621,-0.034792859087879435,-0.06529323029395995,0.0014714345097302701,-0.05801486731401262,-0.010922606798018522,0.13972490195333087,0.07494539180396427,0.2523325639497207,0.14478469573736655,0.0216611195919351,0.11185126313386758,-0.009541987897616325,-0.05613785560577463,-0.08079662743632632,-0.0878048748052267,-0.08322614076781824,-0.11863865386081922,-0.03854968209829727,-0.10690880598756743,-0.07488877860310013
2019-02-08,-0.03966609815286123,-0.07297153140025525,-0.029349191075223047,-0.0935006839299047,0.07996330251349242,0.09336318551877228,-0.03128855298778591,-0.023542910426754677,-0.0009057698261235222,-0.04840700988318266,0.023741454301199855,0.01152015977374917,0.056008260119850085,-0.04895074402766456,-0.09173464766542623,-0.040454324289261066,-0.07960676686804853,-0.04622505590085465,0.07722794129583506,0.03689797795700637,0.17078389087365467,0.07414685593730959,-0.023286719525035398,0.04860541401410323,-0.039437691380027395,-0.033030105101158114,-0.020717166767036648,0.013791516986133642,0.0367928824476215,0.09469967820305847,0.009147092313086228,0.04925795171447541,0.023518039958192166
2019-02-09,-0.06602963450368593,-0.05353657396033196,-0.03199103517923311,-0.0853507445307778,0.05750351333455347,0.0680558420763635,-0.035854494315726924,-0.029501300412338338,-0.0006783808683197279,-0.04231111174733974,0.03663047348561251,0.020313954111625954,0.03711606521308012,-0.047271359040039464,-0.08409018299903763,-0.041784440488824494,-0.07296593265168412,-0.04738857274000837,0.05457372455561771,0.024962191818526176,0.13257788089267297,0.05126328873086372,-0.029021385561288564,0.030321580848940915,-0.0408989047771661,-0.027931540455688204,-0.011059550939150675,0.024733266445457442,0.0490348728758887,0.11565360695747451,0.014133359386342192,0.06513940684388835,0.03292588186802418
2019-02-10,-0.08171497155101932,-0.07027323350864527,-0.056717728696586533,-0.06688075739580412,0.041055210026767895,0.04759102775701359,-0.02486941545325827,-0.019809754869029916,-0.0006960653731716467,-0.02003648563561633,0.06189039402700066,0.0369385252528911,0.026326672791225175,-0.028262818063003792,-0.061721258865350404,-0.03171975730022947,-0.0533172504545106,-0.032909125035586996,0.03871938901590936,0.017401209498837982,0.0984425962044595,0.035552950764100665,-0.02134532719470439,0.0217877236608226,-0.026108703186755733,-0.008682638593702663,0.013668091414020367,0.047945664027332725,0.06854587353640203,0.14085963276660993,0.023935735734306185,0.08967909870085992,0.051123343411409415
2019-02-11,-0.13680543407312276,-0.13588326447796195,-0.10506168604794593,-0.08206106240749467,0.047966467387449065,0.05529583445860128,-0.023810990539344285,-0.01793301335531557,-0.0009774897965376301,-0.01555416972565619,0.08613417087278978,0.053160010631415545,0.03235373424098734,-0.02859206950017749,-0.07191762523652019,-0.03281905549783085,-0.06148379179466742,-0.034047170551587236,0.0460175972161041,0.0210576662066894,0.10614995736972717,0.04363860045314253,-0.020024067083717217,0.027210626426040403,-0.02581845035423047,-0.0008681120490482049,0.026854251408079993,0.0689092452480109,0.09277581333293543,0.17705557883224868,0.033653392371693513,0.11881196286793443,0.07076409958129926
2019-02-12,-0.1129065368911412,-0.1501579586174492,-0.08634790581577197,-0.14602155358624666,0.13941540664234284,0.16322834796809152,0.014813205485778802,0.02657309773025111,0.0001701361656314404,0.01550714196632382,0.16698863995951463,0.10419104259557758,0.11589564711803894,-0.009902107920496839,-0.10036208531942374,-0.013171781244428082,-0.09174383045287164,-0.011475570012796865,0.13774208969229532,0.07417138165198622,0.23674157965848242,0.14351647332367742,0.018318295652055266,0.11244676173048489,0.006340182231133677,0.029556065962358307,0.07981196275144331,0.1391763473916976,0.16229076840461687,0.27565608499935745,0.0661154911245901,0.2088564095800279,0.1349372675699317
2019-02-13,-0.13676936474162668,-0.09076229947223109,-0.09997051832016506,-0.08932561581871686,0.07331482506552511,0.08567297156390137,-0.02301962997874944,-0.015724481772112497,-0.0004551500218174335,-0.0285147657098254,0.057600984060593774,0.03444250136302607,0.05390055257084825,-0.03759691971413629,-0.08039136886287486,-0.034457848348820264,-0.07254705574550672,-0.03760418465825636,0.07116674739152185,0.035289123778717325,0.14411461698165695,0.06969307443601853,-0.01688875239252674,0.04742371931411989,-0.028709107726234546,-0.015557417959689346,0.005440670886308101,0.0439819780377535,0.0659882789099256,0.13011080574280007,0.02292071931220156,0.08467430311991049,0.050635229791102354
2019-02-14,-0.0837177595039383,-0.07374581945260801,-0.07863337657829739,-0.07863889049015516,0.07218697764525779,0.08473361082637965,0.0035804174461763574,0.010041141654426747,-0.0005505710950502637,0.0038058648821663135,0.08898230443214021,0.05522535080714164,0.058532795971936245,-0.007976052004017594,-0.056055402401126685,-0.010551457969358266,-0.05022859827806977,-0.009648194635757315,0.07108844440549067,0.03774144702765122,0.1299138721057167,0.07319758314853697,0.006091932050217075,0.05585393699455358,0.00020482576895997084,0.012812186640596579,0.04000736559064855,0.07341437148256198,0.08866893650520662,0.15602376864358045,0.03500661651694811,0.11330841322230463,0.07165717503840281
2019-02-15,-0.1307791333386231,-0.17030035134497132,-0.1104747740920562,-0.09102854744880624,0.0548841910957405,0.06471041144620286,-0.00699451301746586,-0.0012791636520503857,-0.0009443454026566064,0.002241901505833551,0.11031239944481246,0.06815298163394197,0.04207412163336688,-0.015355537849903142,-0.06571776429127511,-0.021762151652316025,-0.06076935381470605,-0.019838848406528758,0.05388844083977832,0.027246560562445527,0.10225057173777745,0.05455789894776123,-0.00558930759821763,0.03997249816289342,-0.010109804891942945,0.01581182062691422,0.050298858320394046,0.09083731997402082,0.10802845289822738,0.18875146664505463,0.04314604276077046,0.13948964445488107,0.08897541031601779
2019-02-16,-0.05733579408071998,-0.0954948044705306,-0.0757103502474985,-0.10982826883505847,0.0663669106954045,0.0777041105127892,-0.002739069714855565,0.005643194766464059,-0.000633978196639499,0.019883524376769064,0.1706382169984201,0.1059680650225537,0.05325791109664113,-0.009493686012070235,-0.07593567771721525,-0.0239366996018416,-0.06886786024132263,-0.0180911269824137,0.0659288724998115,0.03406304029655812,0.11853574134905849,0.06810427869895186,-0.0027844015239590902,0.05133495308846925,-0.004078712928654878,0.03529551209123186,0.08554349156490766,0.14280465251060517,0.1641829204295231,0.2777486017641773,0.0664863444902446,0.21165324242532257,0.13732471571818708
2019-02-17,-0.06267365953505181,-0.06591892214883721,-0.06032304219692097,-0.07867441096298577,0.036908828945547256,0.04243988913426714,-0.010566025650320832,-0.005497836104903324,-0.00041684452685686324,0.01751821741942372,0.15769698578412802,0.09843179572981271,0.02692418650938529,-0.008254272967903079,-0.05655456975869244,-0.024630936689680045,-0.051279421384748204,-0.02034149334239495,0.03620268473331034,0.01767444525411725,0.07167805512723202,0.03492211533205314,-0.01055654171397998,0.02451208965106459,-0.009192156715092104,0.032787182866955554,0.07865819988958567,0.13252549310556105,0.1522161984536717,0.25969782613573883,0.06191351825295636,0.19667139032229533,0.12648328083914753
2019-02-18,-0.012225637912761655,-0.014762998889192561,-0.029366979965816793,-0.06857480076702209,0.00855725362339991,0.009164619657988796,-0.03373648558337402,-0.029723782127891358,-0.0009975602168923459,-0.005666324656014687,0.11973094517949907,0.07318203685372697,-0.0009079911660233956,-0.027541639284347497,-0.06135846913156969,-0.04145032480805325,-0.0541050410158587,-0.03999733812274483,0.007351825291190532,2.7485052463305237e-05,0.034169056136684084,0.0017079209654697891,-0.032504964011600045,-0.006130165006096829,-0.031776756606308965,0.01131736467850312,0.048735038214848814,0.09778394156257963,0.11952963055197952,0.2119056850158693,0.04645220125061537,0.15366086725387262,0.09687262220967637
2019-02-19,-0.046641327159526146,-0.10809198454496045,-0.05479567717679087,-0.0826097709370573,0.03528320481229841,0.041123302497514246,-0.012565083522353268,-0.0070725040518849385,-0.0009167588793026482,0.012960663091798589,0.1498880164115303,0.09301180234671946,0.02557811562084981,-0.012446284603722843,-0.060455727418470495,-0.026058824742459723,-0.05412639860528282,-0.022365973523322442,0.034083204847484914,0.016678048910412063,0.0717588588643275,0.0340109892886001,-0.012824497058349019,0.022645561985357016,-0.011446747763716422,0.02875639273568827,0.07305737893501352,0.12531529006809627,0.14503647903556013,0.2516104577811144,0.058565317807464844,0.18768183638530603,0.12023027561377002
2019-02-20,-0.12806102459262933,-0.06049396549305482,-0.05621351777858408,-0.07571350486224215,0.0321082066153379,0.0366021598094998,-0.011310968295675572,-0.006733759869237706,-0.0008819763082123325,0.008415762761541323,0.1298416338349672,0.08028215407592161,0.023576308177746697,-0.012083838264969948,-0.05522371702423623,-0.0233700002303161,-0.0496879734164691,-0.02008633670513671,0.03108175253050464,0.015177899735562642,0.06674328010030066,0.029746006499308624,-0.011771667716239165,0.02045522283715832,-0.010895476877197533,0.02353151008328454,0.061380728319125666,0.10818700610077059,0.1261791642542421,0.21891093411504206,0.05048518001354433,0.1632287561619039,0.1043822119802001
2019-02-21,-0.025084191881795004,-0.023340537001461808,-0.036068863959404084,-0.06479845900486136,0.03447318894334561,0.039229479713008907,-0.004723576341749099,-0.0011645173828913613,-0.0007433453002147298,0.008812214385613379,0.1084295316272413,0.06789349887530853,0.026997681063686347,-0.008629690040513912,-0.04563000437129864,-0.01474052365621296,-0.04150256388640668,-0.013465365217300018,0.033930906396916725,0.017413546300020972,0.06577007540036324,0.031785759542400115,-0.004691088944363801,0.02354287123316438,-0.005474817937524061,0.020900375974653922,0.05277960972106488,0.090375062204064,0.10545706765646508,0.18056159516982304,0.042363289994085264,0.13528363846248462,0.08712704739188777
2019-02-22,-0.0960339152092587,-0.12516874950722437,-0.08354095434203046,-0.05022386910290688,0.019387974236621197,0.022492724467414977,-0.006264653942441356,-0.003761828886754396,-0.0009129622333852913,0.004836133739640758,0.08115194885707429,0.049542261736464845,0.014570760728187379,-0.007690006220532138,-0.03576548219222412,-0.01491699214442684,-0.03240007766879375,-0.012240011961973885,0.018568162438694042,0.009333857193183803,0.03993121633533706,0.018526719181295448,-0.006511309159024907,0.013015510541992903,-0.006350533249748362,0.015285122074226424,0.03969126209478387,0.06745202973075741,0.0774421727208819,0.1334225504180111,0.0315137352236509,0.10185681779441887,0.064822286452344
2019-02-23,-0.04465787882613936,-0.056877449616376786,-0.04689062423986753,-0.04860243077973703,0.007853736315131421,0.008867744018358437,-0.005827442014396962,-0.003550208509010666,-0.0007675941638488245,0.015476380184199575,0.11079733356882097,0.06880652336621829,0.004717358443177074,-0.0008036767945214981,-0.031061529005567873,-0.015229031602645252,-0.028686409737256113,-0.010190118445510285,0.0073850562938716875,0.00295517048094851,0.016624633939064992,0.004929182737219169,-0.007741275490325587,0.0030839925233439778,-0.0030974939902967216,0.027423369947316683,0.058995002871811586,0.09282034201620319,0.10427512435123276,0.1726474935487173,0.043576252945350724,0.13460205095354136,0.08828307142782894
2019-02-24,-0.04172512039716825,-0.041194290588844794,-0.03776286359217836,-0.026133600178741705,-0.017089339650025497,-0.02072581167151366,-0.016440440497632675,-0.015649253171021133,-0.0006899267608669509,0.011624703599813083,0.09525716055960191,0.0588578575232539,-0.017995736937779228,-0.003855878710687932,-0.02048089591356132,-0.020333315327355272,-0.01811386243275918,-0.016600010731818788,-0.0175240461997855,-0.011448395047461979,-0.020887782923342257,-0.02168283789235037,-0.01875067202948344,-0.020321799449997496,-0.011163542824219164,0.0218282172736514,0.04841779278482831,0.08016125928756661,0.0910250826919885,0.15386050859645048,0.036850398544695594,0.11765192385890948,0.07607699372743948
2019-02-25,-0.03199286994444931,0.003455878794535868,-0.01465513576236314,-0.022307919057473608,-0.021043889220913197,-0.025838166755805265,-0.021904690303343227,-0.02149729139544328,-0.0013681210946584106,-0.0025864908132155287,0.06342493639604434,0.03895624677814228,-0.022239947092486705,-0.011747611438174784,-0.02211907964492547,-0.02277490643575734,-0.018769874271325076,-0.021644785288349528,-0.02204060837351977,-0.013922891702775017,-0.02215671830771182,-0.027145084815599258,-0.022964439782501955,-0.02563104522807495,-0.018108410007997715,0.008897640668448817,0.027736013941964306,0.05291265826757267,0.06273073571877023,0.11097935916768946,0.024739491310939183,0.08204126498981079,0.05161965321364548
2019-02-26,-0.11754747030699475,-0.13951199120534033,-0.08224474968571875,-0.03746750565053277,-0.011071634585280302,-0.01357450200265801,-0.012226121209933716,-0.011034090837396112,-0.0009139961859983003,0.013700204436852381,0.10951202458639386,0.06779135583839462,-0.01177890839170607,-0.001930779873146567,-0.025001984141181193,-0.018036841687306016,-0.02219208750579149,-0.013618167989703464,-0.011332322397463438,-0.007500206902765723,-0.01174552372806866,-0.016259571181888255,-0.013965808062910886,-0.014203398279569216,-0.007455915614011488,0.026531480120738138,0.05788790190519855,0.09180685248335418,0.10325818088175846,0.17495380723374895,0.042461837328869656,0.13384910995537927,0.08742210972548896
2019-02-27,-0.010978164828730227,-0.00845874132748333,-0.020788057739653826,-0.03276047352896535,-0.01044735759194193,-0.013562787345170099,-0.014253441309877601,-0.012889432988927751,-0.0010801347586892145,0.007233831303663803,0.09226997890266257,0.05719264788090713,-0.01162398685097532,-0.004822615165945325,-0.02274706190783989,-0.0186770539658306,-0.021085614218576392,-0.014826794056624237,-0.01035261604664702,-0.007077416137936332,-0.011118529278089243,-0.014202386698858168,-0.015336225893273436,-0.01347231823014076,-0.009913413688970548,0.020369526280658985,0.04740629848062472,0.07740235921452587,0.08725311638641593,0.14610374492658096,0.03509254751891907,0.11280208948009178,0.0729516829243894
2019-02-28,-0.048311987996414896,-0.019058720150014235,-0.029359653260806102,-0.008362518147128739,-0.029466564417151453,-0.03553656836153044,-0.03432957022164699,-0.03477150368366585,-0.0014789322645742213,-0.02468526757077279,0.01451100173245005,0.008717497667743915,-0.03252210869583472,-0.025804589574732677,-0.019481492088315733,-0.028430765244079836,-0.017216157912185892,-0.03172321831343764,-0.03074481061497932,-0.019905176528688468,-0.03201906905790045,-0.03897954429713035,-0.03235365696561517,-0.03712013805621428,-0.03144195016836034,-0.013042136763877407,-0.006336597011283788,0.010028201602013157,0.020382273257477657,0.04716268898368803,0.006635984253557048,0.026924892174509846,0.013708454011283955
2019-03-01,0.010938777082983334,-0.04016946269048797,-0.008602228511087162,0.0016896829209314863,-0.015775359139402905,-0.0203439867032366,-0.016229210517332504,-0.017110854018411576,-0.0009850184816115142,-0.020319524916651233,-0.020217043752711678,-0.012697024169701976,-0.015899811344424936,-0.01563440337408058,-0.005842159026356282,-0.01086113513529933,-0.005463940031897725,-0.01394543463442203,-0.017039845663215186,-0.009979441077092291,-0.01705772965120052,-0.02080682091196569,-0.014076744493845439,-0.01878823677986337,-0.01598665611723919,-0.014563888386808147,-0.018196939212968683,-0.01801300301598226,-0.01593222576108566,-0.01993800619222874,-0.007703357060096394,-0.020538057339547795,-0.01530700112780714
2019-03-02,-0.013381407947157994,-0.026732811588030536,-0.021204951867426953,-0.0007853642488073002,-0.014225091121719657,-0.018266792968905026,-0.012258092603058065,-0.012903861918174128,-0.001808526080029793,-0.017516249597785638,-0.010351325861649663,-0.006349808201056166,-0.01394174482773695,-0.0110972845962977,-0.005229994180074045,-0.00853453070492242,-0.0036978295701161437,-0.01017329323772831,-0.014811264226627449,-0.008810592510191265,-0.015248709256550086,-0.019182068970426513,-0.011068373320178774,-0.016911580573304146,-0.012224073313117442,-0.00963584715340963,-0.011299628200328074,-0.00993501144093667,-0.007184564995755298,-0.0069197116630024995,-0.003982882622892703,-0.009239810246373695,-0.007551132706564563
2019-03-03,0.0361117214092174,0.009744671487544801,0.0018759199110688722,-0.00200252946401136,-0.001609894523870577,-0.0019858917496907345,-0.000607288873217667,-0.001282653047171678,-0.0009574133916985991,-0.004798493322388057,0.0037993119095286096,0.002221685514537756,-0.0010888345338499288,-0.0017385892138446952,-0.0008317432549582726,5.0444464687456524e-05,-0.0005391779428342384,-0.0002119229520876805,-0.0011977848497304322,-0.0009448467757525355,-0.0017178560487375687,-0.0035275101812137777,-0.00020595631770200148,-0.0030486624332353904,-0.0010885094888468672,0.00040446451804706146,0.0022202002832155308,0.0034469640145600167,0.0030220854743371697,0.0037229834449859687,0.0012589703128706258,0.0039756942315761394,0.0024006939459860397
2019-03-04,0.05672864010248994,0.06724156179743297,0.036115086679423314,0.0013046793920172088,-0.011256439171848895,-0.014818216314791558,-0.009637365039997311,-0.010805689020554787,-0.0012816176659041407,-0.013356612796352843,-0.009262447995289117,-0.006138701862262508,-0.011146726254093705,-0.008610513724288301,-0.0017446170675583517,-0.006055796123388764,-0.0022566412075422093,-0.007973083791262603,-0.01163365544595448,-0.006865563509475869,-0.011773374743100659,-0.017103108715621634,-0.008899430036752124,-0.01383034049661891,-0.01007139375937823,-0.007341461705997847,-0.009105183717160218,-0.008099017932538052,-0.00752580621218879,-0.00837967222039726,-0.0035294553687850914,-0.00852518492925558,-0.0059583454052623
2019-03-05,-0.11569114276465371,-0.09673659257768848,-0.054994516889348276,-0.003449208747146789,-0.007135505262961139,-0.009139777435324348,-0.003743833060346683,-0.004008608061583985,-0.0007571958131678732,-0.005832391073911462,0.0022478471526736024,0.00012135785358206401,-0.005921368345445248,-0.002758228699650959,-0.003289198557815768,-0.0038258512467808834,-0.002612026801042037,-0.0033664049269344076,-0.007248648585433652,-0.0034524978137847975,-0.006572892895256348,-0.009810773775593992,-0.004635106098568542,-0.007573869394552624,-0.003513943940727534,-0.0011361542398361142,0.00022066631230543976,0.0014056260039101431,0.0007819891658327194,0.0019166604081242156,0.0005204969753827745,0.002400551560991282,0.0015736113743868667
2019-03-06,-0.0009900440390047116,-0.004717096903995355,-0.0065309399600102696,0.0081131413186973,-0.027154977104718963,-0.032972258084541885,-0.02934129722432151,-0.0309510112248003,-0.001301468843097749,-0.03381126973037555,-0.04011041214340002,-0.025554032081816835,-0.02921768855916233,-0.025889515432007276,-0.009660464395978488,-0.02246618165870995,-0.007304496588336799,-0.02570785156774284,-0.028226517975722842,-0.017988965803845087,-0.029064067664764142,-0.03548691418257851,-0.028023400021644978,-0.03360201755074321,-0.029636942110591608,-0.026698052595288974,-0.03625969005895483,-0.03600366830005264,-0.030812384600412912,-0.03809511152685996,-0.015411624857835982,-0.03945149393189743,-0.029789971975540414
2019-03-07,0.013287566737011147,0.036631846174329276,0.013175164807119147,0.004024599043299955,-0.01765757949007855,-0.022454161589404425,-0.01721342114866964,-0.01893297854535092,-0.0011135793172085684,-0.02144651174062447,-0.022239553736615864,-0.014298041701166811,-0.017821263036336948,-0.015608059240046934,-0.00575452019460491,-0.013038799894615613,-0.00449620795257714,-0.014797351250643409,-0.01877433461033669,-0.011452027681411181,-0.019237685058733096,-0.023610729341204895,-0.015804907562041965,-0.02158965944856206,-0.01819934639422094,-0.015082939667604064,-0.019891313227385687,-0.019639738966583664,-0.017026800283878114,-0.020980342492741205,-0.008766723059987195,-0.021824561868601933,-0.016701271064681222
2019-03-08,-0.0087575271828233,-0.029130037146587167,-0.0031749088461460553,0.0003984561776017396,-0.019608102073139715,-0.025196027920409907,-0.019479604283378176,-0.0205073744595247,-0.0016230315198617618,-0.022621161078354806,-0.021723538977584056,-0.012673696519712804,-0.019591166454894154,-0.016598563861052778,-0.008846509370479705,-0.01407957113267333,-0.006501799938474662,-0.016755882790396193,-0.020200813324967665,-0.012514331171435819,-0.020897860650668676,-0.026197165764902053,-0.017931452556143295,-0.024189152000111847,-0.019966698722320448,-0.015529521872912197,-0.02019661366806839,-0.019451097174390124,-0.015402216653855957,-0.019691680702252096,-0.008192061966112144,-0.021120235687987748,-0.015871061200050995
2019-03-09,-0.009829556528217894,-0.01816028283870767,-0.023151089751779114,-0.0011409904471474757,-0.00605843105480434,-0.008698189805993314,-0.003732658746995021,-0.004582848640275768,-0.0015229902469447627,-0.00905424163345033,-0.0013666855977154668,0.00038822508872697153,-0.004877024442403233,-0.0038486307368481576,-0.0005016862592935508,-0.0013821664881804214,-0.0008672248198754081,-0.002628559903255242,-0.006093608782148152,-0.0031814677080905795,-0.00608187811511159,-0.008594976602000296,-0.0031087208739674446,-0.007311559524796489,-0.004813375842519285,-0.0020195819879287313,-0.002096021837539652,-0.0013345663079000758,-0.00026076411316082,-0.00114751021077808,-4.005305015356934e-06,-0.0012909598477334565,-0.0010776257299811576
2019-03-10,-0.005635931999200761,0.0048495999786144495,-0.0020111049353094637,0.0032812382273842053,-0.00678067272965895,-0.010081009660555473,-0.007028817097398961,-0.008484288320008323,-0.0009013267531242283,-0.00905802755119615,-0.0035944546013496983,-0.0020283252005715013,-0.00719150497595263,-0.005791025062025668,0.0007551491735235949,-0.0036059490371238567,-0.00039444982773003307,-0.005993105589808738,-0.0072799707269550025,-0.004229968084549303,-0.007582043587416543,-0.009915776179662513,-0.005984500374673611,-0.009352908177318634,-0.008280288576048159,-0.0045065453446951525,-0.00454310590823918,-0.0036878820467416418,-0.0025854142461637273,-0.0031254037228677,-0.0013661471291343357,-0.0033287544009557024,-0.0027212067133251714
2019-03-11,-0.03168119379023393,0.03554571109223037,0.0092620854003993,0.005369621175517795,-0.02545910759945554,-0.03119532910255825,-0.03003474510687128,-0.03229834001740587,-0.001239286594998686,-0.031135741484691337,-0.034205428467376287,-0.021196612814597355,-0.02776163859808071,-0.025531393450505924,-0.0099605099081983,-0.02150365886927001,-0.00838501449323914,-0.026003301544264446,-0.026138124152926306,-0.017245907137887134,-0.027690015950141422,-0.032052098051543076,-0.027328207551241174,-0.03212497913528445,-0.03148136506079139,-0.024337340404411673,-0.031582752283476324,-0.030875879539611795,-0.026043405132547253,-0.03172540656071199,-0.013175702587041963,-0.033223891557651854,-0.02484814736759026
2019-03-12,-0.009641442636622847,-0.05541243464073098,-0.009527334480342375,-0.0005944792934512814,-0.0220543591018106,-0.026414315233971013,-0.025790223552820162,-0.02757544648096477,-0.001459936455930529,-0.0280429022870979,-0.02951733252833429,-0.018086344221622735,-0.023654521406941242,-0.023196588429914122,-0.011481489326372015,-0.01850954512461082,-0.009670408813856687,-0.02300457650005387,-0.022536215203967497,-0.014784762635927429,-0.02366761376719584,-0.02807656490852158,-0.02312973473408479,-0.027165898920933945,-0.028391863787871213,-0.02180491879648964,-0.028101072891105083,-0.027118146169537855,-0.02201633068643834,-0.027793074522558154,-0.01073861949498293,-0.029037132616154555,-0.021755966031374935
2019-03-13,0.0063669606406383155,0.025197331962999375,0.011584001341760816,0.0010168347120531607,-0.019938143359956584,-0.025523490146391953,-0.021940672514534576,-0.02333035408334716,-0.000987780411524734,-0.020550738385611684,-0.02160708158872578,-0.013923319628819838,-0.02089122503722211,-0.017874318148064578,-0.00681977480187627,-0.015477936851336397,-0.006455000641974055,-0.019260150689516625,-0.020601927131227882,-0.012967994509329728,-0.021094989454963315,-0.026082736884813624,-0.019586536023310803,-0.024345442268359403,-0.024315134391942255,-0.015870108496145303,-0.019473407728577346,-0.019829723699805513,-0.0166065220455834,-0.02060978278342329,-0.008194504499483557,-0.021513268322710093,-0.016265014599193012
2019-03-14,0.06850696610214706,0.06685892511340501,0.03154132962311351,-0.00022243407661015624,-0.01988681780939731,-0.02424125838272939,-0.02630614624899093,-0.029016438370332704,-0.0014316415329795145,-0.025995476246547078,-0.023412941915041213,-0.01551853054765632,-0.022871866857012552,-0.02217422254871663,-0.010077459150506249,-0.018708856167941452,-0.00892489895748542,-0.023768520931408094,-0.020233368419869596,-0.013511336305088939,-0.021635965041798617,-0.027457791420248217,-0.023822762377953666,-0.026798849964939937,-0.029884645672946242,-0.01821295777650711,-0.023143862109265594,-0.021773108580458,-0.018034499325544573,-0.022527153246439724,-0.00943700711808996,-0.023094359396466757,-0.017735579230091798
2019-03-15,0.04258439254694357,0.02431945994597484,0.031485174436700326,-0.006957078953092832,0.002420102824486866,0.0013672639864227658,-0.0016867947087139494,-0.0033370941963735135,-0.0002198656493153095,0.0010290138931020227,0.01083662441013337,0.007189639788074409,0.001019858688879438,-0.0013257477245340137,-0.000906129851453071,0.0001858333315496452,-0.0027401976905426415,-0.0014611948142360849,0.0025630218988705877,0.001178305460581915,0.0021737869105467786,0.0010217147916990281,0.0002688645419321271,0.0007287902058864167,-0.006556999598667623,0.0038718585158908545,0.007457814680826995,0.00958299533851322,0.009813199419526816,0.01093572838799517,0.005036662153139322,0.011708206384860217,0.009032765611700336
2019-03-16,-0.03694918654635885,-0.06998036085130972,-0.049858502526221336,0.004309293977831234,-0.03305311872504498,-0.039252133476079365,-0.04280990360960294,-0.04575062650518872,-0.001353993390968533,-0.041518096943753115,-0.04881238440095744,-0.031775917468042536,-0.036669333908372494,-0.03664310497362925,-0.017372771921651136,-0.030590299649121338,-0.013741613104207554,-0.037909054585865874,-0.034486834077238925,-0.022247748820716673,-0.03552330945379012,-0.040946045133016064,-0.03744001641724667,-0.042903229066898696,-0.0468525228271656,-0.034555069342451894,-0.04468994867474733,-0.044523070422433676,-0.03742911802217078,-0.045864991496759565,-0.018983821411966712,-0.047837005289516434,-0.03573517825960456
2019-03-17,0.023867716165436075,0.0032311468057922474,0.00016210754310404715,-0.003253200992179295,-0.012249111552813238,-0.014839312131592544,-0.01991282702079052,-0.023043037702392393,-0.0008797126989289102,-0.016802060828685406,-0.011245435550968944,-0.007292773021174999,-0.014954880438110033,-0.017461193494554255,-0.008725787736760804,-0.012552596383200054,-0.007956063009075068,-0.01773980026551077,-0.012570849663666431,-0.008728010239820469,-0.013428848952586373,-0.01729919173743048,-0.015913457016316634,-0.01786938205926199,-0.025899847066530295,-0.01154378770773897,-0.0127289630708729,-0.010866831051505285,-0.007441192600755227,-0.009729666415702276,-0.004057422234472104,-0.010355838019646235,-0.0075942178468215715
2019-03-18,-0.06376440444530651,0.03499693267475509,0.004371375914643612,-0.0008261829758945775,-0.014178774394312773,-0.016784245114148,-0.021987822134126016,-0.02493895079867503,-0.0008903761814401298,-0.01945959982445178,-0.020766474929934848,-0.013583764227757497,-0.017416560869694564,-0.018742034324353025,-0.00880406309028133,-0.014798133944693722,-0.007117221833799074,-0.01966136272722026,-0.015125695078045768,-0.010316921281634231,-0.015574576149850472,-0.01838612237418887,-0.018020897801934055,-0.02016392802229235,-0.028366305195311508,-0.015745903266607186,-0.01997323020175183,-0.019682934612615572,-0.016639008149577823,-0.019912691369121067,-0.008505707928403735,-0.020815042224875846,-0.016118015155323445
2019-03-19,0.029545725370540826,-0.02256898632317128,0.005047486725772228,-0.0071572608194401255,-0.002102752297070983,-0.0032660041773159656,-0.009036044075968993,-0.012613271002709148,-0.0005042514964805159,-0.00652169617123229,0.0005561236540806055,0.0007520710024785752,-0.0036819384914027844,-0.008884433763483024,-0.0053123591805081345,-0.003479887999305653,-0.005490537658072725,-0.008711150743640594,-0.0017778376943464735,-0.0015601909499481554,-0.003152126056286342,-0.0038682119487190767,-0.005439470666142772,-0.005438094881828448,-0.0182400646200902,-0.003098396444926562,-0.0015766681995668108,-0.00019674880235835227,0.0011624449135118435,0.0009707653456446271,0.0006700193051119759,0.001112459150465206,0.0004699369894209937
2019-03-20,-0.04362768624574054,-0.04000599057424633,-0.040077101447423345,0.005567831370921243,-0.028439475862099606,-0.034434663629353025,-0.036688172658054206,-0.0408249200447622,-0.0010484373509145328,-0.031633881027491206,-0.032931836853357176,-0.022298108332572102,-0.0313871006244734,-0.0303105740956721,-0.010214886135025006,-0.023590615539696397,-0.009295769647727306,-0.03275993829248384,-0.029162368289574008,-0.019118453298982985,-0.030551965702395673,-0.03746501841017835,-0.03111466486641608,-0.03681877740463957,-0.04496557587199609,-0.025217534860579427,-0.03192377033425172,-0.030333027616585184,-0.026001677488484514,-0.030840209173680282,-0.012849850461661797,-0.03248330413893689,-0.024193951035276957
2019-03-21,0.009396657757606786,0.031925845297270904,0.004178063840519701,-0.004512040186928227,-0.01819488203742085,-0.021599607966011014,-0.02861162605366167,-0.03196502324317289,-0.0008028864374841996,-0.024295274800375743,-0.019745759602853557,-0.012364560187027548,-0.020738340174102216,-0.024970229274369277,-0.013260896334993314,-0.01799469996139595,-0.011912939021378577,-0.025416140005976768,-0.018312955788553076,-0.01241177328709823,-0.020205313573316452,-0.02422652050625936,-0.02231986822875598,-0.025149138182642083,-0.03831489683139585,-0.018535833875466718,-0.021520357480648695,-0.0194601247943685,-0.01486252175802368,-0.018021235759303107,-0.007028596543161865,-0.01848888393312335,-0.014062202548055383
2019-03-22,0.020047500802053236,-0.009710430922390914,0.0034386903746804385,-0.0043361513229926985,0.000517465648730564,0.000497836515585881,-0.006814054364214783,-0.010037532894706658,9.568155879395117e-05,0.0006065317470339929,0.008150519098207631,0.0046596225886771,-0.0006251352949530423,-0.005357803896420599,-0.00027089443282690695,-0.0005084686990481183,-0.0015951158700768058,-0.005912608463631545,0.0010411118358923943,4.6840106950737e-05,0.00019536909406999334,-0.0006101490722857742,-0.0020068599513631824,-0.0016425359759280056,-0.018468356434697242,0.0015395941714523669,0.004662185707660231,0.006198326518640347,0.005841214477991426,0.008110755279564804,0.003006863820828857,0.008368601454158409,0.0062374442513994195
2019-03-23,-0.01238970253125767,0.0033656711140332973,0.006151849414390102,0.0011539901322181005,-0.03413706300159388,-0.03989712952097039,-0.04804452711349061,-0.053218071094323825,-0.000596965002248003,-0.03977752260023829,-0.04533115363785889,-0.0301016718222152,-0.03876369411792583,-0.04078121115255229,-0.018017407718130023,-0.03288739682055356,-0.016131010919866167,-0.04271758303723475,-0.03511860819649204,-0.023435597744879466,-0.03636078009483423,-0.04218945276122573,-0.04136248385788418,-0.043912007421467024,-0.05904525319260697,-0.03479912297608075,-0.0432997327485826,-0.041708767751188404,-0.03556412512411574,-0.04334134927152444,-0.017278393776045675,-0.04470035041341299,-0.03359744721674485
2019-03-24,-0.020448087613293826,0.022089764244480687,0.015470569965116532,-0.004311780473716276,-0.008443229355659554,-0.009588517708381575,-0.024383814123226877,-0.028774129809241877,-0.00043907376633060363,-0.03131390924374452,-0.028978262893619267,-0.014284501494010726,-0.012888363041183718,-0.02725126224494841,-0.010493475410592978,-0.012249230289469004,-0.011659113304396248,-0.022214080377278417,-0.008265098502083568,-0.007099201651975602,-0.009984833071530197,-0.01265557730928979,-0.016978615132977676,-0.015783652046291508,-0.03989871190777242,-0.02465600064369629,-0.048403109630241005,-0.02796705433689084,-0.018163866568526348,-0.024292272551923826,-0.008356005245374831,-0.024872578642803234,-0.0178732776192921
2019-03-25,0.038357641236632066,0.05123047469238706,0.018429559476239216,-0.0037591339318687744,-0.01983517847720447,-0.022185648393291697,-0.04128760238381446,-0.04623784385048246,-0.0002656784822467155,-0.05989357385477471,-0.06937561198363588,-0.0361773338344884,-0.02555289190484385,-0.04598117896728304,-0.018097347720404205,-0.02394375162226166,-0.01944023590241321,-0.037981293698196396,-0.019736025739673774,-0.014788033879863013,-0.02212876491572935,-0.026700398663458635,-0.030804314759553364,-0.030784806596690178,-0.058870097026281876,-0.05035931449198324,-0.10631459789757199,-0.06525778348968014,-0.04440719485497505,-0.05919353077360778,-0.0213966365088701,-0.061682192211754604,-0.04555331307619426
2019-03-26,-0.009685240387425539,-0.04228477099419662,-0.0026532379142937637,-0.006400126215038012,-0.019304484646753828,-0.022708204024657046,-0.044284969362182736,-0.050111240278471435,-0.00038110237036400224,-0.06056322363514847,-0.06727132629321157,-0.035869394180952106,-0.026353154208705654,-0.048869736459182946,-0.020724857296433807,-0.0246615471678225,-0.021846915898594926,-0.040445988222927255,-0.019129695968488274,-0.014586093663391845,-0.021902911243703176,-0.027409731140619325,-0.03319811651316673,-0.0319146686888662,-0.06448395279190262,-0.05059840664803872,-0.10463280339373693,-0.06355529755588041,-0.04361610119367754,-0.05741332593001521,-0.02105124110266428,-0.05924752141661601,-0.043367639817155634
2019-03-27,0.0514543133555169,0.03320458751259311,0.0022614510174054914,-0.011813448480264555,0.012233227814155256,0.016348672555990557,-0.011077172961520295,-0.015498472136726468,0.001124090827213801,-0.028100228087464707,-0.026462814701244675,-0.006634322818114195,0.007003945737575161,-0.021488615212685563,-0.007318583821260383,0.0012311749996802845,-0.0115528847480905,-0.010640366771721569,0.013390712936164562,0.005889418064745004,0.011642417989078169,0.013273590385360023,-0.0007472959744081464,0.007012830674265835,-0.03406111985231094,-0.023340995261982894,-0.07649729538096632,-0.027383965702768503,-0.009384461464606217,-0.017232839944676392,-0.004125670517603079,-0.017991536106229056,-0.012555035619794689
2019-03-28,0.014614690929069122,0.04012074470122773,0.011008373055870694,-0.006013420737516799,-0.02126307693370884,-0.024219982465600864,-0.0469618025474429,-0.053609459736045174,-1.138122814984636e-05,-0.06576106769118854,-0.07176060702612563,-0.03653814868521336,-0.027738888206256362,-0.05288904581435746,-0.02216857066836549,-0.026578153879186495,-0.02366844387766213,-0.04343761847138072,-0.021460388876270997,-0.015923523147137075,-0.023314551942134425,-0.027860963328265004,-0.03443595984542321,-0.03273862996646374,-0.07049177369626936,-0.0544942043463171,-0.11252334796032848,-0.06767290595256654,-0.04499415367833818,-0.060600295122624104,-0.021435578157090223,-0.06295058743944448,-0.04612422853365317
2019-03-29,0.03409113152419222,-0.0176174258552404,0.002678614854620361,-0.00570329657962206,-0.025453460291587977,-0.029490876515070614,-0.05201446636420629,-0.05862328907737169,-0.0004848258386707845,-0.07031142076542334,-0.07488195466816983,-0.03939271258527496,-0.03241489683819173,-0.057050170268113355,-0.02223239201847127,-0.02949229132874927,-0.024143358744609007,-0.04788973869370198,-0.025449605015017102,-0.018632827729908524,-0.027725789119118716,-0.0330009378911873,-0.03923170873399654,-0.03728848520138831,-0.07591341601470258,-0.057412604465861904,-0.11533330300135347,-0.07081552789536705,-0.04834579549774679,-0.06393689771937498,-0.022941561395588412,-0.06654085773194662,-0.04799229726619695
2019-03-30,0.03067485362993357,0.01144383232139005,0.011138170818309886,-0.011159330665956388,-0.024799739512305113,-0.02904353841274047,-0.05141235511391873,-0.05865424880683475,-0.00031739638488037514,-0.06863262092626687,-0.07210768222896598,-0.03823453628762715,-0.03142023497565353,-0.056438548533522,-0.0265489571136935,-0.0313584391190919,-0.02678516857377596,-0.04760293163215638,-0.025335342215657402,-0.01801587480543561,-0.02720820130565471,-0.03262532757079809,-0.03855461386817094,-0.03635351641779986,-0.07752975355083376,-0.05587264877918644,-0.11167880987706003,-0.06845213297166335,-0.04671669741729042,-0.06165744752384613,-0.02176713046574008,-0.06368339454557208,-0.04699094447505825
2019-03-31,-0.08408030154212136,-0.02511238994336414,-0.027381577400455253,-0.012726592680804671,0.00048695388636114484,0.0016725335474371643,-0.024079595739532184,-0.029832100067587557,0.0004721333704633679,-0.035506778123874184,-0.028578165720081355,-0.010502389106033405,-0.00536141347940422,-0.030961634181941793,-0.012558065782910225,-0.008728315371377823,-0.016037489323025806,-0.02327567914309873,0.0011268665078748203,-0.0012712183465876474,-0.001019089036421524,-0.003759491334295243,-0.012357621868638388,-0.007790674388403751,-0.05127540503401503,-0.02786083329595505,-0.06927318114801444,-0.028969396181917812,-0.013140390079362815,-0.020996264412279864,-0.005608379904969614,-0.02116583458403613,-0.01466528357353288
2019-04-01,0.05702576274749808,0.06056971133093647,0.017961177514298637,-0.011537363039811233,0.0018155146640301822,0.0022265429542134285,-0.02109679319612212,-0.027054249969467925,0.0007752889267056418,-0.02537973169231922,-0.017838047475012015,-0.004914582619117702,-0.002963707992883554,-0.026517220096392496,-0.010274080804552868,-0.006456199704805894,-0.013433678681091207,-0.019732716282094092,0.0024959382122160534,-0.00024308701047311607,0.0009426110590678624,0.0006386400534434955,-0.010270733021131425,-0.004226074468253849,-0.04759496231391284,-0.02008772340754561,-0.05234515524764246,-0.01872629938827804,-0.005979261293768505,-0.011302130194880355,-0.0020836041140179042,-0.011573174740803141,-0.007051691325290932
2019-04-02,-0.004828706198531633,-0.04030763007454219,-0.0033769213599489,0.004843728991609749,-0.041691014293658846,-0.04702696593938693,-0.06188474429315013,-0.07074156423785875,0.00020559435657988936,-0.0576492821534611,-0.06148891291193159,-0.0335578564491712,-0.05936566324855471,-0.05677312698599124,-0.017374627406537762,-0.038721100788578156,-0.018422092370048365,-0.054398124480775266,-0.04220344691727392,-0.03286407573799307,-0.045796943259492316,-0.051307053756810404,-0.050657276692500496,-0.056208350123746996,-0.08801942293212466,-0.04817310503729999,-0.08647833284427353,-0.05802593644251738,-0.04042740515237497,-0.05365859931906888,-0.019184911990334896,-0.055446406792035795,-0.0403734222166913
2019-04-03,0.06021092459366736,0.07414804325003062,0.04553496780672924,0.04535999810231436,-0.09709935746184122,-0.10334845568649342,-0.06469102118465624,-0.07800309364981543,0.0008817900118325284,-0.019409500208392494,-0.011374834708550866,-0.001508888435116577,-0.16914098340823389,-0.0334351566395128,0.024628047473491083,-0.04023017287364006,0.01998542957551397,-0.04399126077076717,-0.09578639624545844,-0.08734505277823335,-0.10937077431508513,-0.11010815896088684,-0.0649415540203669,-0.11078738138778436,-0.07655270682070488,-0.014095992759052637,-0.04362351528947528,-0.01304599271040511,-0.002362458195900826,-0.006176303251090864,-0.00044689243135920265,-0.0051957302556937535,-0.003170059098905812
2019-04-04,0.04660676205838277,0.068467340445079,0.03409421630205115,0.04095701316093869,-0.09567877402049252,-0.1000519365784361,-0.07007716267369446,-0.08336960958012678,0.0007120431461832647,-0.0271642448389926,-0.024730121607780653,-0.009834260024249216,-0.16943279287723426,-0.040182772757953344,0.018385082648848083,-0.04502781368965033,0.013765711629098417,-0.05009810283282571,-0.09404017366915103,-0.08672009180458584,-0.10814648829418338,-0.10798475944611319,-0.06943670030630027,-0.1120333316578644,-0.08578390927560402,-0.02155767811265689,-0.05844334632455617,-0.024851973578707387,-0.012203111600840385,-0.01827835989529092,-0.0054713612464786605,-0.01903702872395267,-0.01295579523213064
2019-04-05,0.02925685853221986,0.005623371411839291,0.015633726240943762,0.04575283061500398,-0.09151626746364361,-0.09540343824715099,-0.06158912516414065,-0.07432276545220458,0.0015252059267553502,-0.00800459655982048,0.0010026717933217337,0.005950340818015339,-0.16590862802744985,-0.029058491217748877,0.02928137176942691,-0.03563195144900918,0.023548386681081723,-0.040531328389976196,-0.08886838915059325,-0.08471912812109335,-0.10394412567789472,-0.10263978383355206,-0.06143888151046687,-0.10576511168730136,-0.07500917441972099,-0.0055837499943140285,-0.03531773053024079,-0.0024366913264618852,0.0070933677796902,0.006241367646170559,0.003792060499671438,0.006744942381846641,0.005555295161693803
2019-04-06,0.015303041912831272,0.05188767390439667,0.032982922924741885,0.0448365760975431,-0.09428713424062767,-0.09952672166378207,-0.06809681957310065,-0.08117135571397416,0.0009927840735336109,-0.020326649358568833,-0.0161922520643009,-0.0039653484947530515,-0.1649215757820235,-0.03738580857292462,0.0223870010623739,-0.043325008396840836,0.01684884340793058,-0.04880820454381555,-0.09254411178043635,-0.08576819642367717,-0.10679498622702226,-0.10646007586401603,-0.06801977333204363,-0.10883835679927589,-0.08480297109670598,-0.01604122729197736,-0.04548222192754962,-0.01670921442466966,-0.005840914532790897,-0.01078081978393571,-0.002252917612305616,-0.01092579308868539,-0.007390689126869947
2019-04-07,0.025068497033448562,0.015984572054399553,0.0017365125726322244,0.035305460750261496,-0.07658774109274062,-0.07966033288627639,-0.050778178261958296,-0.06342024722896156,0.0007014819270887429,-0.0016579216939052917,0.020604046562772222,0.018811315226446485,-0.14893605161347198,-0.022456043043679468,0.025969238714565062,-0.02915076128712002,0.01881535701891579,-0.03359632729534449,-0.07455244468527944,-0.07344190280850309,-0.08812769403632448,-0.0862154505308889,-0.050295189324349586,-0.08969774081713104,-0.07005746070416248,0.003281248478276192,-0.011295241894468214,0.01574203384862945,0.022253146656208738,0.024090629472475793,0.012049378507570374,0.025220514945463773,0.02009069554305576
2019-04-08,0.014681288645673826,0.04441245076125503,0.01046797158627862,0.036609502643274304,-0.10303726912617191,-0.11039689689823924,-0.07780160296383887,-0.09037911738891442,0.0006590629934081585,-0.021209017814377635,-0.008681598987085573,-0.0018364803152506326,-0.1763432669516177,-0.042788235783261484,0.01436060716679366,-0.05129205885942856,0.009954633011660144,-0.056602387228254024,-0.102370932155386,-0.09078369897501688,-0.11643075753907084,-0.1180988094092837,-0.07603325810205686,-0.12045824017776792,-0.09566265432320738,-0.014708497817870795,-0.029051647056945445,-0.01026850701519777,-0.0016768828731397178,-0.004461234333334119,-0.00012069253057767071,-0.004340370703906989,-0.00258859757247946
2019-04-09,0.057343262776172445,-0.014185924347727585,0.016995208071949246,0.0320664777655025,-0.09356319372378508,-0.09993212838309991,-0.07466098507333847,-0.08796127620417267,0.00029653950252583883,-0.021142029704183923,-0.009921807697281793,-0.003640427113763778,-0.16043163079420855,-0.043504374294525285,0.01234439897245787,-0.04794850391499613,0.008199561920176754,-0.05577535420175798,-0.09203585453733225,-0.08252346841584253,-0.10574371873657433,-0.10746678706640427,-0.07209859763709137,-0.10966931616760316,-0.09916410226240213,-0.015767972628809208,-0.030820704128708225,-0.011623340503609766,-0.004247191997713766,-0.00652043933275485,-0.0014322056933320226,-0.006397786401096006,-0.004001016832168543
2019-04-10,0.07413252199053133,0.0783426014501103,0.04331419981771667,0.019630812600839914,-0.04754969448365406,-0.047310761596912165,-0.03975476924874203,-0.05116294521282594,0.000950174877032417,0.006829903616604997,0.0293020427521844,0.02215457554769588,-0.09948586869687344,-0.019641871393932142,0.019550826315902842,-0.01891232035321651,0.013901321266102329,-0.026586607568278648,-0.04490122271853725,-0.04919002879511414,-0.05609353136178393,-0.051946089057476406,-0.0349594010688851,-0.058262162814422126,-0.06572273442648147,0.010125315078360527,0.0050983631067994155,0.023196167711573363,0.02660430810944033,0.03050220148533474,0.013352661282220643,0.0323034982193775,0.02462416581129201
2019-04-11,0.018592722746790507,0.019582086816375337,-0.011842157251281312,0.0214690850689155,-0.0759200136457648,-0.08197387073220981,-0.07709550830233998,-0.09082699738658118,0.00023659949479496825,-0.0369372530039452,-0.025921811691874613,-0.011949972864853406,-0.12809314923997217,-0.054917031358501824,-0.0008550018005513138,-0.04850242857056397,-0.004420064289226329,-0.061174452711167504,-0.07470617132620176,-0.0675536269796367,-0.0868753399934663,-0.09072512904795478,-0.06937962654834558,-0.09591181619705876,-0.11210128974362643,-0.029031458872243416,-0.047297116957673246,-0.026143731408226383,-0.014612697997609855,-0.021682706633031696,-0.006615500228715672,-0.022182151182951415,-0.015559739071091983
2019-04-12,0.012741798046158307,-0.027614070798939256,-0.009253330314046218,0.013391529028309238,-0.07655446581219365,-0.08238068963074181,-0.07762080674342986,-0.09212352435148959,0.0001362575445954898,-0.03427155685659026,-0.018582193869018344,-0.008917855900206698,-0.12997460629198324,-0.05578667654318684,-0.005972907291212692,-0.0494425098266816,-0.00840376644325976,-0.06256096032736409,-0.07530032153087607,-0.06732872784548032,-0.08736139645228747,-0.09170867223699819,-0.07020130867710635,-0.0974673205432796,-0.11357516891118043,-0.026009438212687346,-0.041748291959043726,-0.020157926497021233,-0.010305833022980456,-0.014190943295054659,-0.004977123957115914,-0.014119682700959757,-0.010077663942331819
2019-04-13,-0.017473796858790063,0.035995892862915525,0.022665081388108632,0.006008711444578374,-0.04511441457481169,-0.04579790060600756,-0.049878506753024965,-0.06152615801049185,0.0005180390787791941,-0.006723337450593725,0.02161158227115075,0.016628318461643588,-0.09250530407130568,-0.03471061963330838,0.0031597288906139256,-0.026616274398309454,-0.001316573801111313,-0.03906526771129629,-0.04290570692611073,-0.0449527193159008,-0.053162352868815134,-0.05341092925158719,-0.042166147203980785,-0.0600130054100673,-0.08609235313885548,7.810919657558202e-05,-0.004384983060303623,0.015558269218105103,0.020674900403580665,0.02372291071736014,0.00995497871029046,0.0250784145776158,0.019313719883654084
2019-04-14,0.06456589269685893,0.05135981803907619,0.03461736434849142,0.016548465094983495,-0.07467709446092978,-0.08186208957650276,-0.07483056083357198,-0.0892946555640659,8.279990537089314e-05,-0.02755552911653651,-0.00749060721326759,-0.003140370661792957,-0.12488204740841209,-0.04965986948785961,-0.0007786326496404724,-0.048020940145278836,-0.006224009674131281,-0.059830601334884236,-0.07370989546062183,-0.06487249950354339,-0.08501877263246864,-0.08944064970746475,-0.06745199586231691,-0.09404107993581363,-0.11439048323325422,-0.01899003986590782,-0.024631745391949345,-0.009512950247539584,-0.00268374281008447,-0.004253537558245313,-0.0017536743245489816,-0.004479922723160594,-0.0031404334381424093
2019-04-15,0.028720705567516564,0.06026276647939207,0.024985970655666694,0.012656248478351747,-0.07526861837870207,-0.08173001199682339,-0.07393811255185885,-0.08922908825079438,-5.755109499716582e-05,-0.01986571026885257,0.006888462752841977,0.004029947779850218,-0.1284583015562338,-0.048832441138911165,-0.002007036726979994,-0.04743538870872429,-0.005278679575750307,-0.058501532859940454,-0.07444974270394589,-0.06667211501765369,-0.08571331165704758,-0.09036776008880991,-0.06672070864058337,-0.09391789080151665,-0.11483864105137827,-0.011767525954617794,-0.004474919511446629,0.002706807533284857,0.00569533197368995,0.007499397082823656,0.002858473545565824,0.00832617409531474,0.00578093864552424
2019-04-16,0.026016132406792163,-0.019697660069897555,0.014357382043410047,0.00013918260995578655,-0.07062663671983878,-0.07547895304378945,-0.08051762257625288,-0.0960142341230353,-0.00010663421306607764,-0.027372291560261292,0.004558549958737205,0.0033407233617216057,-0.12117678379349488,-0.05923934298422188,-0.012163494541883146,-0.05057764689967511,-0.01533346838585666,-0.06624821256464693,-0.06901238234281475,-0.06293484467495276,-0.08089315360109713,-0.08616797753910561,-0.06964989221381135,-0.09269370811132809,-0.1302608965513811,-0.01737784547698477,-0.011996703262404354,-0.00024920191445983636,0.005306430213545414,0.006239034682336886,0.0028199254493375867,0.007414096756661455,0.005610847658423346
2019-04-17,0.052393878428112974,0.055781503589684256,0.03511234503720514,-0.005568504560269953,-0.06447761153783176,-0.07173684488393928,-0.0800999692849101,-0.09515742122774729,-0.0005904289815938194,-0.03445760188420118,-0.004968536332598046,-0.001971819933622202,-0.10389854284759033,-0.061441490398779365,-0.01713788130062281,-0.048818993456600346,-0.02069955532628054,-0.06804902027522501,-0.06403070689506378,-0.05454822507049162,-0.07312723041308751,-0.07968381092807893,-0.06717482991268457,-0.08546375758493892,-0.1341851612238664,-0.022839222648415536,-0.019315449255414247,-0.00857347514213913,-0.0008195833564090075,-0.0021597024843996357,-0.00037086193737501105,-0.0017702005218624233,-0.0011411885898962026
2019-04-18,0.005854900552227704,0.032755756843525496,-0.005811864363865086,-0.014234236078933371,-0.025243612986754666,-0.026194984016634375,-0.049258976185886816,-0.062344672533825175,5.17460580763777e-05,-0.004754756304565492,0.041246060804321104,0.027361385516808074,-0.054799091009855694,-0.03989224089693888,-0.007562731496317217,-0.023145528584789094,-0.012989980649310931,-0.041839450982959825,-0.02370415271469521,-0.025941602097431904,-0.03090983786426745,-0.032379993132983564,-0.033745044824516235,-0.041017889960215825,-0.10663534530311154,0.005782745938558875,0.020181940704741663,0.032982377968466814,0.035305997286218783,0.042257143673676424,0.017605129932835695,0.044674454695207665,0.03366794211816574
2019-04-19,-0.06687797225517282,-0.04539230313020015,-0.02491217834410146,-0.002455590557843538,-0.06422728044257801,-0.07170299515106156,-0.08591195495424724,-0.10291600428575087,-0.001280391950067165,-0.0492446425522696,-0.02364628235467799,-0.014417859300221991,-0.09358752682959863,-0.06973985977937296,-0.020396364457722676,-0.05329922361301017,-0.02431036174821492,-0.07435920763398585,-0.06424932692156353,-0.051510373029289035,-0.07163523230216473,-0.08103891296030803,-0.07099785188253804,-0.08604416910312285,-0.14569075738695889,-0.03475969449343393,-0.03441557023089311,-0.025085628847850334,-0.016019891661226932,-0.021043509337241122,-0.007327015192656698,-0.020805672420102006,-0.015517459434493711
2019-04-20,0.04852421676879196,0.035161248115397704,0.026363483692018203,-0.08842788792078989,-0.07593258300809769,-0.08521705581931786,-0.13405199938620793,-0.14895131940389147,-0.0010144305304352248,-0.09544242605389375,-0.036035639516137564,-0.021576458760461215,-0.12016834063112143,-0.12802640631241827,-0.21219534753381852,-0.10421088800952145,-0.10971413696594141,-0.12920389705442167,-0.07491025189096885,-0.06404549481271331,-0.0871704087348381,-0.10055346013168442,-0.11491456345507611,-0.11217637918390573,-0.2019461927172236,-0.06952150156591379,-0.0650358254750912,-0.04233624107966202,-0.02250559954873932,-0.02991347728253106,-0.010987310998918845,-0.029905664144327382,-0.021550232205499082
2019-04-21,0.043993147403205445,0.04131210933586379,0.026187835008884146,-0.12689870412624563,-0.07320676285673322,-0.08034471664910973,-0.1436896953089176,-0.1560349103243004,0.00029893091065217686,-0.09859817504928436,-0.014893270742529552,-0.007862717978093237,-0.12321961459044879,-0.14426576025904905,-0.3019422707141626,-0.11954910516304344,-0.14499993840442857,-0.14344367381005294,-0.07126101566405978,-0.06503227022888029,-0.08601342791670301,-0.09824072750230961,-0.12420496900619149,-0.11158252365986925,-0.21448583429976034,-0.0703485891240924,-0.05692984253977743,-0.02574814119165995,-0.0052024641961597356,-0.007959638311945424,-0.002156127407298314,-0.006266780557714864,-0.003966265027980735
2019-04-22,0.04362825924987046,0.03736764867916372,0.0006123282067675243,-0.13327109739636148,-0.07195393939382555,-0.07915393480011475,-0.14455413742261522,-0.15592705012432587,-0.00023894008058652125,-0.10443289388216244,-0.023204638253668364,-0.013057665065007088,-0.12047221479913794,-0.1454451935390928,-0.3148328898659171,-0.12329636013228147,-0.1514037836738303,-0.14468557519582484,-0.07020708013701871,-0.0641132906914444,-0.08392246406383504,-0.09731525892820159,-0.1254917868541575,-0.11227758953475586,-0.2104962424541057,-0.07477031117438433,-0.06349662746536537,-0.032830834983649325,-0.011441545499067729,-0.016429594761175597,-0.005377216372091986,-0.016207430587141875,-0.011229839947406894
2019-04-23,0.03638547033720707,-0.0015931110491240001,0.014866700378173133,-0.1492164177136616,-0.054252677469654266,-0.05893469297774967,-0.1330628550051071,-0.1436431304801943,-0.00046010288664858717,-0.09664533894313661,-0.005205274967482095,-0.0013868897631944914,-0.09574380629466865,-0.13910363085190833,-0.3210226656579162,-0.11591258668421389,-0.16026606271427143,-0.13736986927796893,-0.052026332248496544,-0.05006713979888625,-0.0644978630969278,-0.07252685631958695,-0.11396108786615884,-0.08948266537395888,-0.19957436253013938,-0.0660095511448023,-0.0485998633454067,-0.01724300325689902,0.0027584842104761975,0.0008673613709335726,0.0012036297901270032,0.0029595316309973065,0.003436879219779717
2019-04-24,0.07155776816960675,0.06435968234208704,0.034687579653386535,-0.13321051328857583,-0.07277505247874287,-0.08443968222030573,-0.1535866663306719,-0.16502060635745272,-0.0012000848618705835,-0.12845772214739526,-0.05511082893961916,-0.03363192595987149,-0.104545799982611,-0.15833526296637532,-0.32796346671325677,-0.12885964144904202,-0.15881216370001697,-0.15500953207278614,-0.07287882444507332,-0.05900628785022969,-0.0834538029176007,-0.10166906755687706,-0.13127202869116475,-0.11380273794677098,-0.2206321265407647,-0.09565038316530394,-0.09215927030854083,-0.061009899625229735,-0.03648549769246904,-0.046377478468859756,-0.018102919099902397,-0.04672703813687858,-0.03385852823584538
2019-04-25,0.08352569695721239,0.08479808707948067,0.04368904849515184,-0.15182282338298503,-0.060534311587640666,-0.06949353491929984,-0.1478001213733536,-0.15680799300788686,-0.001218079531307777,-0.1272278534494878,-0.045737628932002096,-0.028900563896578763,-0.08879519826565059,-0.15828643121627373,-0.3467732667002024,-0.12673743698211007,-0.17076776361075385,-0.15300092610456387,-0.05975890824363302,-0.04966276494985807,-0.07021695250351694,-0.08396910975651206,-0.1255862133772642,-0.09900807240717165,-0.21417265023726717,-0.09351297084360954,-0.08532785158327509,-0.05394198246513356,-0.029748024725733718,-0.03780851495446106,-0.0150988413661306,-0.03744676120874265,-0.02721155576998709
2019-04-26,-0.0554189837934714,-0.016094882602308697,0.004127990004353599,-0.14174427450756463,-0.05608657130758251,-0.06532626276662097,-0.13756476946316956,-0.14565166438269697,-0.0014634456914815648,-0.12145760570632606,-0.048981128012502616,-0.030485047703345813,-0.08166610193648201,-0.1474600599816925,-0.3264313896226696,-0.11922503299399996,-0.15955819126633988,-0.14294750014482313,-0.05549695343488429,-0.045520665542632045,-0.06477444955972207,-0.07899967807237089,-0.11757277067446974,-0.09115964776231748,-0.19667632304471105,-0.08967840466928727,-0.08448150402596166,-0.05545250864639092,-0.03282074943339719,-0.04193630137984439,-0.016069024300180423,-0.04182849585323171,-0.03037222073481279
2019-04-27,0.06362449560323406,0.04568491393563523,0.03340383571978537,-0.12231979821095045,-0.035404868320919235,-0.04090078379846703,-0.10161516600105507,-0.10836072912099404,-0.0009364363777975745,-0.08686010819134005,-0.020902894327855748,-0.012715277664875421,-0.055106687755460314,-0.11128918630220645,-0.25682049709016724,-0.08820906439985048,-0.12998677500954456,-0.10662417990718491,-0.034733954384485045,-0.029905063034401397,-0.04159288312345222,-0.05120344215454331,-0.08533279768299007,-0.06260557593573897,-0.15344857960746783,-0.06120900841380047,-0.052657975425582336,-0.02863202957464465,-0.011911074097047761,-0.015628759927443763,-0.005760494207470046,-0.014619655387051308,-0.01060984367735133
2019-04-28,0.046726870128882624,0.04865643622374923,0.029963840470837628,-0.08106064120686145,-0.0322706728462423,-0.037955904361838044,-0.07942404639093148,-0.08597914986803623,-0.0005326791965168572,-0.06710246845119716,-0.017179109724083947,-0.010603820282223767,-0.04632530931130615,-0.0849287447228404,-0.19076716248814693,-0.06706848673346262,-0.09190202066308058,-0.082826021374428,-0.03198315254840237,-0.025822656861627102,-0.03719003057889273,-0.04631503740155818,-0.0666862804116916,-0.05310697765984044,-0.12364647394873322,-0.04757497711705246,-0.041178307169417096,-0.0226052750419757,-0.009980954165812387,-0.013115186270026058,-0.0047958132006697225,-0.012753217834171457,-0.009304596086136208
2019-04-29,0.0006046185482550351,0.01841368907251173,-0.013094301221948138,-0.08052936959262287,-0.04133953255828171,-0.04819108522773844,-0.08854107921501786,-0.09506894035791429,-0.0019237857029885674,-0.08225280619739461,-0.03501234364871575,-0.019888106684539924,-0.05592812883433466,-0.09475327791737757,-0.1998409988371598,-0.07576864874536564,-0.09526054208678077,-0.09138959549077826,-0.0406739518240394,-0.03205059473601087,-0.04660309128819732,-0.056315834527063124,-0.07658505723798086,-0.06340035891741369,-0.12726737725885715,-0.05873191235349514,-0.05667141174797852,-0.03825195574104819,-0.02165335281509358,-0.0292544993269163,-0.010664688724474125,-0.029034816148830817,-0.02148003768741713
2019-04-30,-0.012356850240185402,-0.04880757526974241,-0.01129743650949481,-0.09352167335974008,-0.048242517254729535,-0.05697541801378551,-0.10293699943626826,-0.10951472540104046,-0.0017826133815329233,-0.09624637212494817,-0.05142593934191364,-0.031016863096689978,-0.06519302448865212,-0.10910866436524043,-0.22385666753694533,-0.08731447348979,-0.10996640607118202,-0.10489358230522268,-0.048377594843965234,-0.037415668637205655,-0.05505847085312728,-0.06687976165214742,-0.0877222724429414,-0.07523193689566939,-0.1438689407872825,-0.07124159225358599,-0.07284723357186262,-0.0533586844798967,-0.034674168368881375,-0.044611398425715564,-0.01691293762379183,-0.04623231745924331,-0.03387507921353746
2019-05-01,0.026388600082433673,0.05091781897322326,0.02551599478185196,-0.08914174728807289,-0.037467671919213075,-0.04441137990984867,-0.08339448721119484,-0.08858194920359441,-0.0020349320067942025,-0.08147142241412286,-0.031715393959267736,-0.02056141617758171,-0.051617682770999096,-0.09044237869140008,-0.20429591085590712,-0.07277501328870113,-0.10031606286643502,-0.08712809390890275,-0.03735773500913808,-0.02899714182444472,-0.042379710858470844,-0.05148379778779422,-0.07206462922269748,-0.05786255799796051,-0.11738992994756685,-0.05620984049003752,-0.05371874255868114,-0.035330105477695696,-0.02152323571200654,-0.02686832561603018,-0.010319804497899673,-0.02652067324511827,-0.020299489809934162
2019-05-02,0.0002038475843262333,0.05053355247245831,0.017199834009039645,-0.09030671045701381,-0.03301505031067631,-0.03864878805861682,-0.08183582256340631,-0.08586968476335717,-0.0011711337691637051,-0.0743066565759154,-0.028046719343034116,-0.016530904423274723,-0.04831552425180045,-0.08817195886413683,-0.21006654316061027,-0.07345629291599653,-0.1016638812971804,-0.08578894913503365,-0.032465973497897004,-0.02693086026226273,-0.037909145028629666,-0.04862418059502538,-0.07085024136767289,-0.055240317036568655,-0.11178435026386957,-0.053640067194351104,-0.049637249398095364,-0.03194615850499508,-0.017473653418973594,-0.023219799106488342,-0.008275944867419227,-0.023605757547595196,-0.0169404183101823
2019-05-03,-0.014219769071715108,-0.04734219058829655,-0.027582271345989007,-0.0898643954903419,-0.03476686471889323,-0.042478734912599535,-0.08080896335686027,-0.0840605215593732,-0.0019552012772772187,-0.07957446348865727,-0.028417414061288504,-0.01704988034419408,-0.04834855270599429,-0.0887013638621547,-0.2086367608234029,-0.07294002323081727,-0.10039068065677566,-0.08389542346175578,-0.03496476099723692,-0.0275871590910907,-0.04002817374467208,-0.04959525749468341,-0.06969597831587511,-0.055847207181001224,-0.10864655114291495,-0.055343684522777714,-0.0506695000258226,-0.03274696286793333,-0.01868483360032691,-0.02331346960511412,-0.009235623381240288,-0.02343621692750079,-0.017397306376497685
2019-05-04,-0.021648154782478723,-0.01703346846897554,-0.013779625680008087,-0.05869552105401343,-0.04318337067523063,-0.05164152217180806,-0.07432723354666877,-0.07899415744888039,-0.0022853618906181574,-0.0746635005281231,-0.04398773951461976,-0.028344702529340477,-0.05391224799513624,-0.07696208244742338,-0.15039616455370539,-0.06391356030233612,-0.07333579091482179,-0.07467002555463449,-0.043349053128822014,-0.031687841860346865,-0.04770771024946452,-0.05716896694441953,-0.06595459140323386,-0.06092118236128948,-0.09701498565334621,-0.053382492255588034,-0.05695941442266861,-0.044205154978259976,-0.03185902716681118,-0.039464002929988716,-0.01595189587481934,-0.040494107445104476,-0.03043194213787981
2019-05-05,0.0423670167251049,0.01909557652056944,0.012122029760000133,-0.01573013193041343,0.0006703481363491784,-0.0016083019005028731,0.020849746785732037,0.03271134367953336,-0.002418527688234325,-0.00911425740738725,-0.0006311778660587445,-0.00015254381055888425,0.007018177701637818,0.01270222413345549,-0.08176180635501185,-0.00026122480734080966,-0.015918995620962956,0.015104560400857872,0.0005333379624949212,0.002599637123180306,0.0024285807919429323,0.0014495127974611204,0.009329204687957096,0.007698511459325689,0.06510521980806179,-0.0007855478845272638,-0.00024340663993497694,-0.00014723427349612925,-0.0001473322606037423,-0.0004636530501172705,-0.0004866161754725577,-0.0005340700145716563,-0.00014683230187806373
2019-05-06,0.053805457615347496,0.0735504660778048,0.038517384025478364,0.022750556426541852,0.04125243126101452,0.043529173351994764,0.12550913605628247,0.15268202430015373,-0.002001966868792652,0.05512234840016313,0.02032008279929028,0.012386697373503472,0.06680618926346356,0.11370528899093528,-0.02188292484714527,0.06172924020657374,0.03660584559265878,0.11223897973692736,0.04001413193956438,0.0357515247702486,0.04870728118970972,0.05986445889340963,0.08552070796452504,0.07769658292198726,0.2420493718348856,0.04628212002343505,0.04113080424195026,0.0252555944747274,0.01214997637622576,0.015729161682911236,0.005563611574550838,0.016132097092030822,0.0113773288185266
2019-05-07,0.015535898097657727,-0.04052055243264322,-0.0024894448762354435,0.020699558359702348,0.02986702836887852,0.03015084660005692,0.11369031106040121,0.14098801344884274,-0.0020540151630775347,0.041640443768828916,0.003160995134342907,0.00036243455749929154,0.053915268240004956,0.10256621285461165,-0.03677822511188052,0.048332491847589885,0.028459424649963278,0.10195092440788518,0.028432521941870032,0.02717940294831737,0.03638270169475059,0.043472215271127546,0.07203556613860733,0.06360466921844399,0.22940627647318004,0.03256283290581793,0.02460344676538669,0.009019974263898334,-0.002063565117906544,-0.0005275341164736602,-0.001881550483632921,-0.0014244158263145106,-0.0020623882313805333
2019-05-08,0.008429454963479799,0.006561041552309632,-0.0005816639106453655,0.02707146027213092,0.0067960423405910575,0.0032926636876640103,0.08808748320919364,0.11354969577277974,-0.002750347789772493,0.014407818115309409,-0.026240683234730906,-0.017893779594836623,0.031001677156393015,0.07863038392272277,-0.045140984578037134,0.03320949931357475,0.024192566608815785,0.07905216108371782,0.0043001346744449736,0.012767904206063108,0.012890737538957234,0.015739175444622628,0.051926716957286345,0.03633450258319323,0.20566125393125212,0.011473739056780138,-0.001225051953717582,-0.017686771261982592,-0.023726916201983823,-0.027710272473157715,-0.012360493864778851,-0.029900676631193928,-0.02339801419677349
2019-05-09,-0.06689176220835809,0.023074712694138928,0.0006974685552790424,0.010506089692126372,0.03245665517279317,0.03390008182150991,0.11565142879798469,0.14456679936213343,-0.0021013873589049346,0.040864332888974765,0.008764390822267506,0.005754456063219671,0.05757171608235723,0.10166094495105622,-0.05827563148275372,0.04834823041340671,0.020996520491048127,0.10210043403520312,0.031076256304533107,0.029232657970543308,0.03954376522356462,0.04879175604611241,0.07379102943791664,0.0675788052426185,0.23914430383965998,0.03501165347080389,0.029194460524074078,0.013773435596206104,0.0037489202577332867,0.005795551414800333,0.0016474222712827096,0.004864833637463484,0.0032138898254462
2019-05-10,0.001714575918891607,-0.04971800519317101,-0.026259030286144736,0.015792880330557146,0.060384982572995106,0.06684143785907419,0.15665059546535667,0.18731444411014575,-0.0010376274966471162,0.07837149882643028,0.04129713936768464,0.02651723229431191,0.08955632209297182,0.13920278360510116,-0.015394241599804737,0.07669465789663003,0.03904186797404119,0.13970881104827093,0.059796899467775035,0.04840768652980346,0.06944262669244712,0.08404965764492278,0.10833467468261453,0.10372841309588694,0.28183641490246963,0.06354229705337477,0.06270910313569633,0.045110412256885724,0.029225383662260167,0.036459628726611314,0.013902088405977212,0.036534953839614026,0.02609731576791911
2019-05-11,-0.047847322323902354,-0.04539365816605834,-0.03135532345779938,0.056149972888555354,0.011368490162496414,0.007164832934639875,0.10571682793134911,0.13192478920400083,-0.003216828905135157,0.03271418722954008,-0.026660545295799604,-0.017940511835469408,0.03894483589700274,0.10135967974082909,0.014259562291502862,0.047524558182084085,0.053052168704526004,0.09883722748283308,0.008935068100070017,0.016897632904835074,0.01814653925243211,0.025508207380967523,0.06526853531370058,0.046874035236448286,0.22969025378305089,0.02377600524890096,0.0065461723916167,-0.015069608543226032,-0.025064962989073496,-0.02946747336557376,-0.012508913170962069,-0.032134467933376896,-0.025093791344840355
2019-05-12,-0.019017189354190684,-0.005151153424591826,-0.004490017266527128,0.04989485323582935,0.03274053219232916,0.034843108325410675,0.11409526600814839,0.1371015662562911,-0.0022728671862945284,0.052364015968709175,0.007468890306381167,0.00452447213990433,0.05684249522902866,0.10689776356577567,0.04632659523765422,0.06312172456049048,0.05827223742206774,0.10662108584845302,0.03173329144837833,0.029569636871260723,0.03976142078551437,0.04863779482033426,0.0794065308920997,0.06584172985285915,0.22131109240502203,0.04150701299941358,0.03425563163678872,0.014820454318996923,0.0022895286742642775,0.004033816082069208,0.000944613784475005,0.002295404354621352,0.0010646183768378374
2019-05-13,0.004648976343826217,0.03565036479594793,0.010512120984064547,0.04356960218804821,0.01231220084491517,0.010490250466623033,0.0777466917466952,0.09480556556251389,-0.0015751085918441394,0.03166100098811123,-0.0126993455494769,-0.00951996663392555,0.03220804474249631,0.07468786021010458,0.040190455518627065,0.04213606848583525,0.045500165610978215,0.07386113367179388,0.010590570369004423,0.014563644645294064,0.01725358066827513,0.021697493435895627,0.05133249240509752,0.037458046361116125,0.1590309858405566,0.0230028812875324,0.011890232880166293,-0.005960098090162329,-0.013700105679804508,-0.015223874016545125,-0.0072644784746630124,-0.01701567789326308,-0.013619971695720304
2019-05-14,-0.06233052364567415,-0.10083407753954916,-0.05492848215695704,0.04086375283753677,0.05236739416282828,0.05857782203686668,0.13615665177493982,0.1575400472040034,-0.0014481581344195267,0.07750779446522227,0.03692400923058603,0.02238956338401099,0.07815995866887764,0.12699147858189855,0.05860433149141967,0.07847477215784131,0.060309792115185466,0.1259145536639196,0.05161651566021389,0.04252824018954519,0.060388035954875484,0.07418138780376064,0.1000292175924334,0.08956072705837492,0.22914544906276113,0.061763242620493486,0.0589184918959722,0.04099510445911717,0.024106414769152984,0.031564605973582203,0.012032125144861775,0.03159529458611665,0.022397397333044466
2019-05-15,-0.07764672414675851,-0.03557440358877173,-0.034355356911685085,0.04456435175764817,0.007263868727325058,0.006396535513901884,0.07278625327179415,0.09064578269053698,-0.0014941452721514519,0.024716711121349693,-0.021090307860512542,-0.013875769391882878,0.024962123151358224,0.0701903432371805,0.029196111065909875,0.033163275724313955,0.04156567113117493,0.06880037312765985,0.005406173439138999,0.010910355443817169,0.012144850066381293,0.016534959599986188,0.04418638957215659,0.030919990984388395,0.15706328149788687,0.01593665737822499,0.0037973406979793603,-0.012627843743511077,-0.01922267718211786,-0.023324246039046297,-0.009584392458828658,-0.025231336018546397,-0.01940020245355001
2019-05-16,0.002619210478198871,0.025924425630170056,0.0052290411916885065,0.04255685044744695,0.0236733009526023,0.02427569901509674,0.09640439340672498,0.11593209110119969,-0.001438193054435229,0.04514484514165229,0.0016611647097581894,0.0009676655001117732,0.04453123927469704,0.09074537632216906,0.041967351500221316,0.05155484559982071,0.049508945700923235,0.09002494346109913,0.02240509707195848,0.02226515651683029,0.028952525358103404,0.03501482402989472,0.06570498381140559,0.05103356542250174,0.18805090030992044,0.03424146602147893,0.02646298811959043,0.00807379278745124,-0.0014027689234360115,-0.0016982202346351727,-0.001253610897313943,-0.0028951224705145626,-0.0033689185982357372
2019-05-17,-0.008806252883511037,-0.020972200959304743,0.0033903000585381684,0.04362139784630307,0.006794820972793936,0.003855905374727501,0.07240186629312984,0.0904435488164399,-0.0009006201844371139,0.027758526191781208,-0.019373688822737673,-0.012870389791379111,0.025534668978351622,0.07203607155414786,0.03265698526657079,0.0366273995215464,0.043613252687677274,0.06878835405331252,0.004710497766933663,0.010701150283845884,0.011382314057684676,0.015211387655036527,0.04574639434669869,0.030023014601112823,0.15808174272146283,0.018791337546556857,0.00595856972247244,-0.011021816046838199,-0.017729948913209743,-0.020871013696636947,-0.008559494538904625,-0.022669416457714437,-0.01816115106823209
2019-05-18,0.03042447803107325,0.003030396854356058,0.0036934473800069867,0.0385232497964448,0.031016781181431696,0.03526222723189024,0.10195021597154508,0.12162595514127113,-0.0007807073902235118,0.05131708322576678,0.0018719407126243464,0.0013136928429335153,0.05196144665562219,0.0960540796249522,0.04038607398312862,0.053796531381657665,0.04845536606390303,0.09532438678833503,0.029997679751076294,0.02688245294977391,0.037429324413437826,0.04684547765125302,0.06999047798526685,0.06056572204612376,0.1909162064584017,0.03652429708729965,0.027170268073949917,0.009117144374335417,-0.0014284257838660015,-0.0011631058117493136,-0.0007968436229296808,-0.002295147365924066,-0.0027913985663919525
2019-05-19,0.00624663046632105,0.012935964962613511,0.006622584658655543,0.030898696743901333,0.03260217464386509,0.039352918982184036,0.08748302886105552,0.10371942747604763,-0.0004732733614843572,0.048608106442888634,0.012652816931572275,0.00830117589560686,0.049674900615316986,0.08173194182704761,0.03640532435407614,0.047884438959880704,0.04012268496599317,0.08072166408968655,0.03230344327147764,0.02663886478547184,0.03897250734794581,0.04880704924610028,0.0627339068009336,0.05891030021118363,0.15706708676423217,0.03552531637204511,0.029862117307878282,0.017035444549798367,0.00788081170765557,0.009879051577491063,0.0034496983039717932,0.009010785325786289,0.006958426280098055
2019-05-20,0.04076856291974821,0.04905557580688461,0.024192569666094954,0.02764938767696723,-0.01871734753471384,-0.02247862875567197,0.008478442115449347,0.015950219121221743,-0.0011538011352281903,-0.01298211450239369,-0.041215767414552275,-0.027033616432015073,-0.012598575529676618,0.010856098672700357,0.004130923262751995,-0.000622104434961912,0.015613995278765872,0.009419839973185814,-0.020080364864122718,-0.01014971145774505,-0.01753083292901388,-0.01949614444822097,-0.0014139991839622705,-0.012565370810917168,0.04864806117006163,-0.01471315908675308,-0.026311198343390057,-0.0346844658374185,-0.03237830243096962,-0.04024923312388129,-0.01671786199407214,-0.04280493535255777,-0.03254742391717821
2019-05-21,-0.037329982463533064,-0.10460712826681196,-0.05622989226931866,0.017489048967849346,0.005660131523420968,0.0051295314628818645,0.03987738432134839,0.0495371160075031,-0.0003327508220006455,0.0170213347223885,-0.005390612416769969,-0.004565844787326394,0.01556183366637498,0.03836447207018345,0.011834816311521834,0.017701995925346974,0.019329531154419044,0.03751718732772099,0.0047531620965288,0.007021439781274748,0.008399147816080976,0.012929605404004008,0.024588084373275382,0.01896332765466043,0.08234839766836248,0.011405864114423755,0.006368320687470212,-0.0017923991327591555,-0.0063938711494806455,-0.006445486221861844,-0.0035705464274829644,-0.007139772868812955,-0.005620933311271929
2019-05-22,-0.09007580874349778,-0.01917199084586733,-0.02319911781991409,0.021229711980667847,0.019887803115387293,0.02427808517510262,0.056912448650511926,0.06786334671465018,0.00024261559345569358,0.0304892524508175,-0.00019270694927175924,0.0004326496584766322,0.030636485945539544,0.05468881771149695,0.02126528409107357,0.030093596866004546,0.026011308174641517,0.05254489205529467,0.019329228416626282,0.01655131477152416,0.02387623940622774,0.03350361000435775,0.039321071979929144,0.038686796155433946,0.10379399916781533,0.020420778265684152,0.013896414431410284,0.0044059324892475145,-0.0007288902228837676,-0.0011495020057574006,-0.0006179655930651506,-0.0020215536357630626,-0.0014296454627424164
2019-05-23,0.00437606611174927,0.017424207774355754,-0.0004063206219084847,-0.0017142861429008487,0.040121263926821804,0.04315536235921128,0.04973435602200116,0.06310146521251792,0.00016284177069122072,0.0019048102260545245,-0.03456770426386976,-0.022048255725079773,0.07722248002579057,0.030474856140837225,-0.00943226296747642,0.024781882253175347,0.002113584594141571,0.03967616794169645,0.03852717163245334,0.03881863923988712,0.046929622509021364,0.04958235933783328,0.03938045954476236,0.05408799717047863,0.09163793666348496,-0.006067621502634957,-0.018100293381210147,-0.027112505646598468,-0.027489984917652716,-0.033694317003415776,-0.01397576597842054,-0.03661884656137785,-0.027673743043969523
2019-05-24,-0.028043893456796958,-0.04852730558890054,-0.015722697023103766,-0.045141634277055566,0.09032131696522712,0.09556524601176382,0.06011967080957555,0.07521019281182717,-0.00121650860805822,-0.018272385198138785,-0.04811650551865595,-0.031154957825953566,0.166142939890871,0.016510630840482914,-0.04400343227034398,0.03396197664622017,-0.030389235614812844,0.03852035961285397,0.08842318511786651,0.0848794945493383,0.10335840758008945,0.10285059778042409,0.059976206201544834,0.10552088193717986,0.08427360895146958,-0.020496948787131746,-0.03451898397670335,-0.040191760846414105,-0.03795636162858251,-0.04676623723659882,-0.018422508285980577,-0.049386968961236434,-0.03640399842085795
2019-05-25,-0.07731740876526638,-0.08952397729163615,-0.06577218424853311,-0.045755861886972816,0.10016476656170603,0.10672767384518789,0.07777268482366928,0.09496078323291061,0.0009827535235299816,0.004377182543604086,-0.03360215300840993,-0.022124441618839974,0.17651191889990306,0.03396285696860465,-0.03699411888542178,0.04437430021199695,-0.02536126351748565,0.05452155477272166,0.09802969314920802,0.09129686870381626,0.11407271143490909,0.11670985179941902,0.07196839051500614,0.11978923798535195,0.1094349043523432,-0.006440423940977287,-0.018341761073970158,-0.026905581779439025,-0.0275277359972194,-0.033298679443242975,-0.013521585679053002,-0.034963859812951505,-0.026272654264153594
2019-05-26,-0.04687551888182299,-0.04250757278846103,-0.03187449615601571,-0.05146927163086209,0.0824676994336085,0.08613474267884087,0.045309530829393964,0.05577379250063963,-7.193396557703124e-05,-0.015615650513339574,-0.03310702364354926,-0.02280527512714059,0.1518991880237488,0.005386780782260736,-0.04469517176987973,0.025222095051351683,-0.034758989774814765,0.025547555304519243,0.08052667584169271,0.07606693109867191,0.09395489520896898,0.09160189497641695,0.04754845233184124,0.09259995792340832,0.0541773596528472,-0.017250626623089776,-0.02454894687216728,-0.02885909624720373,-0.026878769314347,-0.03273298534803241,-0.013560545102509813,-0.034185477836388735,-0.026093698394404008
2019-05-27,-0.03860585585759724,0.003932236229905388,-0.009741866720146911,-0.061482799206588425,0.05898265530384202,0.060888308222981045,-0.004702728074472991,4.5671027646854157e-05,-1.0968283028489623e-06,-0.050005024973870014,-0.06330434229355042,-0.0406202292580744,0.11827176069092982,-0.03871689769924558,-0.06887881753615026,-0.005864509057483443,-0.05554350847210573,-0.019717954080341826,0.05676794634326251,0.057779856697899014,0.06787358324381938,0.06190696069954704,0.008406776128630314,0.05602091278415985,-0.02181795469737639,-0.04593078372819104,-0.05841357366109179,-0.05776176325671667,-0.048598944437202064,-0.06029246869622688,-0.02393589729290202,-0.06298807946822442,-0.047145592844693184
2019-05-28,-0.05681405734248809,-0.06327617408638986,-0.01716577256668857,-0.07644293141769332,0.09173394320278778,0.09632661576154582,0.025057129375992915,0.03296287920678006,0.00038388775831480854,-0.033527277801972254,-0.04693253251154298,-0.030354626994329337,0.1638225772382628,-0.021908959643123598,-0.06804916091671724,0.013972391516937558,-0.0585683512145477,0.003948167187377116,0.09044246319624201,0.08413341677618853,0.10300820321750119,0.0976187532070399,0.03662521920489562,0.0937806501453456,0.01043193055605555,-0.03347410858045041,-0.04309683601372901,-0.042284815717137825,-0.036191097071740806,-0.04471490816031457,-0.017742473813609532,-0.046686671478164556,-0.03542964919239999
2019-05-29,-0.011164147443210778,-0.004711326133079711,-0.005490398074173915,-0.058684433115859726,0.06238781559248648,0.06478818315900714,-0.003934586591341531,0.0019232392720320846,-0.00013420114075331688,-0.05320895281738055,-0.0754452376845487,-0.048514364320047555,0.12291925792330716,-0.04053640760872105,-0.07325425680178228,-0.00439896453852177,-0.05631349445699119,-0.020082680555144467,0.06057310673637387,0.06171104422933175,0.07102776705863996,0.06455146105213405,0.010465028651703475,0.05914838247406262,-0.020064485772673574,-0.052023329415820406,-0.06768253805877993,-0.06853878145331886,-0.057861223495486946,-0.07180533393434985,-0.028481102257401858,-0.07549364742115205,-0.05709794485865061
2019-05-30,-0.028848107955898133,0.00409697514755436,-0.006332213259803747,-0.05569986696041932,0.06305697736844114,0.06627115014775657,0.009318685830518389,0.01420769350511956,0.0008102132528759279,-0.03421814381242546,-0.05106240344114207,-0.03422097435264012,0.11844029601396233,-0.025231138225203214,-0.060841821221065885,0.0035157645039483043,-0.04709940270540051,-0.006508183207299882,0.0613629206611875,0.05964342448669916,0.07117079994172955,0.06688659337430074,0.01977336575927217,0.06285127957903895,-0.0047835890390664675,-0.03539120626677228,-0.0456446406533629,-0.04639464785449506,-0.04110348882135373,-0.04932639037118047,-0.02007450457366744,-0.05175211299728281,-0.03877578415601649
2019-05-31,0.0026850174104628977,-0.03984786689755045,-0.007010728064297034,-0.03714685495550096,0.041459650779054634,0.04311451545814737,-0.0026201997413259903,0.0010479306053940245,1.4704203873468677e-05,-0.03498245850544753,-0.05482899659854438,-0.036193737241248115,0.08393971964867515,-0.02563054671697736,-0.04764013166681602,-0.002394856306886813,-0.036365793920721146,-0.012434859422911929,0.04020989565371439,0.04155758152929678,0.04744048777576785,0.043808190820047464,0.007372363829100337,0.03981712979814578,-0.01261089080570521,-0.035172044108345325,-0.04628587948078048,-0.04860820629438223,-0.043942458163350594,-0.05297384460419193,-0.02191810865649361,-0.0560224015515803,-0.042045686701767636
2019-06-01,-0.03635872768892723,-0.05200582057017892,-0.04324844615429857,-0.05801869011527069,0.07666552554483601,0.08395354463689635,0.029726211445040878,0.035983818577449554,0.0016005633502400585,-0.005374192559740661,-0.013200934757222468,-0.009483640537554313,0.12409459881611351,-0.00394678920228871,-0.03767533831725878,0.020164627883136,-0.03827167754589637,0.013912563735549277,0.07609325248416769,0.06595850597606567,0.08483932971692128,0.08504521107289047,0.03755080107460825,0.08087402680189015,0.018494070618984598,-0.010606628280445562,-0.012336731457553837,-0.012511756440022262,-0.010724285089017904,-0.013498162904898692,-0.005818590262689938,-0.0142444966478991,-0.011364352667254884
2019-06-02,0.0031250234390038933,-0.018613586598409466,-0.012189718530122148,-0.03292076176546862,0.04441151073720887,0.04678061867394412,0.007153348560539878,0.011604446659249609,0.0006832641991640168,-0.022145894086317657,-0.03964191473148926,-0.02546284108661941,0.08370109445237943,-0.015768632009073674,-0.03622786036138548,0.004271316773269381,-0.028369161439701546,-0.002350711719828702,0.04271785244935581,0.041575510876236045,0.049734545805764675,0.04911516336388969,0.014206064730109583,0.045588532735954125,-0.0018185931606063595,-0.02426553830146923,-0.031599209385171655,-0.03504093505317781,-0.03153776948923959,-0.038711887099881714,-0.015617556467340718,-0.04133683788219115,-0.030897831289302086
2019-06-03,0.015773791708213913,0.013679253182130738,-0.0007143146100796471,-0.03808919305582492,0.048578109698400894,0.05393893210124734,0.007733821587438665,0.011480343704789675,0.0011871157410870599,-0.022543959973125638,-0.0422093545556376,-0.027487231785871497,0.08687643597060646,-0.016468663830733792,-0.040850153325965234,0.0030953861740838917,-0.03230657302195065,-0.003597844220660266,0.04773922400430634,0.044498927027621114,0.055073012623559826,0.05458010797255556,0.01487156829302183,0.04942581335422306,-0.002113136499516166,-0.025643046365626827,-0.03361650258477855,-0.037239914130663486,-0.03353980591219615,-0.04104886384445846,-0.01664866000896925,-0.043928490308940006,-0.03280409791530007
2019-06-04,-0.11815744609133223,-0.07973270061979647,-0.03609636627586147,-0.05329151307082913,0.06519116005277177,0.07018857527360467,0.018451196766092377,0.02343541683410481,0.0009377568275903414,-0.021097537892725764,-0.039106089977308876,-0.02451512620751739,0.11506350937870558,-0.014223856067590468,-0.04731745864797995,0.010187765474577523,-0.04089916080586301,0.003980019354698605,0.06427774802799953,0.05928234692747244,0.0732991101188351,0.07093093860919009,0.026896449470333057,0.06787695436680756,0.006081988957405156,-0.02425859397875681,-0.032903831365630985,-0.03394815008022226,-0.030002853276649272,-0.038012634347974604,-0.014964713103702879,-0.04089246661520818,-0.029833464246588132
2019-06-05,-0.05514195989453944,-0.08117378500085011,-0.061015772937736,-0.03708320728289779,0.04322918096948462,0.04561403055745128,-0.0018548699082880187,0.0015874242369360303,0.00031698792471009557,-0.036401446636684355,-0.05890818261042874,-0.03704415007154053,0.08309498745016046,-0.025647659076366125,-0.046246456101849485,-0.0021884845812631206,-0.036278372576890185,-0.012635666586033286,0.04164050866598146,0.04254299274583465,0.048986913337609295,0.046268229661953875,0.007562640032804009,0.041691670113110625,-0.012622387282559266,-0.03682979796660361,-0.04937220638001557,-0.052027680986826454,-0.04477492408698769,-0.05636155236630843,-0.02218369148759584,-0.059822544269248525,-0.04447558409054242
2019-06-06,0.014582175873303793,0.04657871641315925,0.011392617097733352,-0.044993949806169255,0.07396727679608557,0.08264934589382289,0.037016263111117574,0.04218209833177511,0.001630984210921523,0.007688884266527474,-0.0037689311431951347,-0.0021374033301310527,0.11514084555164524,0.007466379214688956,-0.024556411666190787,0.026035835858499112,-0.026412763660484433,0.022201451636405228,0.07386560546782839,0.062163414225577064,0.08204513286214254,0.08506513923147747,0.04251055965646847,0.08109686534937843,0.02687296028207668,-0.0005068335558456502,-0.0011119762079386437,-0.0025571249366963165,-0.002979271442456799,-0.0044476185584025885,-0.0017205625347556837,-0.005851240650855812,-0.003842951545673342
2019-06-07,-0.06813572305212334,-0.09618541555705724,-0.04487105990813974,-0.013400701377107952,0.016084415898929432,0.01711837394334322,-0.015839670739720663,-0.014228976580282845,0.0008568886949419744,-0.037440013671886874,-0.06750809874154011,-0.043179733655658005,0.03825396842333125,-0.028771456698233482,-0.03818951700105844,-0.013998106252691933,-0.02330418367328117,-0.020702383515054674,0.014895847235401346,0.018183841468195478,0.018634008557181225,0.01324205394972496,-0.009438276180898578,0.009664790828499767,-0.022712505438850467,-0.03990388241031025,-0.05428732092502416,-0.05951211326537731,-0.053264412331236244,-0.06570572229325489,-0.026040080205067245,-0.07019175395720338,-0.05211415263480242
2019-06-08,-0.014764806775700023,-0.016292817175441066,-0.003255678058633471,-0.014408697888390462,0.011170602050282122,0.011013050875793814,-0.0084587994070248,-0.007194121050358326,0.0005724370759745412,-0.02778040620361229,-0.05089811528218687,-0.03263952310661633,0.03258926878564298,-0.02051981686508982,-0.025845389137313823,-0.00661904987979985,-0.017904114606067445,-0.012972387796177228,0.010419339133083128,0.01470526788778385,0.01451771486770396,0.011338789164383911,-0.0037922157822395755,0.010653723958302072,-0.014181053282501743,-0.028900435147441783,-0.03917657123621332,-0.0451025737309676,-0.04087429556953174,-0.05057753052979367,-0.019981450598390477,-0.05429084609508372,-0.040765566648926686
2019-06-09,-0.010707415433834763,0.00377917744920205,0.005950777705352313,-0.016470374424279417,0.022303035045536507,0.024471268481418857,0.0013352417210275764,0.0030986812645190653,0.0006936827937125875,-0.015224521243812758,-0.03369857022139655,-0.02033980476193638,0.041745935741552685,-0.010419645806541311,-0.02136315695443584,0.002079335531166867,-0.01614813239620923,-0.00301789459286154,0.022053606431097588,0.021085850770443077,0.025520841098467528,0.024826396960843766,0.006513431259850637,0.022144541477490343,-0.0039542272437934995,-0.017668890604259246,-0.024647669111618715,-0.028564592641183495,-0.025971155496530212,-0.03329505309061087,-0.012186710092204992,-0.036644074983798326,-0.027562543514462707
2019-06-10,-0.023705691598041145,0.04756608423806933,0.010187642939448219,-0.022295717432815703,0.04433465395414693,0.05075637842732542,0.024010054399639696,0.02662447868865196,0.0015031254572956954,0.00850092466922625,-0.006972475878556021,-0.003507183055547832,0.06540732601836297,0.007544749908685293,-0.01097374225541999,0.017188268961744708,-0.011213692689404198,0.016229117135902804,0.04458389818375075,0.035976856372454215,0.049102736895507704,0.05221751957046994,0.026648480999823754,0.04841575015911381,0.01901631383977224,0.0010085965848765828,-0.0012312757275972548,-0.004513084406403263,-0.005488947622114715,-0.008112749107668904,-0.00244444603218034,-0.00990973294691185,-0.007756655792828582
2019-06-11,-0.029523696435315678,-0.07711061153429839,-0.020412489808452488,-0.02021631422099072,0.033947466030950224,0.036600852162576025,0.0015105150228234738,0.004259055290448603,0.0006750046752858433,-0.01995903149661545,-0.04800922201976506,-0.03013886787773057,0.06008189642928604,-0.014086498097452585,-0.026561942070289096,0.0013705161749613854,-0.020502024417770787,-0.005820154566105924,0.03318985616739075,0.03137095818057153,0.03772882830638391,0.03615024450429338,0.00826781384783922,0.03254217308556573,-0.004849735287473973,-0.024957011190586503,-0.03541615594750732,-0.041143938129552936,-0.037907351938299826,-0.04734550224440692,-0.018084335479991036,-0.05220828047664424,-0.039147385448942806
2019-06-12,-0.038869117956060815,-0.01947290473657996,-0.03262419771535955,-0.044726271501397775,0.03341804887980201,0.036101137968993946,-0.02054455828580733,-0.02252917533375894,0.0014752035166833248,-0.01817421054122696,-0.01223611563877025,-0.006038203920120111,0.048742653767649045,-0.03681093370828078,-0.030682673794186616,-0.0055101090207484065,-0.03612280988786942,-0.026718434729214202,0.03386507722700068,0.027408413656746216,0.03580879037178194,0.03209515447790127,-0.002493131630227019,0.02521893246852258,-0.041999904531142405,-0.0174449523244166,-0.016070649519147828,-0.012527400043446471,-0.007820757692423482,-0.01216609569677581,-0.0031199580396264657,-0.015022124964535699,-0.010639755310802634
2019-06-13,0.05793359806743803,0.05259803599223586,0.02034760479493662,-0.09983879973731054,-0.07017742239999247,-0.07924306373515104,-0.26208385193755773,-0.2917836557335338,0.0016929552567409207,-0.1563405307871054,-0.09143411969507742,-0.05399387468402702,-0.1031658584209394,-0.24461018636853252,-0.1279214293173676,-0.14120291562822787,-0.1311510057898809,-0.24970526300487617,-0.06872511531474353,-0.055585379908412946,-0.08279934224665404,-0.10744251443648996,-0.17981467943880544,-0.1416413393639789,-0.35450205416653,-0.12769784789731217,-0.1288119925141092,-0.09504376993704877,-0.06178343732130968,-0.08142492077310859,-0.029515705849816776,-0.0850815065125401,-0.061038707978922226
2019-06-14,0.016400646795937373,-0.01388478196207347,0.006056644227340276,-0.09813216860863339,-0.07556303783940728,-0.08299154186532487,-0.25617747761770904,-0.2858096168048239,0.0020170465127161328,-0.1417881827288229,-0.06772588818320753,-0.03995079460120957,-0.11864120714392683,-0.2356994397305122,-0.1132510549235426,-0.13765101967269278,-0.1247408828861764,-0.2412618969765609,-0.07361142641486958,-0.06347294126111643,-0.08906046155496987,-0.11077112990850917,-0.17658972071701218,-0.14498085462676347,-0.34585406713476985,-0.11330562774757791,-0.10745232837197882,-0.07402258711821652,-0.04457286044450104,-0.059422822323048706,-0.02202523162528595,-0.062546059016098,-0.045752840693854324
2019-06-15,0.10511817665396588,0.08459377608855896,0.05204984579080563,-0.10138147912802135,-0.05568220136376093,-0.058648437229808024,-0.23576129976277885,-0.2649428450720839,0.0026312795347867755,-0.11808881419192208,-0.0253611696029159,-0.012765131879957833,-0.10042104317788958,-0.21972486904838254,-0.10186659916676118,-0.12134000018419104,-0.11602806083897654,-0.22342795937450136,-0.05294747352009891,-0.05162883012254079,-0.06885779333228796,-0.08529994605349452,-0.15592675368877748,-0.12109080238493597,-0.325653404165766,-0.0880541364646709,-0.07130959524397322,-0.037143697083939976,-0.01147137954977436,-0.019505930942134597,-0.0050634954805005945,-0.020937348048426507,-0.013809586920097002
2019-06-16,0.02345928747467359,0.009797381742959447,-0.005823245516228444,-0.07875547915443952,-0.07467640514474254,-0.0826829536059807,-0.24056139954624012,-0.27065255981113534,0.0010415908802382152,-0.13387814859611455,-0.06617343517735019,-0.037342771355950134,-0.11660637931749385,-0.21720611110337687,-0.10049927342053906,-0.1272086581986489,-0.10967786910952466,-0.22672351695873397,-0.07292751000547455,-0.06212710829830984,-0.08849340676358815,-0.11014292744087317,-0.16531445472606876,-0.14099848348063274,-0.32757887629509835,-0.10655608166144799,-0.10284604763537637,-0.07071735176536158,-0.04278678998571491,-0.057870143711184895,-0.020078364740668597,-0.06127557889206366,-0.044111859088704485
2019-06-17,-0.06022602572485717,0.041026341482350404,-0.0015280002200072456,-0.08431348196208432,-0.07012331390877542,-0.07726536226839897,-0.2320974473208386,-0.26074363989309823,0.0011434275561675495,-0.12949896447205678,-0.054282128021168496,-0.03137647563127555,-0.11074953984421339,-0.21288270883956825,-0.09580851404497004,-0.12147409993133262,-0.108613796649915,-0.21776335476837647,-0.06841488333573202,-0.0591067805858024,-0.08308885347293297,-0.10316490864599596,-0.1579845649151137,-0.1335064200143039,-0.3160888345376825,-0.10010504436401006,-0.09336281291434201,-0.06105569943892893,-0.034528265033770524,-0.04696326861157877,-0.01674607024328445,-0.049643747981063115,-0.03584426601783678
2019-06-18,0.03727524135839033,-0.012129006502089664,0.013545274572617968,-0.08991835322946606,-0.05831215146716703,-0.06343703602059698,-0.2272297357291683,-0.25446224581491766,0.001798202563574769,-0.11924832093842615,-0.04125751926863833,-0.02304464419291345,-0.10003049307643892,-0.21055659587681586,-0.09555473863943546,-0.11503692366998515,-0.10876488212767654,-0.21441062657694646,-0.05559317089191603,-0.05116449742030641,-0.07062473794929829,-0.08819529862746271,-0.15066628773568555,-0.12086081245765119,-0.3125632675332393,-0.09190152122209187,-0.08007963860274299,-0.049119119131071066,-0.025903130244548638,-0.03564609441119959,-0.01215517586039431,-0.037684315749165975,-0.02676502711656455
2019-06-19,0.03156814261957782,0.050342056380723754,0.029121493181706686,-0.07786565890003565,-0.0878282093631979,-0.09900252715451903,-0.24456873274508015,-0.27300644375614463,0.00016240831942700615,-0.14702329747150067,-0.08621040193410619,-0.051542718365107966,-0.12791364494073557,-0.22174195117758622,-0.10251977992162169,-0.13400230070551591,-0.10901816995751457,-0.2280169595522,-0.08625662836520576,-0.0705276513117461,-0.10169573304972819,-0.12378752987645925,-0.17367133174854152,-0.1531888480572737,-0.3236151163324263,-0.11544433412522566,-0.11531634744808894,-0.08810421443675824,-0.061157920737648475,-0.07918188918750009,-0.029728546194742005,-0.08351714751779109,-0.06108468913025759
2019-06-20,0.06280200217515919,0.0852427881999489,0.04201684962202723,-0.06461768343816636,-0.045117369685383935,-0.048507513886473085,-0.17216676017486657,-0.193403831181147,0.0013114448033269,-0.0951830554001664,-0.043562408624207606,-0.025185300329764775,-0.07650072156962236,-0.16087688136145464,-0.06852574522338213,-0.08598605052455237,-0.08010268856177039,-0.16133649198201105,-0.04423525496730285,-0.0395514061743046,-0.05456306965146762,-0.06719159882504815,-0.11426589225339819,-0.09170907036515057,-0.23751501120020949,-0.07377783410662768,-0.06742131587495563,-0.04652036807798806,-0.02885263956195298,-0.039151382929924594,-0.013863351938603033,-0.043137765145499905,-0.031834388028276685
2019-06-21,0.001580140075480389,-0.010077588917000094,0.0012018416235930474,-0.03212350333793671,-0.025757489026752307,-0.027799429487082545,-0.09584783329644608,-0.10927205181477746,0.0004960557982055155,-0.050319285585312144,-0.02169547120694008,-0.011413683599772462,-0.04197824328272167,-0.08733768087741911,-0.03485158446161026,-0.04542028320703384,-0.04266104149960507,-0.0899692367660263,-0.025044882394300732,-0.022125583797804122,-0.03055776348209645,-0.0383936738694611,-0.06166344436428547,-0.051371555572832385,-0.13621465065231497,-0.03948715319125373,-0.034778674665285024,-0.023532006733247474,-0.014553415862088434,-0.021080910228269484,-0.006741380090326802,-0.0243776094923905,-0.017238432010732236
2019-06-22,0.002607854348579982,0.014520044625759473,0.013440976540276614,-0.05446002426817209,-0.06578348348804575,-0.07476247143662285,-0.17524110542254454,-0.1955780283757509,0.00015293828135654053,-0.11178312993604263,-0.07810130178204577,-0.046388038356885396,-0.0945628647319013,-0.16013074833549812,-0.07619777807526947,-0.09865421389331293,-0.07944294830186334,-0.16324190287556828,-0.06561815581286456,-0.05215292642523147,-0.07609068169338062,-0.09343940811732754,-0.12498594958727131,-0.11269235419355894,-0.2311123780713998,-0.09003145198490525,-0.0945632317275044,-0.0768478327881148,-0.05503813792383797,-0.07177816978607243,-0.026763432566045076,-0.07816683178237227,-0.057340349176461324
2019-06-23,-0.022707491038801948,0.009539492288470916,-0.010718288459052872,-0.05429236532526538,-8.687829654056382e-05,0.001872076787833225,-0.09582763655892101,-0.11125551648273468,0.0015421168062828745,-0.037173902985819275,0.0162652364612678,0.014748873497107814,-0.022250347405701792,-0.09547575820779208,-0.03272386712710625,-0.0370192580788542,-0.05167983733547447,-0.09277329053243803,0.002308884722762213,-0.007472787971872267,-0.005966863716104183,-0.012851222407035992,-0.05223491495550251,-0.03123084175706155,-0.1472774854400877,-0.02428998714829511,-0.007957630139096969,0.009212894793389678,0.01839000865326727,0.01733983135445379,0.009596665399050389,0.015015966703238645,0.012985919684534922
2019-06-24,0.022661602230850193,0.04098936618983166,0.0014359233846474122,-0.04525626975853184,-0.060536558824671204,-0.0711935496302661,-0.15523348549803906,-0.17508244207489762,-0.00027152686299677004,-0.09796805560778399,-0.06646675557633171,-0.03848401726858667,-0.08556277416143605,-0.14210900976384946,-0.06308179596785912,-0.08748877659844674,-0.06846410195323334,-0.14429079036352377,-0.060027580744126396,-0.046990721945767255,-0.07000121941820729,-0.08847665738092363,-0.11091597657984813,-0.10225745791752505,-0.20783679891224574,-0.07853315470151874,-0.0801701561700033,-0.06500430250373412,-0.04644342348722308,-0.06179073653306825,-0.022689468349738878,-0.06765894314807437,-0.049662881550943005
2019-06-25,-0.014393470478071416,-0.05978441452386818,-0.007962357240058301,-0.04748764966162581,-0.056339885366943676,-0.06517868581756876,-0.1570194146203082,-0.17535570703140202,-2.4339901051403007e-05,-0.09595271313230924,-0.061868278798966024,-0.035426101377615225,-0.08202673590605929,-0.14345513903971133,-0.06252788688798756,-0.08322547590683775,-0.06795680107711573,-0.14607963051384973,-0.05557722589079687,-0.044655709438756595,-0.06478104836064968,-0.07893943357790079,-0.1098866340727452,-0.09753839474625921,-0.20990375611130277,-0.07530007971059434,-0.07724162690726051,-0.061399438650423,-0.042843273821413064,-0.057649114537459724,-0.020514539923000303,-0.06392721964967792,-0.04606221935370206
2019-06-26,0.054270836032715465,0.05259980950368911,0.024268554529550162,-0.030849395837411937,-0.03836616666413809,-0.044063462751624684,-0.1154421559525242,-0.1296103186080666,-0.00027983989537065196,-0.07289087745032348,-0.051347703342549345,-0.028212878089909726,-0.05747534099439289,-0.10530466702116392,-0.04358199320093744,-0.05864412385883474,-0.047746019925672144,-0.10731770110870216,-0.03741060417913437,-0.0311573343858651,-0.04457541245835787,-0.05666305724164644,-0.07817276461008997,-0.07033457258384868,-0.15689202407007694,-0.05757584572835158,-0.05938163238652461,-0.04883185851371241,-0.035453098680741015,-0.0486917523638685,-0.016772990083806505,-0.054952075893812825,-0.03966411477111246
2019-06-27,0.00469489716922696,0.009884237909257187,-0.01864667738086793,-0.028479726373374408,-0.0012477925165595611,-0.0006969384534425416,-0.05850282665083709,-0.06885146320634809,0.000142952412656309,-0.030633329036830286,-0.005690256131123246,0.001677243021140325,-0.014101887100030908,-0.05930216007438845,-0.013525846080158535,-0.019037778947224027,-0.02715566714974038,-0.05483351648646284,0.0005751826779043512,-0.005052875478936218,-0.004289533945564787,-0.009112162456481165,-0.029705511965423703,-0.020908538737999176,-0.09098850063488229,-0.01905267245897324,-0.012860592598884502,-0.00602713253820338,-0.0011874777441622797,-0.006209740383270675,0.00019172966631912183,-0.01145667334609938,-0.007282899391698609
2019-06-28,-0.0009226126518259529,-0.05363557758110001,-0.02601544962029904,-0.009113561458247155,-0.02708557450677033,-0.03233066778700581,-0.06497090709755533,-0.0744478417538043,-0.0009585436127030889,-0.04857782417801548,-0.051816670954081566,-0.02944538698624566,-0.03688062400047946,-0.05985192186140035,-0.02299874793237115,-0.035610828570219986,-0.02383801225971253,-0.06027935053007857,-0.026901403817239117,-0.020342400002610006,-0.0305139635703231,-0.037813053084563876,-0.04708073839063568,-0.043498391325687,-0.08947991634003068,-0.04076997895653012,-0.04718786371123773,-0.045990432494352675,-0.03819287453548507,-0.05148690309351078,-0.018182147080818407,-0.05905329271713633,-0.04328142855932793
2019-06-29,0.021759923155519445,-0.0007967233626449873,0.003940725910517233,-0.016161112425652508,-0.05239539713660957,-0.06351867476394712,-0.10035867826295834,-0.11319082464903178,-0.002228989332912453,-0.08164126838285284,-0.08213854456951857,-0.048319402797544285,-0.0663705485616705,-0.09106702421580692,-0.037262205606495215,-0.05731553566951497,-0.03741263095264576,-0.09112439997992598,-0.05300960681033325,-0.03810425542988494,-0.05877596060265707,-0.07312871649004767,-0.07566215282058024,-0.0800907079329507,-0.12861511210426477,-0.06628351172421502,-0.07806767043333214,-0.07412489358893233,-0.0610135339651278,-0.07878031655448403,-0.03010133831140453,-0.08775666442329833,-0.06463431205610999
2019-06-30,-0.039123177609399505,0.04388359161711689,0.025578895675646567,-0.014506570531118848,0.005861804854300878,0.005511216621027455,-0.02886722682530222,-0.03673594857253507,-0.0008955141282767087,-0.01716802270504007,0.0012598063578715586,0.005376908608880034,-0.0019965526391763078,-0.030047892694179328,0.0013643888206362753,-0.003973422880762634,-0.01279153066653412,-0.0273658537574241,0.006832190523100874,0.001567708827998911,0.003845104840960604,0.0007464154428798627,-0.010512373485061252,-0.0048651829933946305,-0.053255537084123304,-0.00759202488146619,-0.0016196667637441802,0.0024332167871892927,0.0034200633447154516,0.00044505991550103374,0.0025175294331927964,-0.004521520282818751,-0.002492258810257534
2019-07-01,0.03265294538299853,0.061894332545698795,0.016745124241374754,-0.0017442500168807957,-0.029717930820441236,-0.035748605503086374,-0.06330461805316408,-0.07238236406280614,-0.000549272764308976,-0.051327719460644815,-0.058933243957884095,-0.03276181612970822,-0.03797007808331395,-0.0565513050486303,-0.01724638756911349,-0.030946003113858644,-0.018632262393448507,-0.05774653772020244,-0.03012410089598176,-0.021655191741815294,-0.033228023287860786,-0.04198050115925037,-0.04493796142753729,-0.04522276838721506,-0.08477638841361035,-0.04162305650585137,-0.05124713873409684,-0.05149836050297729,-0.042415524398818384,-0.05723440006195565,-0.020351215285200713,-0.06520162564851528,-0.04691146709779718
2019-07-02,0.005401507440581543,-0.052236691231064114,0.0014561342275684435,-0.01736817117885181,-0.043298195374310566,-0.05216350188150839,-0.09656604223711618,-0.10991182232583115,-0.0018825350442739364,-0.0779239947192707,-0.0724275927044203,-0.04059548967247384,-0.05714079800756237,-0.0900476557927723,-0.03166418779266925,-0.050129130572213874,-0.035653199567691495,-0.08775347436419285,-0.04348207287220873,-0.03183502872619837,-0.04895012670064188,-0.06337398584709557,-0.0681967012663766,-0.07054539944742218,-0.12877046206852297,-0.06010113570604977,-0.06905450884745938,-0.06471963063826387,-0.052462350972411954,-0.07051628514870689,-0.026102870508655524,-0.07979808078681809,-0.058787538952559025
2019-07-03,-0.003553889625639665,0.038642621166579794,0.011723455978740324,-0.0017224459975781297,-0.020476511700867544,-0.024563382305476427,-0.04578701160360262,-0.0532411661380244,-0.001520448260155997,-0.04298726391725497,-0.05335567362581687,-0.028857736384343784,-0.026975508383058806,-0.044901098820312825,-0.011833357163740269,-0.022938295183861257,-0.013916717745592186,-0.0413264937591015,-0.020626160474740196,-0.014967181221488287,-0.023510433695357175,-0.03143141768895082,-0.031067101192586932,-0.03425145206933008,-0.06498429887702972,-0.03494122131317005,-0.043897348158995854,-0.04551785435843936,-0.03870829945930391,-0.05293262611331132,-0.018808026923854193,-0.06145903493810145,-0.0449962397574953
2019-07-04,-0.02029614781865637,-0.0013250739202351387,-0.028974139099772422,0.004025372571973662,0.012233886170415135,0.011653196574914778,0.009192798025755936,0.005716628139263176,-0.0010393301750741084,0.0029776686911135997,-0.0025863152399878686,0.003393857895876392,0.012559834124360828,0.0034160157080505016,0.01954397276529966,0.015781071795234247,0.0091974390854892,0.009211409941241477,0.013531243933191384,0.008591769921767837,0.012426315611751448,0.010861939226082917,0.013943374027630165,0.011225232842629515,-0.0008335556117039881,0.0054337424579467,0.007657540805376802,0.0015023209090401224,-0.0006999594580288834,-0.006121434829400012,-9.360900037721127e-05,-0.013740535331844642,-0.009037148065511738
2019-07-05,-0.060634161989884916,-0.07346063078260734,-0.037393181892233805,0.015005974723062346,-0.006965339946149562,-0.010842833433547602,0.004331807956354202,0.002019381091092972,-0.002563859388671356,-0.01777453890495373,-0.04316505125017874,-0.022354941761310698,-0.0041014097620240735,0.00048274159193676763,0.012269117094125814,0.007385788756473073,0.01045594178255064,0.0061989349003148675,-0.00726307709362987,-0.0032252846567886926,-0.0071707503608384,-0.010774196357682028,0.004520740199837429,-0.005827672583841685,0.004235633039711158,-0.01290296405640253,-0.022646298261821407,-0.032901869626763634,-0.03270574984181085,-0.04470119755678592,-0.015681369769022346,-0.05424526342152861,-0.03928447748215014
2019-07-06,-0.03253453385981745,0.002885013686301896,0.0013347816274515978,0.018181367677344795,-0.005177877025951183,-0.009182456311361756,0.0035792307475632037,0.002639047617181589,-0.0016198062333187362,-0.011343796502618334,-0.040510029945205694,-0.02252520238415645,-0.002523693044570822,0.002670707780117058,0.018243074809932924,0.008618855976098239,0.013365386487868372,0.006069807801204992,-0.005443943258730026,-0.0012848620535113042,-0.005154816178063015,-0.008554853083232375,0.004583314853417046,-0.004428009341718091,0.0032916927480058553,-0.010830646055694023,-0.020757486497849698,-0.03072864887879471,-0.03187852929796264,-0.043197671957084495,-0.015326949401308632,-0.05236599864802264,-0.03743523412122851
2019-07-07,-0.029365404110439936,-0.012032861442388723,-0.01316997428346293,0.02115802689793463,-0.00566757215295155,-0.008706251575569368,0.001728299322744616,0.00045942634979390107,-0.0018442997814673845,-0.012396128498133466,-0.03995503417768376,-0.021019219775953484,-0.002984971366279806,0.0023957222354675047,0.013985430256373702,0.0057602952446185185,0.01260973122963982,0.004108826936709775,-0.005642214570132846,-0.0021522790864703842,-0.004722979931605901,-0.006378414454100145,0.002398995517508181,-0.00461500291250309,0.000868521604432774,-0.011451808944202982,-0.021632872030081945,-0.030322282583495525,-0.031064907000170727,-0.04187986311409908,-0.01467114428499953,-0.05042542957223528,-0.03602347130807093
2019-07-08,-0.015569521246981743,0.010987826572724124,-0.023686171698483822,0.01166512089190519,0.029205441814089166,0.031506373709534984,0.041174908639441433,0.04199209005031138,-0.0007384342445397133,0.02728268467092872,0.016271354238733455,0.014682444709968637,0.033805401875988274,0.03459862409065965,0.03486667841644634,0.03750479010072638,0.023026695924470115,0.03946803919237555,0.030337076725753736,0.020709558748900275,0.03099221337338065,0.03554143074716709,0.0405537139496858,0.037168486978255366,0.040571898741911916,0.02449200130622013,0.028814973126028615,0.019646234198772206,0.012548641304779137,0.010899451912298611,0.007092908210412159,0.004948646685892418,0.00481098161853873
2019-07-09,-0.04968008001193169,-0.11399073657088483,-0.04988526831815084,0.021648193460115372,-0.022812073829772572,-0.028128053879889297,-0.01877050377597674,-0.022072325216508187,-0.001901462370181702,-0.036141424006041,-0.07420441768577006,-0.04386133040662118,-0.02194104860189139,-0.016833662915704945,0.0021844094572662045,-0.0098627832219537,0.0054611686985571355,-0.014539748124033025,-0.024263139260519335,-0.014145986820953619,-0.023954722795677934,-0.03011400852401902,-0.016445488254589396,-0.027488036091010137,-0.020784394125721306,-0.03276881475856156,-0.04963845217381557,-0.061668481969411104,-0.05743867961885899,-0.07508661860009773,-0.027287772325342335,-0.08623472423041445,-0.0631446496299392
2019-07-10,0.04057591788449333,0.04969310086200777,0.027660741653805648,0.0032564172672895353,0.004392874515940726,0.002460686583831103,0.0026616065388142354,-0.0005563628611996071,-0.018787263119603104,-0.11224347926748053,-0.047528493596007415,-0.024106723202495257,0.006031820835101638,-0.015227496899474483,0.009083686412781233,0.010809938578548284,-0.0026174592924235185,0.002562682102263144,0.004313691100932419,0.004399432860653067,0.004773690986008994,0.0012603982128638336,0.008409640004320392,0.005225209183923181,-0.007717324081475556,-0.03617710164699902,-0.04449146155893935,-0.04091676414525924,-0.03266865234369328,-0.04698467051914257,-0.015812642107793984,-0.056968815240107475,-0.040443748944127535
2019-07-11,0.015024028290764324,0.026140267063516315,0.0033231640140837606,0.004112969425619006,-0.030142661931970533,-0.037072804321398145,-0.044580603909584106,-0.049590145353423175,-0.025367379910710735,-0.1919531423924695,-0.12175615711198635,-0.07031633334802627,-0.03453429626949086,-0.05861052848700391,-0.025125862234426737,-0.03097193419316942,-0.02269348043845465,-0.04109087490702764,-0.0308769201610201,-0.021073422388178702,-0.03316983909990956,-0.04200450187241008,-0.03656936656654489,-0.042104975266565425,-0.05557879279240504,-0.08772741511480249,-0.11420073654846845,-0.1082054632416165,-0.0894045591155539,-0.117118336075048,-0.0436536073557973,-0.12972275819343526,-0.0954397485186546
2019-07-12,0.06774911802217076,0.022391942486291505,0.03832308621346344,-0.009454421809148647,0.026848969135672068,0.028991859041238577,0.019746120330761247,0.019032314494646485,-0.025632373043025087,-0.1383437011039431,-0.025370384388562723,-0.00794222545675923,0.027169392764104277,-0.009295057510954052,0.00699410715550582,0.021808012694544725,-0.007412044581347625,0.015845892026910075,0.027433194821078644,0.017813707752514674,0.027422273254822827,0.029971624153115606,0.0245423269029524,0.030077031899783318,0.006168546244302557,-0.0316200881437414,-0.03503913547155394,-0.023329543877082415,-0.013778174578058078,-0.025145731504537732,-0.00521593865472673,-0.033218214486749886,-0.02117322724414154
2019-07-13,-0.12613533449330974,-0.040240558811243034,-0.027422812114057393,0.002074006293950603,-0.026060603967707152,-0.031515944331738766,-0.039311515209731716,-0.042931687942515374,-0.02602676779193569,-0.18814754179815107,-0.11082876532095565,-0.06394734000513136,-0.028296558443588065,-0.05433594700604042,-0.02379153676317654,-0.02494075094613842,-0.022263410543480393,-0.03680677088555603,-0.02663051859429159,-0.017967774880151666,-0.027662538616806565,-0.03237651881051148,-0.03162661199065623,-0.03336352470112628,-0.04934211842356303,-0.08174730274882513,-0.10582817868368692,-0.09926169131369338,-0.08154589233839508,-0.10695295523592208,-0.03924677176403909,-0.11885858168274528,-0.08645050798205951
2019-07-14,0.004100039081038324,0.002630086147000258,-0.0009370272960535312,0.00326665890016938,-0.021654857268190202,-0.026212837990576904,-0.03188550004341165,-0.03536780705844992,-0.026955070860691304,-0.18491133113889754,-0.10132253861102303,-0.05718620513034445,-0.024565849018543123,-0.04813248503311603,-0.017129017220761433,-0.02013235251684442,-0.018853949300837353,-0.029610969277741834,-0.02190183459196889,-0.01487476921289943,-0.023483975409583024,-0.03029010352136563,-0.026032069019949294,-0.029693461202315714,-0.04245484863242677,-0.07557511022391268,-0.09700376111041997,-0.09022145891899314,-0.07351040835506151,-0.09789884465060557,-0.035198443059343276,-0.11063569132378663,-0.0801187022244898
2019-07-15,-0.04730001164539507,-0.004769755704860638,-0.04044883972517314,-0.012390032743714308,0.046908742921825564,0.055663332261307076,0.03610826008468434,0.03608369862028334,-0.02336339042002648,-0.11347726910196491,-0.011711847511474952,-0.0006823600162899623,0.047259820711957744,0.004000457161371429,0.013335534652418138,0.03418345657297461,-0.004610996885361078,0.02979414486230514,0.04902918001445933,0.030517651991465538,0.04846015758090635,0.055096487308268514,0.04110207955745674,0.052035505651609824,0.021961089338437507,-0.01942676465643996,-0.019218519002524026,-0.010015055110575469,-0.005329547116793639,-0.012749970942948904,-0.0017690899141242038,-0.0202233866824623,-0.012406553214652819
2019-07-16,-0.021044059115264375,-0.0620567184060968,-0.01401366496997388,-0.0035042900717083825,0.027396218348684737,0.032187043427799246,0.02042290509852614,0.019133908095884184,-0.02237630306411879,-0.12090972721326458,-0.031410680551974934,-0.013329808457242779,0.028636923868964697,-0.00683259692712775,0.013199413005791083,0.024809216683608543,-0.0033709837873254025,0.01683527286164595,0.028009492787525403,0.018155460954485985,0.028779144538635986,0.03460699727205382,0.025869243707417944,0.03162088152069131,0.006984906982960541,-0.030009295827031046,-0.03368372257426433,-0.02792048639425282,-0.02118705497388233,-0.03260507220941674,-0.009670222402639261,-0.04238492467671584,-0.02799801097115188
2019-07-17,-0.07461074335124944,-0.04638229816708398,-0.04243510587506479,0.08330246280257587,0.017095104030979986,0.015029341693826007,0.12662552389578371,0.14229703148939787,-0.023183065619318377,-0.07578782832500804,-0.09613142146680757,-0.05567297828924437,0.04293316544987924,0.09955106989642844,0.05963139072214559,0.06400677547773626,0.06984405035827408,0.12150481061139917,0.01404506261113081,0.020087193591500945,0.02406571038455289,0.030120243472277153,0.08017052989991195,0.052517255924244687,0.17716445195334943,-0.0091716765895411,-0.04592936646945134,-0.0731321829043831,-0.07590419328223626,-0.09821596475441474,-0.03752914383965263,-0.11409775688043133,-0.08378841847560843
2019-07-18,-0.0616244064996585,-0.01116170103703388,-0.029884846251153025,0.11204946916290807,0.08975724884774354,0.09898600201681222,0.27419403707302425,0.30397566765224404,-0.020982426311208318,0.03283518432745828,-0.01297288251216718,-0.0030524467922831513,0.13664027273352572,0.22451978535016792,0.1269362521284839,0.15553523281463733,0.12895725697009297,0.2581008792416138,0.08797750076311465,0.07401510781675302,0.10470857058619416,0.1282390636895435,0.1932285776535488,0.16270165442434723,0.3591024675358267,0.07394250221925762,0.04790503836634249,0.006045206520509143,-0.014419884144057113,-0.022333701125334098,-0.006655901212392419,-0.03471830192864219,-0.02454868773352281
2019-07-19,-0.2324639399386951,-0.21143453179316,-0.14109610268762,0.11267797404203043,0.05340262025990613,0.05661510986100845,0.22251782789732447,0.2510916276097775,-0.02001284581755532,8.321347814543856e-05,-0.06566570835605064,-0.037024331901402086,0.09488763650001324,0.18349063299712012,0.10191248422252075,0.11781544761259877,0.1148769857827429,0.21164245891455588,0.05091785483655542,0.04848622301286613,0.06582219863217453,0.08194863616971393,0.1488658105683811,0.11455597781177189,0.30735573641433866,0.04063790503695023,0.004513865695747299,-0.040912080922802296,-0.055058942055850636,-0.07206629777791888,-0.027567355831434288,-0.08632567173978038,-0.06452986527926836
2019-07-20,-0.06361816647187446,-0.0665107671301272,-0.052075216815995695,0.10426293219807577,0.10406750713769923,0.11805016718173711,0.28270814134884414,0.3117864938484969,-0.01524494950042173,0.06981135068181595,0.010872868041744846,0.012661918252126666,0.15134071930888116,0.23050574860519557,0.1278671719697333,0.16217650665611436,0.12989288317287637,0.264297995034615,0.10293397960428645,0.08306152231046819,0.12057153163519925,0.147285840762863,0.20376948508645665,0.17998863983552305,0.36434493459029255,0.0913680309868905,0.07026356309162374,0.02796187342421952,0.004324853642666031,0.00043563376898022216,0.0025661258780432425,-0.010235451448538177,-0.007321735245512014
2019-07-21,-0.08836979282578812,-0.06115796113705171,-0.04878689739309975,0.10451916692226515,0.06378288176809388,0.06924257176887198,0.22080667515940386,0.24893102146802507,-0.020301817181509623,0.0034071071791353567,-0.047761076951165826,-0.02497015170079475,0.10357567819171631,0.17697597276461993,0.09820288533063264,0.12115561996867157,0.11018046359390639,0.20911940537765764,0.062112009426348834,0.05455559324122117,0.07624012450802109,0.0942529086800586,0.15210956986734914,0.1241200785153378,0.29983201082343136,0.046696580785971165,0.016675238772897377,-0.02564281216070204,-0.04001804738294368,-0.054346635967009206,-0.01976432169228204,-0.06731274280807871,-0.05019928012417818
2019-07-22,0.029207115178195114,0.05606209094451664,0.021708526177271814,0.11209535758995652,0.08631273683985381,0.09626809383639105,0.27020113465821777,0.2998639578422351,-0.01875369731669944,0.034317469636777766,-0.032919130638140594,-0.016460413516208305,0.13260244836679025,0.21882134505323117,0.11984431217070075,0.14766380536302157,0.12636065939904415,0.2536846694031378,0.084939526709638,0.07112924059735064,0.10105290217490115,0.12332780375999992,0.18784809152809778,0.1563308056025523,0.3556294761481344,0.06735280097623253,0.03483487941047011,-0.01071137588359091,-0.030683002212433585,-0.04106709715568583,-0.015357172238767683,-0.05445814734111831,-0.04142755901812508
2019-07-23,-0.1200167781990021,-0.14982354648705268,-0.069547622460077,0.10032213978254696,0.03757710976907891,0.04287307334086362,0.1726816483701071,0.19760384483959795,-0.01629496340391068,-0.010779615842768505,-0.09034789531316297,-0.05171392378928245,0.07012373038897272,0.14063671161258254,0.07538849562794825,0.08782809061625023,0.09374894531848188,0.163886414449555,0.035537577782928764,0.035231938013647955,0.04719268300056356,0.06468726898519488,0.11216784281561291,0.08744279161538089,0.24709737964383294,0.01851548014069356,-0.019277885905292596,-0.06469526812084059,-0.07191289972089117,-0.09442671146444977,-0.03538091792133772,-0.10958714303591559,-0.08125660013329838
2019-07-24,0.008994060296011538,0.008655063361156401,-0.0031545209676989336,0.09302964128852764,0.08184493735135738,0.09152537721287086,0.22973622435988794,0.25407599739202197,-0.011615382955928824,0.05648948067052739,-0.015188112595975115,-0.002344622742004828,0.12040707350559228,0.18783185606749728,0.10794220431514583,0.13360069155478835,0.11004512034230156,0.21638093476009215,0.0806725160321727,0.06601843321530243,0.09514756230593709,0.11775138342008813,0.16620352379036518,0.14432396830402924,0.29764727571234345,0.067672055563946,0.044275393522434335,0.0035829458341571177,-0.013580859829321668,-0.0230474703348591,-0.006055895256609212,-0.0356758696056394,-0.02573241867859662
2019-07-25,-0.02010027460596442,-0.0012973208376134693,-0.018837211358689505,0.0778964611766811,0.02451347812072176,0.025100490282015404,0.12463322639299583,0.14180827917909897,-0.010673249446421154,-0.00515506544117746,-0.07835135380939147,-0.04327951801527844,0.048805070160271136,0.10168774097306432,0.057237715363725794,0.06500405376064193,0.07177282298274197,0.11994830732881745,0.023102596395787305,0.02399525272819118,0.031162754509087343,0.0407910583980442,0.08089276916218502,0.059684932289129,0.17736548533198082,0.010702365085216492,-0.020022062911064193,-0.05642737829129659,-0.06192051837972142,-0.08198586852059926,-0.029989228711299276,-0.09632174822039079,-0.07110483134982666
2019-07-26,-0.22673112634515213,-0.15451369691616565,-0.10708002795182885,0.07035929516875239,0.06914103703047747,0.0783436842236694,0.17414802680930772,0.19194193861169495,-0.005766404457514677,0.05981450314924489,-0.009223133250499357,0.0007837325552554711,0.09713063347943389,0.1440585859268865,0.08447776628647692,0.1046139748227833,0.08368999221137645,0.1632714920519994,0.068611311875357,0.0548191795387997,0.07979416138761142,0.0978991737709715,0.12822522894859775,0.1150049470450701,0.2225528475151218,0.05615345932525765,0.03855535706085167,0.005851370390982306,-0.007130532756410328,-0.015140712539007653,-0.0033278004145283666,-0.025922872561894888,-0.018393089966326492
2019-07-27,-0.050490842477309915,-0.05715878930216789,-0.04088088437327079,0.07724713319881508,0.0854531940002617,0.0968753919338825,0.2090166037237271,0.23052205974335394,-0.0071702723375448585,0.07541909258713009,0.009527614021260197,0.011422998031431616,0.11755350502115054,0.17278755327069786,0.10111385038813599,0.12561537664732617,0.09850242077910269,0.1965654221217772,0.08558110204112139,0.06585886814717885,0.0969316095199811,0.1183288985603023,0.15471830570992426,0.13968390087089352,0.26650463774956484,0.07322543890641331,0.058723390878506976,0.02309236545333378,0.004615743994127008,0.0012547442519910135,0.0022414123224597424,-0.008487380943624187,-0.006571597515547071
2019-07-28,-0.06210002639700137,-0.04464661791750579,-0.03584249699607245,0.06508817398778977,0.029328084109560965,0.03123265394363776,0.11795835737887621,0.13414014179946884,-0.010031612536705481,0.0005971748971506466,-0.05061618538526277,-0.02679927670067735,0.05076493936983054,0.0951949842449018,0.053023298728512636,0.06332210001369128,0.06336602563962312,0.11333745626294818,0.027606207136553707,0.02592334851453515,0.03552907568166545,0.0444672199808848,0.07887472002524998,0.061300351448360026,0.16585502241969183,0.018131256732082452,-0.0049525013625559096,-0.03398889712942458,-0.038668063311419,-0.05298398943659629,-0.01963171675752129,-0.06314734116494414,-0.04718388632409246
2019-07-29,-0.026185453824366434,0.020073972982379118,-0.0023903538392395043,0.06655458576784727,0.054144324438788104,0.06145528311870022,0.16648597445370625,0.184178319002038,-0.007890003632507655,0.04282922939643571,-0.01194027423556084,-0.0027755278060028012,0.08248997550185984,0.13651985345903306,0.07104367206984463,0.09141264755738494,0.07732512345125582,0.1562909471572246,0.053192114631134636,0.044486900053658296,0.0639113860680786,0.07847076841683294,0.11564938434635093,0.09781495299273917,0.21911317999958632,0.04811768077406923,0.029295924178787718,0.0018661651354875037,-0.010876123458750738,-0.016977859476973833,-0.00566192018926485,-0.025448447947399384,-0.01861228249850318
2019-07-30,-0.18628197240289998,-0.21649698574252074,-0.13216794924693995,0.05536071468396978,0.014467776606829593,0.014286090553974043,0.0931585131647547,0.10678126398512156,-0.007265264060955623,-0.004237933719607827,-0.056201237411162154,-0.03315932646359284,0.03246706523339249,0.07637539801143234,0.03712873869394991,0.04513547363820791,0.0515338680445252,0.0890763978069226,0.012977552271416096,0.015402090272100525,0.020041561861334618,0.02633410191635388,0.058408495170968244,0.041045033541180644,0.13469159778880643,0.007158655983425651,-0.015717173331832274,-0.041692842457136926,-0.044995476535730994,-0.05930078188346973,-0.022597674287736364,-0.06767049143390806,-0.05070521674564521
2019-07-31,-0.06976315855896746,-0.022237438201617128,-0.03501166481939618,0.03869095279072058,0.06306720705106066,0.07314405737108783,0.13633092328245175,0.14948527811186718,-0.0015691589653483717,0.0740603992204824,0.038662537600247404,0.02842534881559781,0.08265757593269256,0.11360749112515833,0.06380532792735509,0.0839970787827508,0.05929519450621257,0.12693998366418047,0.06312454815260675,0.04737857152895527,0.07091192774435899,0.08551771272195374,0.10378877953586467,0.09630290854937258,0.16856853717361067,0.062447624685262625,0.06077217755828931,0.043105851457809465,0.029289695584567472,0.03243655243787469,0.015243818097954609,0.02918501754229356,0.02271344617406908
2019-08-01,-0.09452668463552157,-0.016558419651322726,-0.02820357289657031,0.04297289827673249,0.061528552430825854,0.07154740986547144,0.13634619797879535,0.1487105453362393,0.001874313881893445,0.08622422632864939,0.029441111254448888,0.02242534981045896,0.08011162514359309,0.11574914388850181,0.06491727250394581,0.08335525641208452,0.061741108399489576,0.1272209141740476,0.0623487489293435,0.045630222748685924,0.0688302669847829,0.08174218486315876,0.10278538830861539,0.09036025710473972,0.17048517937299845,0.06216678532320626,0.05793233326804792,0.035837285152731546,0.022532484514560913,0.023641451284434883,0.010621546346344898,0.01899569779445927,0.014341004904369884
2019-08-02,-0.05341985542070852,-0.06399525861674649,-0.019007917225297117,0.037234354784177505,-0.017431113318503815,-0.01966782507314413,0.013896734290390178,0.017132780874717923,-0.000354055840110649,-0.004761839485183532,-0.05928328264294377,-0.03612770130637285,-0.01232887174025136,0.018879156345001924,0.012699194619723908,0.0035448278555409254,0.024238747890195828,0.01693806165426981,-0.01847053489072496,-0.009317289238397919,-0.016969949735192575,-0.018495536492084536,0.0014270494121815247,-0.017858432409296892,0.03224625479399338,-0.010931746768509795,-0.02755390298710007,-0.046973934131808136,-0.047128084909434875,-0.06069686744413764,-0.023994603548011046,-0.06684671920764096,-0.0500253083971689
2019-08-03,-0.07045968674005924,-0.037931346355653574,-0.026292666152122557,0.04068725439891482,0.06335203262960636,0.07552392823693754,0.13463115901734923,0.14561355772468806,0.0031762353959174186,0.09988743031106366,0.04210218901913946,0.029003190690179242,0.07941263407538408,0.11663742820429886,0.06554912599224405,0.08303596345564716,0.06279183143547613,0.12592700065342358,0.06424982491906601,0.04665317670460271,0.07034193397123338,0.08377514840450424,0.10225686056673962,0.08678010434530019,0.16549409429064768,0.06845350308133114,0.06837494847940502,0.04652974777434989,0.030832342267519113,0.0358854819578965,0.014995792050037279,0.03310653034768644,0.024332429183650046
2019-08-04,-0.023543625305157374,-0.039194714216774194,-0.0247549367442866,0.036704704480968076,0.00365552156430334,0.002992671625592654,0.04956726796852765,0.05627828906750961,-0.00027584446689902603,0.027590653176280178,-0.016566063510698115,-0.009148329636378646,0.011599238117944092,0.04841043812159018,0.029300544514923327,0.026001538720075306,0.03594692652730173,0.04977152756644424,0.0031108816369173433,0.005935184757671408,0.005162808516731528,0.004310093733458882,0.03068744788028403,0.006328722400497533,0.07422181101734597,0.01658284460858687,0.007550015552894547,-0.009116426638145233,-0.013399494845448187,-0.01866111046513345,-0.0065563488304265505,-0.02220310740811371,-0.016897742782729114
2019-08-05,0.0020103859680888903,0.04749204171260383,0.017162602205183692,0.040403474594506626,0.03749490922340174,0.04378370117797795,0.10881678863832593,0.11812568020389325,0.0020260994676754387,0.07806074911269671,0.03088792541012649,0.023018522405552428,0.05192390409164697,0.10002608195614086,0.056774986538834504,0.061897888702368974,0.0554878955655583,0.10329573992259355,0.0371317197832326,0.029801422045472908,0.04295299994937422,0.04732758508430971,0.07755314700239602,0.051954035632909346,0.14204508912269245,0.05515739431337489,0.050934325358631106,0.034832349467743086,0.024084730428513446,0.026721305685169543,0.012535512122639739,0.023839303486751007,0.018570114871637955
2019-08-06,-0.1393455542948104,-0.19617348087706743,-0.11609909041472773,0.03612685042140088,-0.0081858436444735,-0.009978632340299201,0.034138754982791696,0.03896586265359966,0.0009750154471177552,0.02121669734265641,-0.026368650067039034,-0.016256315828717522,-0.0033813488103984213,0.0394473746718352,0.022499328385996293,0.014099944219329549,0.030937815804538953,0.036134977688601744,-0.009060747265951777,-0.003196108225266059,-0.008437238090872157,-0.012387304080063425,0.01674672433394253,-0.016405976705763454,0.05896997923266115,0.008843828701819767,-0.003876579966023049,-0.018974938012271163,-0.022455796890830253,-0.02788459682438778,-0.010778992934984188,-0.03167564154080171,-0.02397582236295411
2019-08-07,-0.009074352206430861,0.011029820201000481,-0.009588338426844404,0.01628712408625847,0.031794685143084735,0.03784734614933279,0.057481065674659014,0.060908641564598,0.0031084213889283063,0.06444609943709019,0.0469399588588475,0.03148211292730796,0.03242633347693058,0.0581022517057234,0.03773576348048172,0.040204026313727624,0.030849634038291107,0.055817298946347904,0.03337705286660123,0.020769113927972427,0.032879336368800104,0.032907247583690236,0.04614191355814009,0.022913419843650768,0.07073828040250636,0.04427423127830673,0.05013946241209529,0.04497249743773413,0.0363375788672767,0.04389657915179601,0.01820513453508088,0.04401782829171926,0.03285234348045633
2019-08-08,-0.1362804719119294,-0.003218518203669992,-0.023182490907214397,0.011659715594691514,0.02924299341974142,0.03574090701431191,0.05131413399166925,0.05280465643691971,0.003796329522461228,0.06334307473674479,0.049352129005358236,0.03286860356785996,0.027872335738423775,0.051624434207363436,0.03432382353060263,0.034794211701622224,0.026564770130915367,0.049256356216256236,0.03102536476835353,0.018689473182029737,0.029609263411670323,0.028644703976077324,0.04109053233354043,0.013674327907673423,0.06169562664181575,0.04361676563413012,0.05021075596126442,0.04677230005094598,0.03825137823413035,0.045375431055259874,0.018934653500250143,0.046367569118912634,0.03441987564812473
2019-08-09,-0.039245242461623274,-0.07401324909889932,-0.029627906183108916,0.010360463216089855,0.01224174954625686,0.014743131512739835,0.022729033932059533,0.02106773211126889,0.0031490259965287017,0.043443286568646634,0.0345658847124272,0.02418075821424252,0.007880627372421381,0.028804970306383737,0.027196102300732033,0.019994171869741766,0.018796526199325925,0.024445987344656455,0.0133708186404539,0.007281196772997174,0.0111888709320939,0.00573830566620052,0.020759469492396338,-0.01247790573122091,0.025989891187983893,0.029067242471066734,0.03265428723917019,0.03306912377387672,0.027642140637839912,0.03277952329960835,0.014285934976388562,0.03267145678001556,0.02439421333584324
2019-08-10,-0.1439843570863973,-0.1475886818553187,-0.10556732309603974,0.003999671083562066,0.01850188254508467,0.02297106572380751,0.028276077180613868,0.026949645444698096,0.004109212947425019,0.056984108046117164,0.05534147466445679,0.038652220902696044,0.012644397665995122,0.03623364630733287,0.03104790095122197,0.024557179193868645,0.018534642053081935,0.029197633186254752,0.020105116571031683,0.011290416910829512,0.017040959119267878,0.009368810754510015,0.025042978870557658,-0.012456480114017232,0.032877980352165714,0.039206486967710376,0.048672342722898776,0.05121975479879589,0.04447744261742829,0.05291767944584199,0.022525217218362314,0.053940026092724004,0.04140963937637091
2019-08-11,-0.1236726624421487,-0.08899716260191474,-0.06537613465796739,0.014568131633226677,-0.02737678312247886,-0.03196238760316502,-0.0238952734723273,-0.02852071551509372,0.0015874508396599059,0.0007173505967654018,-0.013214696682899133,-0.00687436113729234,-0.036379222700809365,-0.0055663768953092925,0.006754570629534218,-0.013220134771155875,0.006670075528492525,-0.017019225233324182,-0.027015883655270006,-0.019372526668403427,-0.03162724281779994,-0.05052650918615598,-0.02227823336701551,-0.07092847357122374,-0.01963587926654971,-0.005224575160059845,-0.010921369227357461,-0.011051447933293268,-0.008922936107733351,-0.012341654623875264,-0.004311800290559553,-0.01393981430776788,-0.01031528710998438
2019-08-12,0.001964835351549491,0.0530302098242433,0.014459323401474933,0.007283124462847586,0.012587849851850427,0.015648018722721407,0.02170128152676683,0.01882091031915382,0.0034443687853551452,0.04990123240983261,0.051901390481343825,0.03570622943550639,0.004198095804172001,0.03318146223681436,0.030472060679067898,0.020290631875523896,0.018927307048277164,0.024368539691876318,0.01432122477685649,0.005799572953825975,0.010129119061344246,-0.0035773466812380286,0.019407359933929946,-0.02833431801403948,0.026389463718577606,0.03565532298344731,0.04222720405829783,0.04699174953356847,0.041984728579789334,0.04984418583049314,0.021201688893064546,0.051404255209203185,0.03945652563082991
2019-08-13,-0.07100498563822688,-0.11095915589460414,-0.03420943018993613,0.007065265216988988,0.014066525639911434,0.01831160501988786,0.02723432734589526,0.023914450976253814,0.0030081331576905512,0.051855888839151376,0.056014214822742936,0.037905541154326094,0.007639476542821673,0.03658533697773573,0.03559853842190227,0.02516780007361034,0.02141377170207992,0.02935401711325536,0.015576344804249409,0.007545631964079351,0.012617353644389873,0.0027674877285465507,0.024476206543452506,-0.025002708427132408,0.031784385408334025,0.03897274525533471,0.046670551910443635,0.051023998297154684,0.04545364988976708,0.05445137196734843,0.022622132865099804,0.056427196439345906,0.042562389684965986
2019-08-14,-0.10778464006825257,-0.018456399143028435,-0.024462180627939922,0.02168666288010949,-0.048414663489046106,-0.0572513021441979,-0.04748072816091131,-0.054542526261742864,0.0012765339459681613,-0.016423593476861953,-0.02602029553822464,-0.01574606826658087,-0.0622309113221687,-0.02036720142069311,0.0029462901590204815,-0.029299355424501943,0.0056357037815123094,-0.03620565300131003,-0.04780427507566465,-0.03434597938090741,-0.05529481713223472,-0.08372255818607972,-0.043450470584075696,-0.1133426435445406,-0.041523034000262804,-0.016715356543431703,-0.02625049202847733,-0.023557096838605556,-0.019351034383444876,-0.024082930490012384,-0.009157092887816928,-0.02576197595212844,-0.019108808517429725
2019-08-15,0.014548932954813113,0.059172415425583345,0.02335478318244218,0.00981721408498141,-0.002136640527516794,-0.0005385818064818082,0.005650270792020073,0.00034811080065555444,0.002942670826138342,0.040145172111554515,0.04770514140465032,0.03276637591352749,-0.015641091699179082,0.0237932409579118,0.02490743049218702,0.00770773780831983,0.016987462476983833,0.011198597062980356,-8.97417135285276e-05,-0.0049045824714616755,-0.006521965743188751,-0.02886316264424682,0.004425876787032952,-0.06699032934576632,0.011656392737424248,0.029868922697623645,0.0338942928899586,0.04222023401890773,0.03869651570348746,0.04676316917549794,0.019014158860179542,0.04931001875755007,0.037316681239126716
2019-08-16,-0.016215604346813944,-0.02825021138458143,-0.0006467992806896324,0.013210069512047914,-0.016069221892527352,-0.019556256635063995,-0.007966564848178296,-0.014151063367703406,0.0021418370922985375,0.030486105699001637,0.039310725961196745,0.025906472331640746,-0.0295351472847661,0.015228904847247371,0.02501573674409663,0.0014163177838707834,0.017217167366402997,0.00048203109015343415,-0.015130174320836373,-0.012989868609685354,-0.021181420089506037,-0.05053592842655578,-0.006559660239388106,-0.08631609439345371,-0.0009040989658550084,0.02366264640438498,0.024955399347569813,0.03520442949188644,0.03235190797693329,0.03916563882160092,0.015940346764816777,0.041305483883853945,0.03103496145720393
2019-08-17,0.005162903681564283,-0.04090904650889223,-0.037036626705056364,0.008457961111584034,-0.000800939783205242,-0.0024830039894192524,0.010888049172632641,0.004665797816049515,0.0027680173567485866,0.04387509068464546,0.05604949938808327,0.037990979422620384,-0.012398250775140932,0.027550238602876753,0.031543423362516254,0.014234478856788968,0.018908467531547995,0.016469259656684148,0.0011191179920058876,-0.0023869559743504945,-0.005238081681045929,-0.03196451986869183,0.010471551514934951,-0.06927900427863982,0.016163921496356853,0.03416536644324323,0.038897513146160335,0.04992846588645605,0.04549602519740562,0.055247710154536556,0.02254601021807486,0.05764353958255904,0.04331286630161616
2019-08-18,-0.04570216867704099,-0.027588779504788736,-0.02178472521477204,0.018028511607026825,-0.04269743318723614,-0.04959176767712522,-0.04105045968514117,-0.050550086749426036,0.0013484184620556523,-0.004432331650344364,-0.0053242638076094195,-0.003567273800883619,-0.060163528674234946,-0.012447121526911076,0.00852534088522372,-0.0230089209642023,0.007463198082302114,-0.029845339095436667,-0.04280618329581376,-0.03154122481053593,-0.050997647232664235,-0.08591381603790893,-0.03675031533360299,-0.12978689554878317,-0.03460476054038549,-0.005356666945602366,-0.014178330980296158,-0.005223738541120977,-0.0026092963685261004,-0.0031462445027502874,-0.0008810335591936299,-0.0028615291240387344,-0.001546347598017898
2019-08-19,0.08902291474761818,0.09627674511560376,0.046504827324789666,0.016589175286220243,-0.005331780126176078,-0.006381499086878684,0.003310417272452071,-0.004475953187259425,0.0031368950715643016,0.04518957360520156,0.05382471058945389,0.03159189102060189,-0.020758620306124815,0.025944907779710036,0.04024497836984583,0.012372302827429849,0.024177488277974096,0.011762066375878474,-0.0032420285851779695,-0.006759143034426114,-0.012025089883909304,-0.043000216070786,0.005167428666521386,-0.09029124381118454,0.010662102471066545,0.03354058250912898,0.03672754403205314,0.047868775937704854,0.04108995229342346,0.052569076127179905,0.021031538304264075,0.055736258302722184,0.04156424499060988
2019-08-20,-0.024614350046580597,-0.08477812544583092,-0.02768661837871929,0.02740338456556272,-0.0596017548842284,-0.07211350108795944,-0.05334240911996968,-0.06503261892744867,0.000914799163933111,-0.0123475947567148,-0.020802653147222294,-0.021818777407852725,-0.07825460966703564,-0.01796965901614585,0.014279388851941762,-0.02890675489245975,0.012739157354423844,-0.03757978202468326,-0.0594164525017448,-0.04234171683383536,-0.06931613826046353,-0.11318667879056754,-0.048233609819513155,-0.1652419798299274,-0.045038804137467636,-0.013579640849783322,-0.026964772593051006,-0.019275912220734586,-0.019024865498696347,-0.019454272871684292,-0.009346228236276843,-0.019567335309050193,-0.015054805205396704
2019-08-21,-0.11499474445100466,-0.02444078387753379,-0.04252439462335319,0.02518315077732029,-0.00821905330455112,-0.00996275351798411,0.004577241475523704,-0.00657944011979487,0.00322349375702539,0.051588414786684744,0.057079749444754725,0.02378219853254156,-0.0258415639202297,0.030696313994821384,0.04918536001042965,0.016933458133138696,0.03162613437079583,0.015285995971359156,-0.0054751442311268645,-0.008265871530769076,-0.01603483153639503,-0.05545877707498548,0.006592804588559413,-0.11487457708664699,0.011623665689012519,0.03825219680970212,0.03938686984551124,0.051878169318847846,0.03954173535749147,0.054842966114720205,0.019884604675217094,0.05885611739126547,0.04286839490572062
2019-08-22,0.05144240756174886,0.07005688690553402,0.02520766241186963,0.03318268313285285,-0.018914370185741564,-0.023436506724327327,-0.0070805671236886525,-0.01947843434774299,0.0022834253215965696,0.04150879597226206,0.04380101358676362,0.00716798726505156,-0.03862620374687372,0.025147977219277824,0.05064905733740588,0.010275770014984845,0.03445254569457479,0.006517909264334598,-0.01690353267822135,-0.015900438560550494,-0.028235007891477554,-0.07184900827637837,-0.0033970403898244683,-0.13778655046598587,0.0014012898725465444,0.029944042891379752,0.027348410625651038,0.03883927239694055,0.025362096294871666,0.04137070079807644,0.012593784722230753,0.044786868738501205,0.03255351475489032
2019-08-23,0.012123952047978706,-0.008817257158494721,0.00403169152077254,0.03564017916013196,-0.033100999890865936,-0.041398083814533436,-0.023457797996303025,-0.03734750027130662,0.00039922371022912034,0.01589094735339695,0.023460195470167793,-0.015630169466940735,-0.0535810855583246,0.010137794621513763,0.041214996685907966,0.0005444865046773847,0.030297768491921378,-0.00765668073775642,-0.03168054198393625,-0.025116847599006082,-0.04293353974194088,-0.09090823355269517,-0.01662602347616815,-0.15575482283052366,-0.015343012606886456,0.012995071586247834,0.006869315126763809,0.01887164083177743,0.004529353682152386,0.020455744497515305,0.002352699198022575,0.024277844528317754,0.017139024190813146
2019-08-24,0.10442619351726738,0.09327937772663504,0.07046115426630628,0.038382486707380536,-0.02917070105176241,-0.03846532872237921,-0.015957641084434943,-0.029911564518803797,0.0021332828660174386,0.028571360583007948,0.022679103168559738,-0.026088737289324076,-0.04807013690771574,0.018047704662290442,0.049587595838862665,0.005478860044107729,0.035579914953307736,-0.0001637718482330186,-0.028150230377126384,-0.021862859547767677,-0.038713133083042806,-0.08375994543557663,-0.01091384499703866,-0.14868772369818029,-0.006882843574121426,0.018129705139877217,0.010881662204116793,0.019335144937657017,-0.0013635960540820946,0.01796264123885501,-0.00042526138209749337,0.022868563420381054,0.014784215669333634
2019-08-25,0.03767585965481013,0.04713843485566649,0.034219401110596216,0.05705027399135639,-0.05358873264445011,-0.0672831337199596,-0.048054784410871854,-0.06424003077014954,0.001548557449933874,0.0014106640462593727,-0.013262852958918122,-0.057609722996061485,-0.07634008988882861,-0.004826201347350197,0.04005049729705027,-0.015161551373908585,0.03347743915221694,-0.029464628454314006,-0.052736584923944285,-0.03944859604521748,-0.0653201717330137,-0.11806715435630603,-0.03798719329502968,-0.18357791998120407,-0.03801711713474868,-0.0064688423309521665,-0.02105242514369987,-0.013484735010152052,-0.03324966952782541,-0.017420127206349,-0.016775999097836152,-0.012969125913540935,-0.01195346692396182
2019-08-26,0.08973052138717048,0.13294007491188223,0.06806975640611206,0.05303490496351267,-0.011973422032822256,-0.01845487480649588,0.006327625463470099,-0.008873341906654453,0.002291498502157374,0.05041500511831446,0.0456846224101044,-0.037083385428531145,-0.02988945768671473,0.03794665856504942,0.07257822999318393,0.028161977435959013,0.05363124451266099,0.021930868931547092,-0.009128252882202167,-0.009958900261761272,-0.02048575048021443,-0.06869341594098266,0.011659656552973926,-0.13802580072583007,0.014566930862473626,0.03380359337884542,0.03140328194032952,0.038617699797420656,0.0036525784627219338,0.03603499653812303,0.0027860952495523486,0.04535491445305192,0.030694302129754842
2019-08-27,-0.02865443916433315,-0.03502438240460215,0.0040306939263459185,0.06911433476158102,-0.0700915372336987,-0.08704323686751092,-0.060615674191062396,-0.08043105099167717,0.0009351207236478013,-0.016246494027248797,-0.043640805267206005,-0.10927675493629548,-0.09334492915620925,-0.015218306337509091,0.04323379971308613,-0.019985073298898055,0.03939297075084861,-0.0368220450763174,-0.06925547296752743,-0.04903540639690185,-0.08258343680268905,-0.14416320822723586,-0.0478769418720022,-0.2161682986831656,-0.05072890576403122,-0.02257230190635943,-0.043053382758719394,-0.041234963946152746,-0.07280398187301174,-0.05066627922557684,-0.03524657219733296,-0.04514380504217345,-0.03766589096774601
2019-08-28,0.07395293445948159,0.061166646505968515,0.02081373191087958,0.0632197168231512,0.0007164489909679735,-0.0020324266336508856,0.021671923027991074,0.004549314524341004,0.002442130807385349,0.06057260981876814,0.04893032571616077,-0.06405589356264733,-0.01727683412964372,0.05093143201629916,0.09042014734963096,0.04395677805725118,0.06581061496686047,0.03759923016783399,0.003272953782106569,-0.002019964754373641,-0.006977683225356894,-0.05580518297911189,0.027751455978508293,-0.12962994901189737,0.029841758037750132,0.03990287059388938,0.03792217560620218,0.041710024884321704,-0.006384486140295446,0.035844770996365405,-0.001997512138408967,0.046915556397683154,0.030917798000185865
2019-08-29,0.08371783244763753,0.11187379131136381,0.0554065033097384,0.07557154795644856,-0.011139987669073648,-0.017201910447894875,0.008898215714962335,-0.008715637827417133,0.0021579542883906435,0.04716153753791256,0.02412257935381253,-0.10128482256237081,-0.029151280983297962,0.04063289415906427,0.09123685188417108,0.03900479532694708,0.06974417454034576,0.027162076281370535,-0.009207241769161692,-0.00937625673186234,-0.019593130574260858,-0.0688903964896026,0.01780025226620552,-0.14239853827445823,0.016573903717734,0.02522778091256554,0.017715872167266628,0.01799065981197323,-0.03589277087197296,0.00851807998256208,-0.016306536025406732,0.019872398494641175,0.009996649091557805
2019-08-30,0.10581178299198409,0.04965439606728683,0.04426268562671343,0.08307734513124121,-0.023496860421608663,-0.03216730458737812,-0.0031005007604173094,-0.0202182586499197,0.0006763494797826416,0.018219045262513056,-0.016658138856006904,-0.1449460119944789,-0.03850534364396433,0.02487960625743006,0.08542399688266016,0.03014398499509241,0.06707051715956573,0.016215892921098707,-0.022271559412719633,-0.016254406329066384,-0.03149536737253319,-0.07941928409590442,0.0063822724808654625,-0.14222195919171524,0.002789583817121392,0.002020529685181849,-0.01453345552246225,-0.018027905073731827,-0.07385015578197714,-0.03138023686268484,-0.03440573524983807,-0.020935803824148874,-0.021683100038236702
2019-08-31,0.0533699774208117,0.0327211460516826,0.0260673161023585,0.08003871513457887,-0.04419205871472295,-0.0566269971172438,-0.03014603376281677,-0.04710725663170301,-0.0004818383900315008,-0.017361037687919634,-0.06397282274246792,-0.19654881008292127,-0.059232809349476646,-0.00237838153679526,0.06231668205283573,0.007969239453064011,0.05385253725508843,-0.010138810452186084,-0.043816635174284656,-0.030240046832503847,-0.05285378639359095,-0.10082581336053575,-0.01841130996095064,-0.15341686036665644,-0.024761750578005486,-0.028887215318657528,-0.05300806517172241,-0.06177886690752891,-0.11967327269192918,-0.07980086341961339,-0.05764506645343944,-0.06925546795290079,-0.058337856710578194
2019-09-01,0.1330119523640243,0.07885454734487822,0.04582008130552347,0.07678878333409589,0.0501929043612197,0.055821194449294786,0.07557013007250497,0.06467491159355158,0.0028465399714872794,0.07820269059032932,0.04876770111990947,-0.13456160549184837,0.04505912482901072,0.08001516188271236,0.11549390919498108,0.08760843594228529,0.08623825570128218,0.08457404667181538,0.054060416231695996,0.03317448344691728,0.04883654987339625,0.02678785194409124,0.07899702217053613,-0.019960499317494513,0.07743839180290824,0.049133161628367894,0.04638974344226051,0.04094305385659336,-0.034595655691728545,0.026890640029434348,-0.014528865935703609,0.04303579172693054,0.026033083638640875
2019-09-02,0.12447150472911768,0.1312455723494844,0.06421174982980382,0.09308729891025092,0.022163062023431362,0.020915646028184298,0.0478892305156308,0.03367689870058873,0.0011836631823394228,0.04485593094272655,-0.002332213717498514,-0.1997998700684874,0.015101672653553186,0.05688847514422187,0.10735552390963769,0.06937223492171334,0.08640282757709923,0.06123722551846337,0.024505943452117762,0.015088576152437009,0.018683634855937825,-0.009908395983578325,0.05460613448148077,-0.055580321288974055,0.04853249241772417,0.01903674977715693,0.005209507088642577,-0.005574247863692723,-0.08866779984185147,-0.025961343759999107,-0.041133863310556386,-0.009702237870949185,-0.016223382143849108
2019-09-03,-0.06415866703012545,-0.04498650247184077,-0.004958645069763179,0.0958652554623886,-0.01037014707293249,-0.01480802726203508,0.006418452665529688,-0.004649584224196701,-0.00027263932028187554,-0.01095458429763744,-0.07915964129542186,-0.26823618791188214,-0.015762598183815868,0.014637704550907552,0.07437543319460656,0.03230027340737607,0.0667216759830375,0.019932189891682956,-0.010141963487269182,-0.006112724373597445,-0.014145229881272906,-0.038395708242008254,0.014016516590301897,-0.06726769685971916,0.005804998332481344,-0.02863041132761494,-0.054083731603719855,-0.07583978114103325,-0.15466948664713018,-0.10232978006133771,-0.07356403100321914,-0.08878068379468296,-0.0744892251997727
2019-09-04,0.17866101126407777,0.1686187620274806,0.10859984845178812,0.10026590789668995,0.05580547211999409,0.061819993885720535,0.08698599876040507,0.07632942241712175,0.0014618201404272095,0.060366859388084095,-0.0028788943317161753,-0.2545730550328731,0.05593129816720074,0.07853915789028558,0.12457907445258061,0.10011190070275659,0.09954540105101106,0.09425956040771528,0.05779115309973548,0.039059641863123495,0.05644841963123485,0.04346834526270212,0.09083264095927508,0.011373247451576122,0.0836757387468016,0.02734966577084356,0.012265719646986048,-0.006641273046078607,-0.10959384989258059,-0.03335684194149676,-0.05004017401430024,-0.012970307607136355,-0.019829019212073955
2019-09-05,0.15905034351632028,0.17876822932955191,0.10331602865699718,0.11933169768205183,0.046618970164667616,0.051214490350414664,0.07922127548746438,0.06692696992077411,0.0010133730902867437,0.04980255522053856,-0.026029765992103826,-0.314206844646745,0.04513326497648181,0.07392963421139036,0.1373641605232523,0.09912002407054299,0.1102449175538925,0.09042670220429254,0.04956368754369548,0.032458287002481136,0.045676088455534135,0.02571565221360957,0.08428078790456232,-0.008936963900625964,0.07661049441082331,0.015376763394036708,-0.005164403064666996,-0.028285043303830193,-0.14527114752144143,-0.060437125259189095,-0.06714283518613821,-0.03844019823705006,-0.03964112575000526
2019-09-06,-0.012102608551772143,-0.020380463433497642,-0.01030225408867628,0.11918575141674588,-0.029876302781119968,-0.03934505635891158,-0.013813861080524662,-0.026844163716983022,-0.0014184560011324028,-0.05080445053636969,-0.16117514914381648,-0.42050273370965474,-0.03486448786957208,-0.00953980541548353,0.07541403697006362,0.02432674229946515,0.07292902677872615,0.003779527311702798,-0.030742020495889772,-0.01882524551781402,-0.03467297810543032,-0.06011073098549099,-0.002516203514232096,-0.08446748769171582,-0.0176219731857028,-0.0707746525737812,-0.11218770515554392,-0.15020366761327844,-0.2558409208887422,-0.19233399123476977,-0.12162982321959366,-0.17567327817622344,-0.1423489347188497
2019-09-07,0.13045420932761567,0.12040904082190214,0.0808301077356101,0.11244832876340194,0.07324657006290873,0.08434440615472176,0.10628544221924911,0.09902638886850242,0.0017021588373541026,0.060659058051037405,-0.028163122260559764,-0.3421385877279179,0.07996749429850336,0.0840661515291723,0.1345750221781025,0.11463597298665136,0.1090647300873755,0.11057457677899556,0.07623647609444213,0.05071712441474011,0.07751486405118098,0.07860002611121401,0.10833629576570687,0.0628188907748329,0.09947649318361496,0.019878885597912916,0.0020069027749830917,-0.02977071026597707,-0.1520068994521727,-0.06549283611100225,-0.06852223357999983,-0.04192046309666727,-0.042005656910366916
2019-09-08,0.0821494676768606,0.06859089515844286,0.041210394322005385,0.110800897897807,0.09573054073405096,0.11000268367618411,0.13313952745346538,0.12630338937652189,0.0012703486955502423,0.08237592897752617,0.00962343122523901,-0.3111240711727709,0.10443152272785798,0.1052062014117811,0.1507447726112887,0.13646603659173331,0.11675414191370888,0.13529195479024883,0.09956950206868272,0.06619493515327453,0.10191831496661585,0.10531909936127153,0.13370553305170704,0.08931629061879705,0.1264308497241382,0.04309476377304181,0.031110411937038823,0.0046053457794474895,-0.11914532171070302,-0.028305887252924045,-0.05247253627964069,-0.004101715188011686,-0.012861052002958395
2019-09-09,-0.02594322180622788,0.0373307189954882,-0.004414373623530328,0.09216145140468897,0.010248607628364326,0.010285887830233284,0.02381258067581271,0.016095049054380972,-0.0007765688659855385,-0.021557135894769115,-0.11396796515339129,-0.36380223443467824,0.011803469915518505,0.012970466600658407,0.06939863434067828,0.04315827685634085,0.06411990869617352,0.031606393823017775,0.010592776116629565,0.008341182125097824,0.0098203796236452,0.004135781184309313,0.03027327131171731,-0.004437029953805016,0.017132387581415404,-0.04210502658743328,-0.0747294519150407,-0.1069175180786992,-0.2022309416920649,-0.14232051864577913,-0.09431413940438353,-0.12622030350623556,-0.10319888618045514
2019-09-10,0.10135893316614834,0.04387060937110506,0.058111345650409284,0.09650461039098879,0.06993421459349314,0.07849907826302942,0.0971904238644606,0.09301300384006546,0.0013743655501453251,0.04454014211998795,-0.03292758675555163,-0.32230198407836735,0.07710431614319664,0.07114294486537116,0.11664614730040516,0.10502339717280644,0.09352010076970707,0.10066757156193014,0.07180671848241389,0.0491901245388604,0.07336727479458845,0.07723793704118413,0.0998529240247364,0.06768802039576312,0.09038991534687064,0.01198079787951715,-0.01240567005392279,-0.033728417202972594,-0.14441971072842197,-0.06552842747294314,-0.0664009827421476,-0.04402003112505989,-0.04248723670790374
2019-09-11,0.10689810222972114,0.1070822177832375,0.07309096443718843,0.07788565263458273,0.05540002669108161,0.060541546880147123,0.07965460593773403,0.07504666704169131,-0.0006659379979883084,0.02431060641683273,-0.029728504117361904,-0.267350134534946,0.06251626212972727,0.05475724930229061,0.09739301960012936,0.08760983136876306,0.07517824245513409,0.08243151692992938,0.05769121346752796,0.03964085043450272,0.05896283302179365,0.060928276629854373,0.08256017312011761,0.05522360961571297,0.07324129628573288,0.005081804359141333,-0.019799346635729798,-0.03051141193129266,-0.11857236990708457,-0.05553160373976033,-0.05402380693426808,-0.037420815203944656,-0.035631664464685464
2019-09-12,0.04503572690032239,0.027263902225388954,-0.008415551527768036,0.0913140735083718,1.2874523590037748e-05,-0.0034303614640665003,0.01008038034278691,0.002050114238857148,-0.0021576267532100366,-0.051129771960625923,-0.1379724607559707,-0.3817165360215015,-0.00038702479813886487,-0.0053162170539933955,0.06435799773098398,0.0354946407715279,0.05787277974996089,0.019793742187409553,1.5857995585714473e-05,0.0014453514711402586,-0.0009798237048335896,-0.012429987626840186,0.01955522557654484,-0.022981946716498076,0.002205386122086613,-0.06174235126272295,-0.10735201992436938,-0.12938278591579552,-0.22298757793756607,-0.16462463774316896,-0.10424385037117023,-0.1480721519866144,-0.12053589906187885
2019-09-13,0.05555426571548224,0.021230967163881953,0.01495181790091434,0.07064637515493526,0.06430828408090446,0.07460873912570569,0.08642935227775439,0.0832585807359371,0.002599103000269961,0.038417780582816974,-0.020778619398768683,-0.21912015786816585,0.07138634153935008,0.05797269000314831,0.08888002885562463,0.08440187182108261,0.07021369978804633,0.08629749741850883,0.06661950795825788,0.04502981534936623,0.06878825125936139,0.07557133158413472,0.08611262914721873,0.07167064991076533,0.07976501914758376,0.01271456941752073,-0.01744047791438656,-0.020998335119982947,-0.09671393973378972,-0.04226889337860307,-0.042926382325430744,-0.026868195273257456,-0.026967140779632953
2019-09-14,0.12484938261733758,0.0863316675019276,0.06132523624992636,0.05840605216287701,0.0495911624083624,0.05620992554086938,0.06509507950309008,0.06190472103266279,0.0006719653739546416,0.018139310072182724,-0.02277355854291437,-0.1953050048320657,0.05385436104958311,0.04090812889545011,0.0750163135280486,0.06955514151952287,0.0567792730232215,0.0660048529458237,0.050832034619191425,0.0344251915874357,0.05132790188149509,0.053650424884846316,0.06822030370113492,0.05030480304795996,0.058167765056633236,0.0029874912260930606,-0.026897504356512354,-0.023695902996243134,-0.08673352180088607,-0.03993807856834142,-0.038848988240716,-0.02708603946966015,-0.026500658780487758
2019-09-15,0.07169667419633081,0.052409901075017196,0.03653433764769757,0.06360102271045658,-0.007160448731074649,-0.010155098587004177,-0.005550434350512094,-0.010944829981545409,-0.001778937115897013,-0.059663927081363845,-0.12912164185202504,-0.30223928015380813,-0.00845505264963394,-0.02044664442637008,0.037411727862750745,0.015647304065324736,0.03315831184411344,0.0007797073484701045,-0.006812189219218408,-0.003931689757177577,-0.008628662919687299,-0.019410525534967842,0.0033800546101063014,-0.021578258211014816,-0.013150036928258816,-0.06351951096236312,-0.11015385173080953,-0.12025316359238343,-0.18307760719802335,-0.14646928234887766,-0.08617034408803932,-0.13590814666607454,-0.10805032089671496
2019-09-16,-0.04056940061568529,0.04213042168691583,0.012230827580745007,0.01380459964464927,0.1422044517723915,0.16961852225572915,0.14135905033792065,0.16349918348136092,-0.0023389491842378263,-0.031807842196352944,-0.09803676360788731,-0.2535644049797954,0.18582298785290932,0.022534968248511273,0.025806325487393995,0.10475263721031484,0.019002987507235797,0.11107799659195046,0.14283659557775477,0.102306122583616,0.16482255202262644,0.2574923391232928,0.1341236059216362,0.3629286573953833,0.11423454310230478,-0.03716671277290414,-0.08558635389143306,-0.09010378484419945,-0.14884889867475515,-0.11345632060025679,-0.07027041769259827,-0.10323879665875808,-0.0835611464458254
2019-09-17,-0.01743190818435325,-0.062028358731827694,-0.01472439611324076,0.022484146722129655,0.08706727410785131,0.1045289981107637,0.07622884456465329,0.09674805761194853,-0.005056403426557369,-0.11084747645212427,-0.2109856046822287,-0.38500862970383015,0.12806883966033134,-0.036757766155180484,-0.010539092636170663,0.05333955572403296,-0.0004304734150473166,0.051710463047731636,0.08523841484879895,0.06582208921198103,0.10672150129687481,0.19364754447822463,0.07385803932870279,0.30894074902355523,0.045905544697197875,-0.1055964206635706,-0.17342161336983195,-0.19359930522417645,-0.26116309599390153,-0.2287298124749307,-0.12493700484073796,-0.2196671710793702,-0.17299022175975498
2019-09-18,0.041443738050175316,0.05074863076252534,0.0326177328180964,-0.0011769194519484216,0.13648087669792197,0.16116653445411502,0.13240819182662675,0.1564470738848002,-0.002583659994137714,-0.05881408112651432,-0.125883730883,-0.2568904146776845,0.18523101946388879,-0.00022545285542996396,-0.00038975998972097986,0.09240350328156725,7.578335718812686e-05,0.09864942496833755,0.1358289882864856,0.09928497433486694,0.15996379730287025,0.2607514665285698,0.12508109321010727,0.3875539367139851,0.10165057847821135,-0.05776014724099573,-0.11347443609840398,-0.11490725961638315,-0.16403090759769956,-0.13769615610486538,-0.07724344773311682,-0.1295201037096018,-0.1029301141423445
2019-09-19,-0.037468924351942746,-0.017001590832167974,-0.0348480434822358,-0.010380108610172615,0.13981107641136722,0.16817612643140212,0.12903884567524435,0.15435198227637503,-0.001992086202127652,-0.06498252150273783,-0.12873460555123226,-0.24242539954364428,0.18754084511753502,-0.007479405149770635,-0.00934756766985941,0.08503494820715751,-0.008984661533306237,0.0932467462700292,0.1395995659483885,0.10058868857981285,0.16327795265823605,0.2678188010450911,0.12071881899016734,0.3949545394227017,0.0973533485518366,-0.06129625072422051,-0.11968424787188159,-0.11765123247631415,-0.1592658731832408,-0.13802020091105435,-0.07506262923463058,-0.13085281878408375,-0.10260300555259387
2019-09-20,-0.012204521212924332,-0.035890570751869966,-0.013979611756365825,-0.02446598189305445,0.13618447435211264,0.16415832133418343,0.11772862355384135,0.14318142375600504,-0.002204390647791025,-0.06949579821021008,-0.12041598291203837,-0.2014927423549162,0.17987251662635964,-0.014745167309810606,-0.021865813800492795,0.07541038289115469,-0.0202281031707298,0.08210052754132935,0.13606734346158986,0.09717385719857437,0.15911034121630507,0.26041958685423366,0.11122978720298764,0.3807687663840535,0.08620820302609467,-0.061972610047533884,-0.11839724426433129,-0.11018540661809546,-0.13774151966020032,-0.12586415625068822,-0.0652494824286552,-0.12150619495764896,-0.09412683437492515
2019-09-21,-0.06123199327369896,-0.030109216591974963,-0.018947566456860205,-0.021696186350695257,0.06955451754734909,0.08461265551236785,0.04292722318914096,0.06747287055468387,-0.005019271742117581,-0.13532054825072168,-0.1981688754753724,-0.24596416258466855,0.10921910394968186,-0.06758770483357779,-0.060644737272384695,0.016274964351923476,-0.04274776405088835,0.014635573945337358,0.06666604354499454,0.0522728569739647,0.08782785283908012,0.17907711389801761,0.04106058577340891,0.3022771536792274,0.014315303636801483,-0.11122842645999616,-0.1816301634449268,-0.1799032246274909,-0.19667055207047124,-0.19912635013524613,-0.09471062872501641,-0.19924606244345297,-0.15240946358478377
2019-09-22,-0.0315395843076948,0.004140554911494417,0.0010315005839756826,-0.030486341638646053,0.13576675445763886,0.16272822933018816,0.12318082194720059,0.14837637734138612,-0.0007829605104250348,-0.04926137908789485,-0.08696221195224545,-0.1430946390127857,0.17870537204581063,-0.008530612223651701,-0.018044648347763943,0.07776422578259545,-0.020702275840483193,0.08780856518559037,0.13528342016824121,0.0969732322125673,0.1583687244517845,0.2552754278758365,0.11483978710870701,0.36775248198563243,0.09450454192531262,-0.04536838082116024,-0.09611574249690354,-0.07975304613652796,-0.09637736571253235,-0.0889649786490591,-0.04486626042928776,-0.08608402465928162,-0.06606637734289755
2019-09-23,-0.043094246558094206,-0.03605849325406766,-0.04936682182287792,-0.02047068388347058,0.053909207691356244,0.06390406770595576,0.03491050691504327,0.050925934654831785,-0.0032805236110210836,-0.09868656269559987,-0.13528491506977147,-0.1677950058816844,0.07945613571297845,-0.0487385628850164,-0.04120945227733778,0.016146461488978876,-0.03249664561883373,0.014244447237957184,0.052409185527901116,0.0397569309178607,0.06585504901870791,0.12562528238249548,0.03454998293197745,0.20463297863828345,0.01379154451347168,-0.07820991112888868,-0.13521820779171664,-0.1226093475007799,-0.1318193963372932,-0.1335220126787462,-0.06346369373127114,-0.13330318612086778,-0.10167282905790949
2019-09-24,-0.02586358280628624,-0.058310418346078606,-0.02130393149817955,-0.025162191308869097,0.10772609941250977,0.1288448042828391,0.09718136820571921,0.11758730843741787,-0.0002277658357074941,-0.046525742873848586,-0.07710260758863363,-0.11930638431969243,0.14176214450578062,-0.00970589525378814,-0.015473240601485324,0.06166311951202186,-0.018035821727274026,0.06868765803369066,0.10754842086061196,0.07675168090397566,0.12515804789967314,0.20430524816387882,0.09075391835057071,0.2954180280146857,0.07413509418085902,-0.041762695056202816,-0.09014922862558628,-0.0704487863903956,-0.08245369877251314,-0.07713899405616657,-0.03885906570397039,-0.07486503745962352,-0.057620260580373873
2019-09-25,0.05895221682131687,0.041470775867783395,0.02820666404977601,-0.0275920067183509,0.08152910674523905,0.09843240182599011,0.06637362389009471,0.08291525992079289,-0.0005793143287364799,-0.05605713488508209,-0.0791015712429702,-0.09896359514942728,0.10859930173516237,-0.024136436202427447,-0.023833393560012055,0.038539634192172656,-0.024758842107933294,0.04288145869239024,0.0808989219785327,0.05752743297368627,0.095615290798109,0.15713812911141942,0.06265423319362788,0.23421005113055374,0.04630544568900833,-0.047303063234742204,-0.09115821784665575,-0.07195463122976875,-0.0756150188302458,-0.07653698759553389,-0.03526962915439835,-0.07631874785933353,-0.0576174756259098
2019-09-26,-0.023236808411409033,0.013194306815755693,-0.0021086436567238445,-0.02190006208426472,0.025729203304880006,0.03161168025988559,0.002123686687143985,0.018230997494823004,-0.003318437488870766,-0.1138356445235195,-0.15949815907165346,-0.16112054746712326,0.048891560805969604,-0.06728743397881587,-0.05734275248288023,-0.010043686197209745,-0.041924197849468804,-0.01480166846155928,0.02360574174033066,0.02106121707104247,0.03667324714004513,0.08967635258523643,0.0034485467782990518,0.1671990035752652,-0.016447731490394208,-0.09377088938052965,-0.150903529604992,-0.14342971830630238,-0.1429585941223858,-0.15531462830445442,-0.06962169768951565,-0.1584736467397659,-0.11961387954622775
2019-09-27,0.06563593824587821,0.017262946390773415,0.026924430599786813,-0.03578118474539741,0.09720849586874358,0.11767418251658739,0.08042203180577771,0.09926214676101915,0.00025220245282279546,-0.0302343876220658,-0.045446777349229826,-0.047110735338634115,0.12454855960659501,-0.0068827866124614445,-0.024143010176128705,0.046981800036475896,-0.02478917854711297,0.054443130407224594,0.09733179659514857,0.06797989391421251,0.11204157200100529,0.18125151861450442,0.07490228289061236,0.2564067580489973,0.06219235447386199,-0.025140386287573573,-0.06038160175390317,-0.04093443865588675,-0.03756270388676312,-0.04150340962369429,-0.017977618938005275,-0.04178572349853541,-0.0313862738015418
2019-09-28,0.01597477999342149,-0.002325741618321923,0.008907404505621367,-0.033889973689855836,0.043576433469463126,0.05276290934296668,0.026560486223475028,0.0436707948467235,-0.0038058309308673564,-0.08605131470290199,-0.1053327432929579,-0.08368246413138596,0.06883773753513278,-0.047737287774485125,-0.04835721834857676,0.007024076871800548,-0.0397265842125778,0.006991503936306209,0.041338279997280715,0.033349379631689345,0.0551507268033431,0.11382636528501273,0.024319375680031285,0.18996062747178755,0.010001211755651754,-0.06529854581293826,-0.10718802648316217,-0.09504517663610408,-0.08511224459265421,-0.09886970924170917,-0.04184796280473613,-0.10230983660349195,-0.07742253897535949
2019-09-29,-0.10974646091768614,-0.030370129775797967,-0.023565324667729648,-0.03024747822972736,0.054106401094703216,0.06615149398060834,0.03400514214570668,0.05197364332969793,-0.0012340739671170553,-0.06383800213446911,-0.0858597537841425,-0.06188321040540057,0.07801118091197523,-0.03302362760530938,-0.0442951289962353,0.009504819701466438,-0.03525166994136578,0.01359571307951383,0.053238019722507524,0.03939645655651584,0.06610929936107308,0.1258807492001015,0.03069624615102236,0.20095028719963506,0.019430257344749197,-0.05085058211984025,-0.08862213094162137,-0.07679875536276892,-0.06833927473808465,-0.08058408770707388,-0.03397609445066744,-0.08328173196602891,-0.06292900820121823
2019-09-30,0.03692077060848161,0.02500889369431943,-0.0028798666156921726,-0.02288532468981656,0.06118888419389664,0.07404750863841751,0.05674971802098986,0.06689883079413761,0.0009369337562645796,-0.002468156913827476,0.003943334986119318,0.00907968215465941,0.07681988292884216,0.005839670961305998,-0.003955025226580755,0.039285840326927314,-0.009697702039138298,0.042560824831390974,0.06161042408478412,0.04306286450313775,0.06998351919471328,0.10473183384184903,0.05525085313816428,0.1440377293003475,0.047797606992720766,0.00044158231205493337,-0.017283161682846604,0.003336872420306077,0.008837200094126807,0.008105480561734288,0.004704136675956742,0.008042840282987443,0.006319677946913534
2019-10-01,-0.007580685450816767,-0.05291729284859237,-0.009010929664131417,-0.06824906748327624,0.017869839688108808,0.021271053477811108,-0.0021513515744375766,0.007846651056533224,-0.0007700011685723614,-0.039588663646551524,0.011819772452486296,0.16354404609735074,0.024818557987712413,-0.033274121416480895,-0.05569207159884856,-0.016885583367024577,-0.05526473506807091,-0.014251438629447518,0.01719626078896515,0.012287831873432372,0.021930098269212845,0.04361384269152779,-0.0028257967802366815,0.07344971080719098,-0.007085327720222227,-0.012431227234261932,-0.03978268884228461,0.012317499454155426,0.08008625948552812,0.036608583862350365,0.03886611305672746,0.025178677420934825,0.025518999311284613
2019-10-02,-0.08742709975658321,-0.055031474390684565,-0.03743938985338987,-0.14544885838975366,-0.08412414622503069,-0.09552831957423447,-0.1464596914848227,-0.1361307225151848,-0.004622671564371868,-0.15111204687808844,-0.04542559405676183,0.4174366474311186,-0.09191665769304347,-0.1398193756715743,-0.18228621098389772,-0.14808148694795253,-0.15109417279863457,-0.15379364834139894,-0.08679726596125696,-0.05958591576617186,-0.08804840485368685,-0.0827812219182024,-0.1415117847389776,-0.050800424552530345,-0.1481687912997153,-0.07620396924805857,-0.13178759570320064,-0.03370404493763098,0.15879820847405401,0.020717119638990294,0.07167407036654172,-0.01703493262298217,0.004326225329853865
2019-10-03,-0.02933439300616225,-0.0028317836197988555,-0.010477608668554517,-0.1645551876664788,-0.036091917434895926,-0.04170065106764653,-0.0860413884904121,-0.07268177623132181,-0.0012037438849112903,-0.0799088432187552,0.05311333642785332,0.5064521914984406,-0.038992285176518905,-0.08949007463623342,-0.15436060954714245,-0.10477227625691832,-0.14154750970111754,-0.1005358693865513,-0.03728385265283526,-0.02707249612175507,-0.036984121612345135,-0.024308506761829385,-0.08722753842034248,0.006240816162312868,-0.08482606658720886,-0.01716228370018798,-0.05844748703555661,0.055539182067192584,0.24863803301159404,0.11829975778268764,0.11621858972733239,0.08407274292513141,0.08171817107229658
2019-10-04,-0.1001960753822367,-0.10912017328059094,-0.06574405593858697,-0.1586352353083503,-0.05101338470069224,-0.058776621143902474,-0.09947004564142355,-0.08900455252074302,-0.0025435998945818974,-0.08110994307789514,0.05979190713227922,0.505137122072799,-0.05806324218262956,-0.08921651317079367,-0.15124018684551332,-0.11338905268742867,-0.1376024168994737,-0.11020790068708486,-0.05268867392656151,-0.03725937396245597,-0.05369136621488124,-0.04896062919534868,-0.10020945756411177,-0.030404734389622174,-0.09540693696430698,-0.014891913605368087,-0.05162338071339138,0.060501885465407725,0.2505572906259171,0.1244450726162419,0.11754627748789008,0.09153394976221978,0.08707129543193333
2019-10-05,-0.09517515202572024,-0.06547450347493407,-0.041045883012057395,-0.16563063803187936,-0.027638823543814084,-0.02969979026409053,-0.07769142629232888,-0.06608270855317382,-0.0024997250502816946,-0.06759329175018773,0.07494337893522118,0.5146578927498829,-0.033511542073585275,-0.07895517038429212,-0.1461013766873922,-0.09756625783256971,-0.1368168186739712,-0.09120990052674423,-0.028284283026261885,-0.022303164785917023,-0.02878775423534415,-0.01642128412563289,-0.07933410585365319,0.004373331483858323,-0.0758277752023,-0.004550161031517656,-0.03643837919851656,0.07456151937415978,0.2610310770833948,0.13808711736118054,0.12301494848154437,0.1060695203980595,0.09656184338828282
2019-10-06,-0.0768097578339167,-0.0665260446711781,-0.043756456304152515,-0.13727938472063025,-0.0594698468823894,-0.06622085693536839,-0.11561945314160423,-0.10341176104120198,-0.002960268568100055,-0.11274146829879683,-0.006342148947484342,0.40951055937755854,-0.06348707705439871,-0.10973542868339455,-0.16074328723702522,-0.12347227782003915,-0.13461273039229985,-0.12498314259674033,-0.06171997279660424,-0.04270723664614925,-0.061322765919468246,-0.04828926138742181,-0.11298479844012792,-0.016990651386738165,-0.11554595375701766,-0.04910113666307788,-0.08828050448916673,0.0014300088991925364,0.17357652778939117,0.05238282092755261,0.0796474496438974,0.01983246746056011,0.030681426054878003
2019-10-07,0.017793933757187446,0.05253142333456692,0.030734079005625265,-0.14076214963625588,-0.06175874409736289,-0.07161754381782377,-0.10434541038249989,-0.09805656108454534,-0.0017998585683089985,-0.05811428999850025,0.07358358163606749,0.4917085651639965,-0.07620725900419097,-0.07557729968228877,-0.12949928331772176,-0.11084687360181918,-0.12046124832280529,-0.10741588731761098,-0.06294497299689687,-0.04619814473622933,-0.06833035191553331,-0.07935571075772252,-0.10352356509714629,-0.0846454047983854,-0.0953668407450466,-0.0021634270563678135,-0.029879180648489267,0.0728467440632885,0.2502273240164123,0.13273554695578613,0.11803569272929308,0.10172179991663821,0.09334070136863055
2019-10-08,-0.04777428581026196,-0.09875661415146908,-0.03956034627587357,-0.1187888352576542,-0.09063007626534691,-0.10478577627614882,-0.14266814169201383,-0.13703841618541576,-0.00313969704505516,-0.10762514498294025,-0.007085770765850856,0.3814902662354151,-0.10588624072517543,-0.10931605446437231,-0.1435271927179381,-0.1353845050845912,-0.12148151473378584,-0.142347859232828,-0.09344201676576198,-0.06468286625796645,-0.09827480688480517,-0.10998982719073662,-0.13674267084122751,-0.10929685019264923,-0.13540266634251186,-0.04758280728381159,-0.0845863771762021,-0.00018786817053436286,0.16330115387051247,0.048088817985242706,0.0756526152330362,0.018156976005191616,0.02812321608950678
2019-10-09,0.02687254155374008,0.03360516995288254,0.019915307703323393,-0.09872218219485696,-0.032432352474330926,-0.03625565025902174,-0.06384447472472903,-0.057926944381116265,-0.0012263020202908,-0.03282955211811641,0.06697057178048382,0.3541929996140185,-0.041650607373810246,-0.04430904740727648,-0.08207431679074977,-0.06815963720013525,-0.08081142485266864,-0.06668663889976578,-0.03206162023400546,-0.024155069379372545,-0.03572287477050384,-0.04223011218347317,-0.06163914515337687,-0.04721213758500712,-0.05685659665464134,0.007775582301076334,-0.011185528617104978,0.0647741402057574,0.18847743368033676,0.10862677343619224,0.08856018121942189,0.0878648733757282,0.07783780194462893
2019-10-10,0.0053696062088703185,0.0029260852113820826,-0.0021729165939783357,-0.06664549939611912,-0.07516997023981424,-0.08682144261270075,-0.1128361580576079,-0.1109158726340711,-0.002644569593283149,-0.08607412400470842,-0.03189600286997033,0.20795468760237176,-0.08767952055355306,-0.08259018762550951,-0.09576437351152405,-0.09882291418026234,-0.07694413546274752,-0.10828640846009445,-0.07707612661088052,-0.053504783435635396,-0.08115143619896899,-0.09509906531945767,-0.10443895513783079,-0.09960279389086353,-0.10682000992434038,-0.046338758222839026,-0.07188952207929233,-0.0253033307486555,0.07282534230300956,0.0017202534153894315,0.032276643301398046,-0.017708574172360454,-0.005661481889962516
2019-10-11,-0.039571913586161855,-0.07585990529737104,-0.046128713090818486,-0.08643378641986003,-0.04012944125329998,-0.04579815214781391,-0.0705489251177897,-0.06495646453246125,-0.000621964909732912,-0.03440372164454283,0.04751406512176448,0.31269856809356317,-0.04849897028169359,-0.047684334770396575,-0.08053518737944303,-0.07046460003688804,-0.07483728861478589,-0.07174653946089678,-0.04047594703980165,-0.02937387918629053,-0.043640184363092104,-0.05093719642896488,-0.06704067893736394,-0.05499057052836539,-0.0625700554486291,-0.001580321670520431,-0.018172159491412525,0.047163769265087176,0.16008021563479513,0.08591670972576597,0.07601399035114387,0.06613256219608843,0.06035503973378198
2019-10-12,-0.08102810796103155,-0.040461659086890776,-0.02637103300958425,-0.09331953548989642,-0.027096106551698956,-0.03127895626322837,-0.05370189780987141,-0.047595391820603496,0.0006692512290798666,-0.015397481493317619,0.07355623250587673,0.3354857749130839,-0.0341813590352853,-0.034393571797910916,-0.07512775169878576,-0.057544323035922496,-0.07265829958475341,-0.05625518479006638,-0.02718061716584715,-0.0203245577885293,-0.030048125913661867,-0.03394303401543267,-0.05242170853087943,-0.03752806485756229,-0.04551617333764568,0.014664682992928372,0.0026714285813985348,0.07076682190963535,0.18245838373285306,0.11189570428570346,0.08624982486426831,0.09356954433255076,0.08053906845638122
2019-10-13,-0.015342951046190509,-0.02823136364388823,-0.01495922306537197,-0.06807757489106159,-0.05838294012942846,-0.06820011238555868,-0.09023185913617186,-0.08751227365068164,-0.0013804086199401173,-0.056524956152663286,0.0035380843986330865,0.24367423495427895,-0.06861178209082534,-0.06217697003785272,-0.0825036207612353,-0.08074463912738376,-0.06949845114472719,-0.08769559990631197,-0.05967657453386691,-0.041384428831254816,-0.06298534918646315,-0.07290873039957695,-0.08437033187374432,-0.0780359886126396,-0.0837282680499009,-0.023392842773873806,-0.04057919134550817,0.0078297036107422,0.1070772833888561,0.03722257051068686,0.049274070324140475,0.018539451850858885,0.022904799676560117
2019-10-14,0.021506591102300316,0.0483868736670375,0.02790304543523714,-0.07637251261658662,-0.0321216247447896,-0.037956743323841614,-0.05587586972691453,-0.05082911989642458,2.4727354418866792e-05,-0.015787582330896832,0.05438744716208562,0.2890271318639413,-0.038016265419530036,-0.031177453413830786,-0.06274552331337802,-0.055159434997008816,-0.0610182350153036,-0.057021740774334674,-0.032552304890222906,-0.0231017580657283,-0.03414856638824334,-0.03957679710957714,-0.0538267358624814,-0.04193587566804258,-0.04757552815593158,0.010333049630827299,-0.0014764911414217134,0.053595951871120796,0.15223678509010222,0.08787914995539925,0.0723048124735038,0.07049269331935903,0.062452975011950095
2019-10-15,-0.10485746679818053,-0.14709604669748635,-0.08514141641558748,-0.05684128267599823,-0.06008588443700565,-0.0711090675965087,-0.08925178571928072,-0.08520746236920267,-0.001351094214850986,-0.052530906003250166,-0.007191531853094328,0.19204976364973655,-0.06868002878550221,-0.05763223750071352,-0.07288061249664501,-0.07744683449512262,-0.06127008138908104,-0.08443863820570385,-0.06124318312882634,-0.04218581349513014,-0.06433394681152797,-0.07525039538429586,-0.08281056990562934,-0.0775303010517178,-0.08112954734059515,-0.025269434516666262,-0.041198901744515425,-0.002954628047779314,0.07962024955814861,0.020892482923590805,0.036527786850923505,0.0050690248073600825,0.011523788153817863
2019-10-16,0.011305735994950586,0.008938462818499046,-0.0010337442219402841,-0.055904847764918074,0.0007354423727180167,0.0001738277993048598,-0.01633283164749096,-0.010159015368902402,0.0008960172925759716,0.009620423443385503,0.06578976256732953,0.20813112281341498,-0.0016109974668128875,-0.0044754897306059265,-0.031595801023386404,-0.0194039103541875,-0.03712842734951227,-0.018520854819436217,0.001273561371950116,-0.00024458199022940147,0.00031121360942047244,-0.00023355715715981754,-0.014492805477420193,-0.0024289152892761714,-0.009492039781460626,0.024854257936320383,0.020977553959254713,0.06198657989361352,0.1245546253986592,0.08717889741930988,0.059757258899304944,0.07737123112994837,0.06512356702485918
2019-10-17,0.029605517689227884,0.05633125204944841,0.029747558170185744,-0.03755367960851134,-0.004069885289728366,-0.006950179014859614,-0.01532444152007025,-0.010064365883031279,0.000531865916364301,0.010602365981014827,0.05566399984118764,0.16856602695001519,-0.005889103148991677,-0.00023279938009057588,-0.018672946038974736,-0.015687906901094745,-0.024206601624742124,-0.015451371981580605,-0.003625829008191713,-0.0036054997275630405,-0.004475229891344116,-0.003656628095681865,-0.01316296934599522,-0.0051263917885243275,-0.007759131690535881,0.0224913455923416,0.020820305692370294,0.052922616476263507,0.10201928047333879,0.07285226373123788,0.04845360072158774,0.06542573634133397,0.05422225441304137
2019-10-18,-0.08626287024115697,-0.045092535566037796,-0.017755318438923418,-0.023019520236181812,-0.07174282350728738,-0.088326213093608,-0.09755668786752884,-0.09515212376165276,-0.002547968964041599,-0.07276028541012784,-0.05864308713959421,0.07219593912897675,-0.07921077587353824,-0.06576721074441583,-0.059713574643007306,-0.07796269890509144,-0.04391207995430572,-0.08834279692692733,-0.07342290107139753,-0.04842634685068603,-0.07645493626994752,-0.08949178734927384,-0.08852842943990691,-0.08904432704407246,-0.09067999148537383,-0.04828451558726984,-0.06517489869784043,-0.050403494165872864,0.004204743392299666,-0.03933523552195103,0.0005654112945906083,-0.0512096140930165,-0.03392152076076519
2019-10-19,0.034988392136333125,0.01655644719074652,0.015135175558418368,-0.05353863661034038,0.00010886008019491318,-0.0007835132550709408,-0.016633907500471185,-0.010253418831449146,0.0016159554588295322,0.009410068945948424,0.0571331791859316,0.19305398756560935,-0.002786726004252079,-0.006890614407798701,-0.03316831413448037,-0.01973151211340607,-0.03569346641909258,-0.017990729307455783,0.0004044673711659878,-0.0014816220863670775,-0.00018562797866383818,-0.0005510151985372858,-0.014874506191906889,-0.0025697282038429727,-0.009777177191085803,0.021042479738828963,0.017438132438549896,0.05490413761919033,0.11433374028997327,0.07812952516863092,0.05458234391051479,0.0688251318696708,0.05772632223948341
2019-10-20,-0.012487815585871717,-0.010770288561636162,-0.003885251522054508,-0.029160098659812245,-0.037886906790813114,-0.04635856278070586,-0.05782707691054364,-0.054010918852096225,-0.0011220198243056718,-0.03750891277816818,-0.015444677797839942,0.10356459168293035,-0.042169123644175834,-0.037720745706558624,-0.042117907416740895,-0.046360242771983806,-0.034245377643260966,-0.05350895895748516,-0.03900407574324364,-0.025975926403317178,-0.03991304388629816,-0.04853849787414699,-0.05166846533261952,-0.04842026206358311,-0.05183398546605152,-0.019815472620398584,-0.03032383003821515,-0.01075871409336937,0.03876707764419892,0.0029424596163343253,0.017044430935201287,-0.007230319275990678,-0.000553735386461085
2019-10-21,0.07872852862287012,0.07797266170262418,0.04821847130917304,-0.049750534953805214,-0.019117628799759423,-0.02638599480640173,-0.04072602252145666,-0.03452039070402583,-1.958453902754324e-05,-0.013524614443464719,0.031161757052591277,0.17685439383354615,-0.022759692092386413,-0.021891207834978072,-0.03856166899158161,-0.03352656583729097,-0.0400014303270512,-0.03891732309587592,-0.018764523610969697,-0.013868528214964352,-0.020755332596650078,-0.02706766035689127,-0.03428485338684695,-0.026598863581700567,-0.032071741404161656,0.004831764161022711,-0.002451267687016608,0.0321817812168792,0.09521980311470557,0.05397610390269699,0.04511258382175291,0.04363767578673065,0.038788902867578
2019-10-22,-0.08658271397714268,-0.11781543757406239,-0.07147105124816615,-0.023376175472122007,-0.043407994266388826,-0.05579527524253969,-0.06063462540951766,-0.057102838759375864,-0.0008819254097449658,-0.034403491723554204,-0.020480268711365806,0.0903177064544396,-0.04683195168326737,-0.036931978935835254,-0.03849123701054813,-0.04641136677807515,-0.03078495449687413,-0.05552366706644148,-0.04425761209779407,-0.02892204691527785,-0.04612016529499652,-0.05464246248932625,-0.05362551280599733,-0.05288607961667117,-0.05264326543580289,-0.02030073827980002,-0.031156756936288943,-0.015159259081695945,0.030699165582440163,-0.003564871780117033,0.014388430945306988,-0.012208687252031503,-0.004010398340283494
2019-10-23,0.06902904062551629,0.05066170909075455,0.027233944896892126,-0.007813622788450658,0.021605472726183333,0.020856482833003714,0.017376815639008985,0.022624430712858985,0.0010057400405019123,0.03101238470672237,0.04023901921714046,0.047898704961135984,0.02376624229165773,0.021281417706983774,0.014603555411171717,0.017074494413343782,0.004801377029429214,0.01684479541506138,0.0223203829741833,0.014619827459492937,0.022855655019284882,0.02781541385045057,0.01904166089883308,0.027732724678570204,0.023755930085627302,0.026117456164631275,0.030854686714366863,0.03773561743033079,0.04415323479969935,0.04441176493655311,0.02155030910053875,0.04564909444534434,0.03526577629156543
2019-10-24,0.08186901914728424,0.06874835631056413,0.042621590595468106,-0.007514313540492701,0.0008029115774066398,-0.003264281947944999,-0.008765360955387417,-0.002823153522648466,0.00036491184372670443,0.00918999607049198,0.010506447839537062,0.04420253261571953,0.0019267514149167535,0.0030138891369656897,0.0029599756051479353,-0.0005513019731884228,-0.003449709673678155,-0.006001106209484834,0.0007410096797905533,0.0014915659563963974,0.0011494512025077934,0.0014754403215725038,-0.002514989611176984,0.002019749916987834,-0.0016832754350678176,0.00913475140904089,0.008717968114924682,0.013000594919276113,0.027410969767414528,0.01867397886047654,0.013080924362194027,0.016458496074800284,0.01298860979965788
2019-10-25,-0.08102148393873569,-0.008317992802878482,-0.0052026757877049095,-0.051918966214140085,-0.0383738598655213,-0.04675364590819727,-0.07778774554928436,-0.07240923553228236,-0.0005114117740048959,-0.08759493558433344,-0.07813871954257785,-0.043458708431156325,-0.046721385103599467,-0.0831884823400723,-0.0804127392753838,-0.06241280005095303,-0.07979344101924764,-0.07724764109802547,-0.03879292478473436,-0.02754592819311874,-0.04197067879457498,-0.04745814880043664,-0.0658260437759924,-0.05204929005250403,-0.07677246113451552,-0.07102129934471435,-0.08104259100028403,-0.07192068722154381,-0.05262569904491284,-0.0680587899982837,-0.025230597706687046,-0.070820458097051,-0.05140783215749541
2019-10-26,0.04355375273470349,0.023653596379691184,0.005122131066559159,-0.1394805020811193,0.014010455503426833,0.013228156430868351,-0.041428193061974206,-0.03099020485899236,0.003451114404164161,-0.0672500447685227,-0.00278937708783585,0.00827898743811121,0.004695531713768908,-0.09141678313801845,-0.12344019368101093,-0.047270157130604375,-0.14801803647388892,-0.05514318207872915,0.016161118186268492,0.005607322061835636,0.013106198272317293,0.013745615359309701,-0.031215200679593973,0.007002323402685325,-0.04623970555363499,-0.056445869855628196,-0.051719448927009935,-0.01108522717322232,0.011498321812583553,0.00822107516079947,0.007113096959436405,0.010063171681787905,0.010358695276409868
2019-10-27,0.02734133531517576,0.002983993247932896,0.0056690517709308,-0.1227875400161258,-0.022029283678334306,-0.029354996248232606,-0.07856385443628373,-0.0696861559610964,0.0018173441178307808,-0.10038404845027908,-0.05152831265607638,-0.022497285406253436,-0.03312581293155237,-0.11485565545726395,-0.13052342953515975,-0.07437706335906302,-0.14632563336017412,-0.08760650906055052,-0.021106059806491235,-0.017790437644097306,-0.025482569009913192,-0.030978242704161236,-0.06636163244936337,-0.0370832186000527,-0.08180997239877315,-0.0830981537217023,-0.08605936946784472,-0.05373676362910551,-0.02510177268699702,-0.03812628739926982,-0.011211778920639107,-0.03899901658395303,-0.02688704849235209
2019-10-28,0.08741728094178436,0.10603051562651207,0.056875803314629714,-0.12174488270562141,-0.005096685810093149,-0.008033102818349272,-0.06111164241411515,-0.052930053927389586,0.0023636402950873623,-0.08574339652578782,-0.03465592340861878,-0.011582506317958874,-0.015787259834709744,-0.10206261055125736,-0.1216828104412091,-0.06126494344113157,-0.13956881601869972,-0.07162961617419199,-0.003822911991926562,-0.007695837502274354,-0.007317590740543463,-0.010798506821189472,-0.0495308139594659,-0.01878908362112508,-0.06653002093374265,-0.07136791332511905,-0.0710469222484041,-0.03762139635910818,-0.011940794567554333,-0.021548821245257106,-0.005448790841394491,-0.020988618656906155,-0.014235857079942646
2019-10-29,0.04272035522670459,0.0010446800732826962,0.028967132014548074,-0.14554835836734212,0.007281024079501523,0.0046813038644044624,-0.051250531032922986,-0.04038739427106582,0.003433186076586677,-0.07827092263762599,-0.015547407610435826,0.0022574286302893634,-0.002823279997558418,-0.10257137681654083,-0.13282613514413363,-0.055110523999294614,-0.15813442536678815,-0.06535235165397513,0.009212985995533588,0.000673443881483197,0.005827605294326688,0.004168407922335564,-0.040408468281415644,-0.003414125996902051,-0.05557807048315144,-0.06610364342834825,-0.06313165284418491,-0.022090964383804906,0.004521255265371653,-0.0013680804429805349,0.0036780027477041344,-2.2861048143714886e-05,0.002482886503067642
2019-10-30,0.024777378384472915,0.051827960896306514,0.02835697798541729,-0.11308183935728226,-0.04963331414439794,-0.06266804134458386,-0.11335671003408769,-0.10567263605997113,-0.00013069067850413063,-0.13474854114276416,-0.09748511790620729,-0.05063499391183749,-0.06280804468836187,-0.13931709773375514,-0.14203583813289647,-0.09859647331354271,-0.1501540273675855,-0.11776913453981308,-0.049035857579404464,-0.03705545679635739,-0.0540235957167902,-0.06615467181200578,-0.09663819080103823,-0.07135847033596072,-0.11688222402049793,-0.11109409979634677,-0.119431699917258,-0.0934896185477306,-0.059687056747971624,-0.0809453738133256,-0.028163286498924005,-0.0842682980620566,-0.060460225839158
2019-10-31,0.044106860985592945,0.0818283710717882,0.04910392737841877,-0.1292431765409313,0.0028080278866333686,-0.002179907935787817,-0.05455906007513711,-0.043225479706841874,0.003274622429299434,-0.07426972721717107,-0.028252310998239178,-0.0030625572371156076,-0.006860364036246125,-0.09619880477534141,-0.11929765220088336,-0.0538440743754934,-0.14326008215481897,-0.06548956457381945,0.004451573561267945,-0.0018461582338620275,0.0011581129942976887,0.00017492719652138314,-0.04320475525167714,-0.008118443732045103,-0.05671185569517808,-0.06500281922481903,-0.06449697097965353,-0.03084640951977165,-0.0030837640561705015,-0.01224844513154307,-0.0007870239002905066,-0.012576363514194297,-0.006495684768932364
2019-11-01,0.026707357537405347,0.005423279961786302,0.0164346648374701,-0.10423597696997078,-0.05050392029550229,-0.0666546901032999,-0.10984326162304765,-0.10165956921637746,0.0002364254065687632,-0.12345571321469813,-0.09740822150649613,-0.048458292611179545,-0.0636272883591289,-0.12858419579530178,-0.13176808179963015,-0.09363834122203052,-0.13691919461436144,-0.11194811943047937,-0.05072505367831178,-0.03681384271476714,-0.05630047615376762,-0.06955616636638566,-0.09395045830301403,-0.07422195192459065,-0.11000283066292986,-0.10257037382888552,-0.11277781310643675,-0.09196597108323168,-0.05812412627521546,-0.08022325925803919,-0.028178435625502967,-0.08310654764541041,-0.05938978593921451
2019-11-02,-0.0038762175524205134,-0.005949901132238367,-0.012380799339566964,-0.08230363882378544,0.004927002268517278,-0.0009265826102575758,-0.03185746204114833,-0.02183589220486226,0.0031416177704279846,-0.0362590951375085,-0.01642328026966548,0.0015021532619702664,5.6811821496971504e-05,-0.05530482697435435,-0.07243575082473057,-0.030338386570299154,-0.08808259517451973,-0.03761757109327964,0.006440242835235921,0.001309859902489367,0.004366300943694649,0.004519272041776527,-0.023283054066802162,0.0009924722814510882,-0.029754668981613424,-0.035989613934941524,-0.0351668232704793,-0.01623809984195379,0.0021132611950574662,-0.0038255279774116837,0.0020431742321977233,-0.0037018596341683954,-0.00047917671504649206
2019-11-03,0.026752093301739627,-0.0011203764053734726,0.0010298912534570566,-0.07175510644379231,-0.052693100994742004,-0.0708808689205851,-0.10073291502444832,-0.09346983048683584,-0.0006930987997891455,-0.10954198427560928,-0.10535364363617845,-0.05308747155910402,-0.06168248801235018,-0.10853486421999776,-0.09887089869018532,-0.08013894018872847,-0.10373029071597036,-0.09939890420810293,-0.05328746000964261,-0.03675319061402771,-0.05660933909698359,-0.06864717786438046,-0.08366480703339955,-0.07068499923951184,-0.0990650763411282,-0.09202346573741949,-0.10428499875877832,-0.09521072094245842,-0.06416353857981871,-0.08770440235706752,-0.03127486692829221,-0.09191684709662488,-0.06672486354839051
2019-11-04,0.08165939073994781,0.08746464349292833,0.05028045341209797,-0.07233583788348834,0.014578123863534445,0.01066252752097204,-0.015704966755728595,-0.0070537244969285,0.0021761218846716446,-0.026721444062234017,-0.008660427993061917,0.008952519670651249,0.011659021348567814,-0.0415932072084777,-0.056405356892135515,-0.015866464036522327,-0.07438192303365199,-0.022367850708820153,0.016194759351120247,0.008459680898512012,0.014915974087545377,0.017218552913054925,-0.008376677151295198,0.014693061486279172,-0.015582585544946959,-0.024969054893386893,-0.02467222438331529,-0.008091693272886502,0.00928279582995136,0.004382060060703037,0.006099286806116784,0.005236504386916844,0.005917328190186015
2019-11-05,0.003620226149112652,-0.05211686040072502,-0.011261614728163375,-0.08166007537380082,-0.046231930177238624,-0.06321664415018446,-0.09423157577898718,-0.0863015440296883,0.00030193665011217047,-0.10547164969292015,-0.09740383803123424,-0.04650932012912475,-0.055048880892081264,-0.1067935989971532,-0.10455699437707722,-0.07673837974238011,-0.10954846830339005,-0.09414660336287876,-0.046880340824639134,-0.03214332001430412,-0.05057553552540561,-0.059746839181429166,-0.07916736833941258,-0.06220604926957455,-0.09290781532255317,-0.08864966268928942,-0.10009081033294158,-0.08845637108246802,-0.05731401048100556,-0.07872061318578331,-0.027210736486262082,-0.08241570595312304,-0.058959832894613484
2019-11-06,0.036241241791327816,0.02559805845360182,0.0016653349665241752,-0.0713980343658358,-0.018146277889459366,-0.02961978058631143,-0.05988853477486581,-0.051417822257695235,0.0027541597096994628,-0.06044460642499535,-0.061639594512818974,-0.02414150494010296,-0.025210617789168666,-0.07323955622085077,-0.078510610902498,-0.0467005953162977,-0.08818556983251291,-0.06178945275293982,-0.016974204628084227,-0.013421688652309824,-0.020311116646771172,-0.024834184203260595,-0.045879704387041954,-0.028593009890188092,-0.057234855051188305,-0.05789988487867485,-0.06419571247003593,-0.053557663940309176,-0.029704588884571354,-0.04387086858663943,-0.013050661087917526,-0.04680876849437935,-0.032333177647807375
2019-11-07,-0.02319304655071856,0.04100489942329055,0.016904470399281852,-0.072271600397805,0.002052795292061186,-0.006215377892577756,-0.03166502300349716,-0.02164240425697243,0.0031015077032770697,-0.03927326537229181,-0.03574667627886866,-0.005917003870703337,-0.0005368479260286682,-0.05445307946998312,-0.06559791695880746,-0.02588647872521103,-0.08037763387583723,-0.036459860120319355,0.002679472700915101,0.00037744422390565785,0.0020313000156611714,0.0017210466484864166,-0.02122851196756474,-0.00014036199319574413,-0.029519162194286668,-0.039218613494366394,-0.04251449115623629,-0.030422621427343977,-0.008664629264468834,-0.018606411085311098,-0.0027577504742923864,-0.01997939970966763,-0.011791014901694949
2019-11-08,0.035289760538897465,-0.0027851628265400663,0.010850111816390395,-0.04525678642342227,0.005604298152090514,-0.0019309168829536223,-0.015551291120759814,-0.00812341617556426,0.0017056330875145538,-0.020417668475096445,-0.023415814728379836,0.0005580433389109629,0.005679232671973604,-0.03122482975425574,-0.031916551483050316,-0.008258787390873934,-0.04730344728276966,-0.01842125936871053,0.006624403321879709,0.0042982689517356105,0.00619451099689261,0.005772322888990544,-0.005976311006944772,0.006125893525208426,-0.013250104785371994,-0.021264943703919847,-0.02354276278186636,-0.018014922428022828,-0.0012844419867311292,-0.009626019665093466,0.0006073376010237533,-0.01028961488207584,-0.0050629560353788365
2019-11-09,0.01942820209531293,0.01979085661797549,0.020604193646663955,-0.01953762891181802,-0.05075362139598886,-0.069225112603655,-0.0839275538081757,-0.0778231424138962,0.0007825305808992766,-0.07147110913129524,-0.10893011889822397,-0.054048972430474095,-0.055972116186356814,-0.06958164350243805,-0.049105268399907,-0.056957903945198986,-0.04697194134258768,-0.07629933854171907,-0.051662786839478926,-0.03406995426186329,-0.05367767423508596,-0.06286052045404962,-0.06774719133032352,-0.06324578305090878,-0.0779841759241983,-0.06741453809159322,-0.08164366419697267,-0.09238184917429997,-0.06701737412316759,-0.09104220220370814,-0.0316080411862556,-0.09632774297421805,-0.06988403158864405
2019-11-10,0.057896689317835204,0.058901445735557445,0.044527079287247716,-0.020489692090394602,0.01552196440621767,0.008725794820082436,0.0034850027157388532,0.011483320729609522,0.002218834131544926,0.00563161724806438,-0.011863371815396503,0.010520180054892117,0.018504587336625928,-0.002522528653331394,-0.00450172690400293,0.010549107826678691,-0.017956853989525474,0.003424867361111398,0.016568096503492964,0.011892970427472468,0.01742415420676391,0.021139063019379734,0.011650762427875883,0.02203507490216931,0.00937984946370444,-0.00022703000163885415,-0.0033624272107471618,-0.003647343394981443,0.009469138046064232,0.0037396719722394187,0.005862508763810226,0.0026479316264855037,0.004377320039100556
2019-11-11,0.026257469855630305,0.042516870760083,0.018734114654673856,-0.017742548459705354,-0.04684199191750219,-0.06591820986747354,-0.07591880772767261,-0.06979693756851398,0.0008843908131321854,-0.06589980600657075,-0.10709256720378295,-0.05114226306197563,-0.04939976591144468,-0.06426663038637385,-0.04522060483969718,-0.05001785432975018,-0.043356426982969744,-0.06903465873970127,-0.04772179760255657,-0.030133556849871884,-0.0480437468029186,-0.05516393181218948,-0.060367863242460906,-0.05479642180276123,-0.06965969109294494,-0.0626959419590604,-0.07767522298309822,-0.08892046438970554,-0.06496000095394698,-0.08780522490270955,-0.031016105195648496,-0.09338093687727629,-0.06777616517003171
2019-11-12,0.02473103313332799,0.0012122789815069979,0.022314315554229875,-0.02809859271665527,0.0014159527211798917,-0.00965536070716381,-0.013536794257777984,-0.0049065491778907955,0.002860177469779105,-0.007818283351559133,-0.03456170161298674,-0.003973284456810629,0.0047796047057649576,-0.0181971157528175,-0.01967336800635507,-0.005465114204389406,-0.031040598284820753,-0.013187623302174009,0.0019103426551234648,0.0028639076066324285,0.002809996092152526,0.003829019205244144,-0.005004587280013221,0.006413769951278958,-0.007191295306321344,-0.0158654223207589,-0.02073862682875068,-0.024017733569334492,-0.00808207424491029,-0.017945243318688853,-0.0021760408049598112,-0.019166906269819428,-0.012099803199731696
2019-11-13,-0.07063443820938398,-0.038250270038289035,-0.04104838421587953,-0.02913773145560968,-0.05019110768921209,-0.07179710220528553,-0.08111840078321227,-0.07360738246110306,0.001238258139936536,-0.07424611572825175,-0.11609418194180066,-0.053879574790302996,-0.053052000950870294,-0.07197162541887654,-0.05413881243301274,-0.05337493837624615,-0.05449325428418531,-0.0745928744918336,-0.051443292875481404,-0.031997521282565757,-0.05214603948277693,-0.06261593841885293,-0.06414954083992441,-0.06040740321579493,-0.07473920235566123,-0.0688392565757665,-0.0858922032568022,-0.09657059665806145,-0.06751864419339852,-0.09388642368850005,-0.03225769425179189,-0.09979770691385959,-0.07215733671157043
2019-11-14,0.05837452368583603,0.06284904200048806,0.03299989434197018,-0.02452577277104358,0.0024869745581739267,-0.008182732334455581,-0.014531992661712678,-0.004741765157694348,0.004359107048860149,-0.005615824495501205,-0.044865681779026424,-0.0064078911359155555,0.00601512888372883,-0.018422919753084816,-0.014711194700518812,-0.002594611517105901,-0.02829418394937555,-0.013841196202651673,0.0032353151973572025,0.0033428926475738883,0.00473141931037387,0.005562780180298432,-0.0030087650951526137,0.00737504106395311,-0.007425493959839713,-0.017159327089642556,-0.024243410160836493,-0.031758377371645295,-0.010704399990530078,-0.024849022727756243,-0.0034205023004124278,-0.026573465770539133,-0.017045812382794345
2019-11-15,0.02713593449501624,0.011419248576905794,0.0169469185350275,-0.00934621870855897,-0.0014556891075440486,-0.015601802736297484,-0.009288532561853321,-0.0020727257126003096,0.001959981726748753,-0.0007227821416725769,-0.036379841754556885,-0.00274811853630208,0.004204893620017636,-0.007072470658240644,0.001862330887382413,0.00705183512442827,-0.009464280523113544,-0.006125316219093217,-0.0007729600330425394,0.002287530182154699,0.0008695428865251505,-0.0008272841048017435,0.0014290134482930483,0.004659872640292957,-0.0018362015885928784,-0.008026354146770664,-0.01388907085256926,-0.023081962550286644,-0.006893544053873472,-0.017462134321239553,-0.001630044955730862,-0.019231152379185268,-0.011506075136529978
2019-11-16,0.033468351820470144,0.005224374440132351,0.009139849859377769,0.01830881897497753,-0.04468666069147087,-0.06621227766251565,-0.057505764826231896,-0.051995653103801054,0.0008871774308086463,-0.03603140737573085,-0.10706612272057292,-0.047572364154540026,-0.042362018477818175,-0.032036040615404694,-0.0035957549224068983,-0.02815708025292718,-0.0004965792673310432,-0.046642652758898784,-0.04589549896131769,-0.026852998632609076,-0.04567642232182697,-0.05397374596705203,-0.04303142011166076,-0.04802387869735991,-0.04764818979930544,-0.04138530484934696,-0.05828522246137139,-0.0841333392751163,-0.06241975166637529,-0.08682687340526336,-0.029508126226369964,-0.09221602218534741,-0.06682858181435414
2019-11-17,0.016046515795184124,0.007229127522219159,-0.002277017878404249,0.019500393747315492,0.017549612172117257,0.006113805844257136,0.020209369976541918,0.029337340346514473,0.0028994622375216514,0.037132668178090654,-0.01924790017955047,0.011196576027360017,0.026724900745229263,0.029470869662133897,0.03921313962284234,0.03452787071872443,0.02697528616602381,0.024893946131018474,0.018368808670659043,0.015439623824037222,0.021021908351209834,0.02500536054240469,0.030113282803216457,0.03005036389533237,0.031196163374360115,0.019749009837204845,0.014007171211953384,-0.004118750420056531,0.007870578194109967,-0.0008017727292906803,0.004547474274350686,-0.0031492182343419253,0.0004855802314924773
2019-11-18,-0.0005702996850499945,-0.0002055968662831494,-0.016119836743415956,0.01836959428201131,-0.05886361442437327,-0.08502612284949092,-0.07378828930515209,-0.0679307842732199,-0.0001916581284427584,-0.05232767140691733,-0.1279155923910246,-0.06015983739893797,-0.058192462003325986,-0.042182825401177425,-0.010786576180521775,-0.038464966224704376,-0.0029874425222692715,-0.05989690352535426,-0.06045526198940957,-0.03627370146850861,-0.060897960551063036,-0.07194739884691052,-0.056348927214931344,-0.06627187099290754,-0.06311370689327529,-0.05232993623014023,-0.07230647023701693,-0.1019852826886698,-0.07809228717554717,-0.10548915387683284,-0.037267932957954976,-0.11251035259306204,-0.08102459375130285
2019-11-19,0.05613260528293518,0.0028646173763311467,0.02121207572229415,0.01249965461572966,0.007598950731751171,-0.0067071402534134945,0.0027010418396269387,0.013026724724575741,0.004247383400945992,0.02449311396305583,-0.04195093563169502,-0.0009182683727505155,0.014627077329929072,0.013386887627823363,0.025223551344020805,0.02064491300798199,0.016060881489064666,0.008598529813272767,0.008316296740328077,0.00846836959948997,0.009839342321155797,0.011350991637856467,0.014881376586598568,0.01724088797876444,0.0141471177396717,0.00530826522989732,-0.003560690144669939,-0.023982490818749962,-0.007326501942602093,-0.020529054316257067,-0.0018555815127075566,-0.02360966355386414,-0.013831046993362387
2019-11-20,-0.056031344485530564,0.009314221193033193,0.0038720564530976276,0.020749177842936877,-0.05291756770678013,-0.07865050810076557,-0.06611998057505424,-0.05964253734097872,0.0002527223546993085,-0.048153518078663936,-0.12477212491805349,-0.054831609186180096,-0.05058157217028114,-0.03800859372279497,-0.002135607121856342,-0.030552134654638092,0.0013484952010157276,-0.05279807039840959,-0.05434792188944767,-0.03218619263109327,-0.05435369028886298,-0.0658735344392009,-0.04867583626432589,-0.057864003720958714,-0.05540515946172123,-0.04828577988160632,-0.06895307374545763,-0.09809883241221318,-0.07273589779280876,-0.10129981259925606,-0.03398346627987555,-0.10682233088216424,-0.07678961301578369
2019-11-21,0.07390033473026802,0.07667074978339568,0.04331747245985026,0.02021482508332924,8.581675482233209e-06,-0.01662349421007292,-0.0021361529110060693,0.007612432983375624,0.004082779253260209,0.020552360331932047,-0.05380263017546719,-0.007117398091351035,0.008149675356721767,0.014131516214590375,0.027085750581371304,0.017112620516241666,0.020354133311268303,0.0055149886902610135,0.00044025460447549847,0.004046601578089041,0.0028053304056848325,0.005326398397522543,0.010871285166227374,0.011531157905269929,0.009644249821760967,0.002245513448466833,-0.008932640744103123,-0.0329148141165622,-0.015000180036108665,-0.030211224103616097,-0.005538173049407587,-0.0335702810407188,-0.022251647438782385
2019-11-22,-0.020556167842306294,-0.03986201400966719,-0.015414872988106213,0.023193647042514993,-0.04305623392276736,-0.06774125601620569,-0.05361820780382912,-0.04649273081411742,0.0016374482972703792,-0.03482928206579672,-0.122629988907993,-0.05037438149552642,-0.0392691705783473,-0.028257524199285733,0.004205134084364588,-0.02211779605599536,0.005759167583749243,-0.04136740545823603,-0.04445296851166347,-0.025175619648415786,-0.04314412103818288,-0.050168817537258846,-0.03726137541320185,-0.04410256808198909,-0.042579437174027866,-0.041760303372017304,-0.06133841019815082,-0.0941406758163863,-0.06796788021364009,-0.09691530517326541,-0.03184447068137223,-0.10348374537134782,-0.07477147856824444
2019-11-23,0.055987267313397204,0.05102822924443077,0.038508190028342305,0.019033509485840188,0.0007445016138124908,-0.015759126258439338,0.0031438434824645847,0.012372001022520193,0.004037853950065322,0.023360050032138407,-0.052557643376326325,-0.005428051342693863,0.010159177280749295,0.014710983976485181,0.029520302667325637,0.0201267464707436,0.020622281460631164,0.009137812598773701,0.0010198300895180405,0.005496916600738662,0.0042411081966659365,0.00598991804412119,0.013325060805194688,0.013623572540763481,0.014495682544371391,0.0031176101017379074,-0.006280475728054273,-0.03233780053687626,-0.01401628219110703,-0.029257783643320916,-0.004911489566528833,-0.03252708936701124,-0.021517728481692977
2019-11-24,-0.025827742846973162,-0.028260708798718632,-0.025830412346877846,0.024623595069497444,-0.029286244240030495,-0.05184273210320859,-0.03612221477780627,-0.02838052407368785,0.0025938040840095176,-0.01467796512591768,-0.09340795738880026,-0.03336518450344528,-0.02339911933198498,-0.0125557077202784,0.014775823018742251,-0.005577083887901975,0.013004927967225003,-0.025603689101548237,-0.02981906622268582,-0.015401124459700396,-0.027956010785490076,-0.03465210338900674,-0.019630980580819173,-0.02706858119896823,-0.02522614867914097,-0.024265379991003755,-0.040543534374056854,-0.06938724099611153,-0.04682246391508649,-0.06912592598629115,-0.02148739223907814,-0.07385769960195383,-0.052999937720009584
2019-11-25,0.020040845759302133,0.04215470340200008,0.013788356384169495,0.019934268377933922,0.015946036599027973,0.002846646403122636,0.016747970100541743,0.02670891596322929,0.0043925726456587695,0.03543980016500766,-0.03559920902182009,0.004702031754658442,0.02436713806549277,0.025038128362690593,0.03757423010321167,0.031149265091529266,0.025303725172725205,0.021801788795403176,0.016732526994587715,0.014850359247713385,0.019858101558920538,0.02164478006683712,0.026648081991716015,0.027939386770812053,0.027446540786257856,0.013739544473212165,0.006064397439994096,-0.017540487029836644,-6.610136855004593e-05,-0.013079855016151795,0.0006075050709387261,-0.01591283689055049,-0.010164956984289356
2019-11-26,-0.044683263165564334,-0.04718372287745476,-0.011821386457734562,0.02563778734396127,-0.042744819423089865,-0.06814753907485412,-0.053355807031304416,-0.04597290255942118,0.0029266494999866666,-0.027143331691017458,-0.12557792011659993,-0.05116686316372684,-0.03915747877557063,-0.026088750539782584,0.008085854902465014,-0.02184386047852301,0.008797167818204757,-0.04108338427675543,-0.044218570661183364,-0.024804970016654753,-0.04322105019473277,-0.05089942572002896,-0.03718701235600245,-0.0440368707969799,-0.04164878497944239,-0.040128907927097814,-0.06071100224198004,-0.09656911328775426,-0.06847643529820797,-0.09839330063518847,-0.032966988329598955,-0.10470760415580393,-0.07701698644262074
2019-11-27,0.05235387063938927,0.057196523144327514,0.0331150777269403,0.0282829077736159,0.004588750172094554,-0.014082990078665128,0.00834455561777355,0.01757641494203721,0.003492981030572532,0.02704714164941476,-0.05756983631145859,-0.00597771258660007,0.015100484807839246,0.02140216050363719,0.03953807116313435,0.02822652701037705,0.029691746465031994,0.01603012167565332,0.004952939075152448,0.008186562858193192,0.008534846457319981,0.01012669159969922,0.021002383497258432,0.017717362567799693,0.019754235645184675,0.007309595756928171,-0.003891901234476395,-0.03430772755840857,-0.014865842679201435,-0.031444993505626684,-0.007009953912477644,-0.034559618698510576,-0.02657158160994329
2019-11-28,-0.010842582187591857,0.014989524162934309,-0.015245422257007904,0.02862646240900446,0.0037383906502655626,-0.014679811535055265,0.0004977984473401401,0.011741609158290403,0.0044360439990433305,0.022730778260681223,-0.07408836552930964,-0.012938865699788415,0.012821639437761748,0.015137986363805625,0.039466034237113146,0.026745694745052912,0.027753101062883385,0.008876237654989497,0.004220471869903264,0.0075599707168416685,0.007427245523875155,0.007821397188536435,0.01652667547059276,0.01561645652431339,0.013936928279648578,-7.429304013406579e-05,-0.012589660588977777,-0.047695314117563115,-0.02404350665453266,-0.044963860604653995,-0.011345940118569153,-0.049724652121983993,-0.037964417639885006
2019-11-29,0.021753646584252717,-0.013668365466353785,-0.004970155403853778,0.029028465983137686,-0.023284353926385098,-0.04886302294508985,-0.028538562751396768,-0.01935825720931413,0.0034370508072913233,-0.0017249720655370855,-0.1005276304631965,-0.03221624374162305,-0.015668131407270636,-0.004438420780760548,0.024737748315369384,0.004037462023822454,0.019341329862213524,-0.016530744973470252,-0.023626974237628495,-0.010529251992309105,-0.021624915997432364,-0.026949950553656638,-0.010176471343046186,-0.018005783897236505,-0.015272183591150382,-0.01937207259402503,-0.03684848704342988,-0.0719752077152777,-0.046375336967874325,-0.0717846047800661,-0.023269030195232965,-0.07768440559822931,-0.059666518772048725
2019-11-30,0.01331848959592182,0.007184706362770132,0.007808183175789907,0.03292423104141751,-0.036987797179064565,-0.06279961657471489,-0.04563287360315874,-0.03823467229661907,0.0026074291202385544,-0.02077916014431865,-0.12467545278355037,-0.050754983430064016,-0.03253965453951254,-0.01917722471258454,0.01412827740988624,-0.01257167316439626,0.014867514832253311,-0.03411826932130454,-0.038256538103852655,-0.02034290218477608,-0.036856299733962615,-0.044512313354965194,-0.028490017754348784,-0.03762587775464521,-0.03432497507641733,-0.034757002988659615,-0.05668963200326852,-0.09466457845807448,-0.06966023798440446,-0.09894152263241522,-0.03534201801274772,-0.10541287183818741,-0.0812312880422068
2019-12-01,0.10357025536845639,0.08347522704593165,0.06013830248660342,0.03141445998003108,0.020960773617581197,0.0046648489970276446,0.028948331467401427,0.03872320475645571,0.005058577660545183,0.045418032852512745,-0.044408482822089645,0.0029489246325082874,0.0330353919939134,0.03531693141062261,0.05355387040301111,0.04459877105292668,0.03729444676149759,0.033993438773535146,0.021788536647190604,0.019214678540137992,0.025506945785802593,0.02915185770123478,0.03950086609450931,0.03822829581067211,0.039691496888804245,0.019331252218157974,0.010695770849182237,-0.02156444003001094,-0.00391878350365656,-0.018581206392644784,-0.0028323841432777996,-0.021562610414131694,-0.01981265948896797
2019-12-02,0.02970069267452713,0.03735030341867388,0.012982744384972378,0.04206468332672516,-0.028432089531703102,-0.05548830606910234,-0.029282324967507083,-0.022983677467762753,0.0038355002633603994,-0.008389484390111335,-0.12083381626042063,-0.0452516870087433,-0.02073893330208391,-0.0071006755449936065,0.02724085966686,0.0003417568173960106,0.025210012032306217,-0.018891428883182588,-0.028551967871170387,-0.013826452965998234,-0.0269561415548214,-0.03405940511486083,-0.013410990645412587,-0.02474290481655809,-0.01875284575439255,-0.025713015524152578,-0.0497329618617505,-0.0899620336575655,-0.0633803950345057,-0.09291858921736118,-0.03236556963882453,-0.09988893942210542,-0.07980677444168578
2019-12-03,-0.03866638178617373,-0.011244999878953147,0.01039364996790404,0.03774810191664635,0.016673941632087796,-0.002986427817675441,0.03002672471938735,0.038935859371756955,0.005239444205867194,0.043157714754278764,-0.056609176938116214,-0.0037295349737510954,0.03052209801942792,0.03497071303489078,0.05632081067854274,0.04623979023520756,0.04116891513972535,0.03504323991672494,0.017582470386712973,0.017430951133190042,0.021830473687384,0.02638374801560861,0.04047616523254701,0.03532645421614422,0.03911443339386356,0.016068780085770246,0.00555703872727283,-0.03220927128484252,-0.011970207059081398,-0.029531397544276434,-0.008286087172820089,-0.03289704604832947,-0.03208248994705295
2019-12-04,0.034082745284829276,0.029860537999788644,0.02110904592432365,0.038056735845526525,-0.04295155642798676,-0.07376896042081071,-0.042734831800733154,-0.0375174828500923,0.002272284174258251,-0.027128635932582117,-0.13674234219002468,-0.05902256332613772,-0.03530897257060891,-0.02107625735511783,0.01426323445270968,-0.01284270840331884,0.01742994459963043,-0.030516721712238848,-0.04393280397435954,-0.022865653959488103,-0.04256105696212842,-0.05097005049291248,-0.027008826882632064,-0.04019160454808487,-0.03424394723730758,-0.03982386002450481,-0.06241250520783629,-0.10477190809630461,-0.07895387132832354,-0.11004196533235848,-0.04256803916709077,-0.11724651102403438,-0.09709652452942574
2019-12-05,0.005790214615548628,0.011377409411580016,-0.011610734398764441,0.03948380727379094,0.014738700971408983,-0.006591907546871371,0.03421037224598559,0.04060948187619958,0.004279115266321891,0.04393360157717859,-0.04290030744168819,-0.0005157564040834117,0.029288909905376432,0.037871266921405265,0.053931644557901816,0.044629530065424916,0.04268015694497004,0.03840660451137327,0.015218080105854645,0.016594453662169013,0.0195425391264011,0.021859587354333538,0.04054912885619514,0.0343376869065688,0.04237532082380735,0.019580969687090704,0.012236202615351152,-0.0214299073235867,-0.007795659012045597,-0.020506812812296715,-0.008305213333377637,-0.023907968899632277,-0.028650117804998192
2019-12-06,0.012619628690427062,-0.007009140311666033,0.004910386609842258,0.038240567250164816,0.019616422277368706,-0.0014027657472187964,0.04114505226951456,0.04664954362201298,0.004221454015477022,0.046280034212508404,-0.031738534989022384,0.004209793728191673,0.03407938357123926,0.04018186787389322,0.05653054378056144,0.04937653742578085,0.04297723931901013,0.044327661824900964,0.0212161151596435,0.019619815342618214,0.023946863954676562,0.024301531401901794,0.04613563532879302,0.036835806511591095,0.047242649512389136,0.02324855220386664,0.01776380669064152,-0.013519622795985656,-0.00136613113203173,-0.013095948687352829,-0.00598877125934294,-0.016131296855264488,-0.02479963207502796
2019-12-07,-0.0005501153849801396,0.002219861529751732,0.007017337459770623,0.04322395856990487,-0.04459274065244697,-0.0779037295462377,-0.03220826604270292,-0.030247004809050775,0.00215028146689041,-0.016326551764999604,-0.11038347479891956,-0.05093797386711548,-0.034940355090103146,-0.010998702931656426,0.020358785364784786,-0.008097475449815464,0.023881971725225288,-0.021382349212331658,-0.04608538155048544,-0.023587916804149067,-0.04352264546525456,-0.05390243769396926,-0.02215456131421334,-0.04099096844318654,-0.02540505635483588,-0.028020506668581763,-0.04791486727171416,-0.08475404722276547,-0.0674596267618431,-0.09089723030494608,-0.03890212192557089,-0.09710626100511632,-0.08750479553979851
2019-12-08,0.05238402677245609,0.05389268749296624,0.036827528249206466,0.04214555354507373,0.02972272346155543,0.009610354867404839,0.0611030962296919,0.06538781118839587,0.004666932660615686,0.06608417671622806,-0.00021661363573777237,0.018553683352295163,0.04751508655960013,0.056759805427347786,0.06793141653141103,0.06314763544185276,0.0514526059473841,0.06236232284255413,0.030610594535650886,0.026873404140605277,0.036037998345235245,0.03950765062383196,0.06271071303665406,0.0536314906399357,0.06616549749432317,0.04129535057687376,0.039726022325705955,0.014461402293237077,0.017208636240860404,0.014610391402547643,0.0016442169958699182,0.013254776791752576,-0.008042574650099906
2019-12-09,-0.08375287340302669,-0.037028672621848134,-0.04720909681669797,0.04423995284330573,-0.02459407576588705,-0.05132937906846428,-0.002988835731570383,-0.0015968094220510192,0.003005537678219502,0.009807860395616133,-0.06421415160034805,-0.029588359331943852,-0.012258615123513414,0.009808595491244946,0.03201518909134323,0.010385403043060274,0.03241458464382833,0.004024436584643354,-0.02572992838034131,-0.009357886463722783,-0.022040509810070812,-0.027359142684052113,0.0023005596512177817,-0.013891615073046815,0.0018153905267528359,-0.005391100482842563,-0.01714167878763077,-0.04627619114696824,-0.038984320447602215,-0.053189102682796495,-0.027024788012651513,-0.05706009897648231,-0.06118567788852817
2019-12-10,0.02010653803892204,-0.02478978956506417,0.0031529850844120113,0.04706782045760072,0.02619716648650705,0.00460530564485051,0.0620262575308456,0.06581690544309964,0.00515905601357088,0.0748950399945884,0.011821907156524425,0.02005439448716621,0.04541906684804194,0.061629795719971625,0.06994066961757801,0.06366769995428416,0.05510108346477397,0.06401300434006707,0.02706072515527887,0.02584235048029389,0.032555949719171785,0.036692316885412225,0.06255116384281194,0.052068206293732544,0.068132834198343,0.04619293728541951,0.04859474879620004,0.02310002252622656,0.020206278972140446,0.02120522390264294,0.0010967222649715207,0.020295855461313888,-0.007248507626404906
2019-12-11,0.0383985401306696,0.05352347547966326,0.03371156607350952,0.046618017169201074,0.006199984067194168,-0.018899679850657474,0.04226249455536527,0.04307611777859499,0.0020491481800698117,0.04664421848454481,-0.006004910051764807,0.005678028388084695,0.023903584922518206,0.04430842997243456,0.05868169214418136,0.04726452222962685,0.0477393638303291,0.04496714924927995,0.005757566692934368,0.012728473944203067,0.011779172921567493,0.011381179195281513,0.043221630463792536,0.026675624338481363,0.04633956247256391,0.029685956286127652,0.02836231522472617,0.005369314560974263,0.0032228727457447683,0.002463584581878564,-0.0072954362403852,0.0007599136454160179,-0.023134843477810918
2019-12-12,0.04219652426209105,0.03773753109557395,0.022654131818648615,0.06011243296194705,-0.03576139458806882,-0.07118509418490948,-0.005474835435768395,-0.0051293057180439305,0.0027436706777453543,0.013886108193706429,-0.06495660430705552,-0.0356032207344222,-0.02033816633197431,0.014183058595621745,0.04096532140983037,0.010461698863723612,0.042361259285679985,0.0041161536859351715,-0.036672538233853004,-0.015132653645428226,-0.03215036761921771,-0.03926960460603043,-0.0013586404310167073,-0.023090876341354576,0.0007140582939998789,-0.0034362083068743368,-0.015147356356805197,-0.04721106551260679,-0.045295173536191946,-0.05657809188480053,-0.03280221923809575,-0.060706168661888014,-0.071578934026942
2019-12-13,0.04384096691579472,0.021994278652559096,0.030873448408030118,0.05409042766206973,0.021879802875860815,-0.0005436600216359722,0.06926695914832148,0.06987262058447523,0.004700245709554629,0.08003874146090961,0.027104651558513975,0.021091129625447458,0.04343453738320117,0.06733524722239093,0.07622934697958339,0.06777517447745425,0.06254325591441064,0.07110145973584932,0.021576089985206142,0.023653512941183525,0.02910631218428783,0.03143202368789044,0.06692480305394888,0.04907129937464975,0.07313242755194722,0.05237625113864978,0.05735420117045109,0.03467638193084858,0.023277756000060695,0.030633808833353093,7.321933028473874e-06,0.031237647688374892,-0.006563704988061285
2019-12-14,0.02338562743901207,0.005451559739679664,0.010417534144909979,0.05642183210534787,-0.041287253874944106,-0.07960947774893572,-0.0074179201730532425,-0.008844556377204013,0.001712805714385368,0.00843090276957851,-0.0625096368418161,-0.0374252101630607,-0.02585043182242419,0.010383657713595618,0.03915535327703923,0.00672745938167818,0.04019197661646334,0.002059837681895438,-0.042958837608116696,-0.01892526210722097,-0.03937691580333139,-0.04910965529560318,-0.0041858902083469944,-0.03101202192377143,-0.002923087125332143,-0.005620971563108294,-0.015579931489636026,-0.0458614107104891,-0.047402451283225545,-0.05677225013724859,-0.03595554352086072,-0.06128692588489552,-0.07677290686785525
2019-12-15,0.05305386103805428,0.03766417201528623,0.028949451892377926,0.05679470474836634,-0.015199846883053425,-0.04754825795095859,0.028061456619357845,0.026469307426426763,0.0015339561921677476,0.03929071840828632,-0.012369260086494194,-0.006344002400613391,0.0034357223901393397,0.038881020925495356,0.05661459989111547,0.03452691296529201,0.05194611313349581,0.034585662277255715,-0.015717949846102346,-0.0008863645012360996,-0.01105363023207436,-0.016067735229880736,0.027199566966871796,0.0020573942938710843,0.03174952685872068,0.02307366609100529,0.022096502685532354,-0.0020187575656137233,-0.009636456018967898,-0.010525535890044383,-0.018334428136763965,-0.013194773847771124,-0.04170584608643738
2019-12-16,-0.08206637752919328,-0.018718783676144952,-0.031103954908726788,0.05307140164703009,0.006621728224192935,-0.01876613676114669,0.05296156782729137,0.052495166035254094,0.002716532442069782,0.06468072599622292,0.025547227003103856,0.013952345911217337,0.02637569629135565,0.05720926495572846,0.06490356485883779,0.04973956277707211,0.05606937762795491,0.055386637718760255,0.00601015614246118,0.013059967064153355,0.012592262900358975,0.012801350074621945,0.04817241782465439,0.030354116593475904,0.05671969956563613,0.04399610138561035,0.04892547966813628,0.030108306679022867,0.015370453177206755,0.02396778720620585,-0.005635975265749771,0.02352149675598092,-0.015179429630578056
2019-12-17,0.04032808323868453,-0.009887508215025894,0.013781862000879089,0.05805956845956217,0.023556357275208956,-0.0015355004058269135,0.07615296801653493,0.07566183535565625,0.003593160912645388,0.08362841682289683,0.04407446315106759,0.02648449037453826,0.04574076584097142,0.07418723802512812,0.07992678981104644,0.07097147880168346,0.06650244396857226,0.07680625994982442,0.02399737405188862,0.02504104308064914,0.030681030759285004,0.032118336244037295,0.07082075531817929,0.051868867432704135,0.0788248128565477,0.05871070976584777,0.06786805357335506,0.0478897719229933,0.02992211936518559,0.0409081162652131,-0.0006734876188983682,0.04068969906694194,-0.008324081475977371
2019-12-18,-0.0006457123428481223,0.009335047218620218,0.007457254557068064,0.05734246435714615,-0.035572986717632794,-0.06851970437310229,0.0020800275829030803,-0.0018751215220535282,0.000565831826287185,0.011078280675974087,-0.03605107167688123,-0.0295701761320748,-0.02103893864232968,0.016534658909515148,0.040430072198893864,0.012732013073358731,0.04262583535903423,0.010082190727503715,-0.03714932651341041,-0.015612918694482522,-0.03289390566362401,-0.04392198263090297,0.002833959820347509,-0.02546421025007047,0.004003959277273002,0.0024510525775959615,-0.0027556588593956968,-0.025685052584154988,-0.035745540147226564,-0.03724882004734672,-0.03363994892614711,-0.041094596648205396,-0.0686058346548893
2019-12-19,0.04455719048339043,0.05750908694810312,0.03195907763735306,0.06106296265662111,0.029756615266043045,0.011801721230510154,0.07856590257869585,0.07807214448419082,0.0036632462737615037,0.08266150376783916,0.04307524013626315,0.02139424210895502,0.04968036956602884,0.0748395106717649,0.08206945813612936,0.07251545989851908,0.06892234486026776,0.07853992798333594,0.03025925909844614,0.027563718237577344,0.036668546535693146,0.040530205728708836,0.07264953547592512,0.056865616858295866,0.08039354217365229,0.05893282891188297,0.06752142952384599,0.04655483670896891,0.025126095090339657,0.03762237862527821,-0.004925619660253548,0.037318004875373255,-0.01574141933758651
2019-12-20,-0.0581717058524022,-0.07717999128745563,-0.04334704500373802,0.05524501846906086,-0.02329195844186671,-0.049790062986287666,0.01339399925873419,0.010534690043952466,0.0009215583230079242,0.02143705253079838,-0.02474644020605273,-0.0240899441151677,-0.009793029962325228,0.024537289262850887,0.0430354376427012,0.018294823671742105,0.043976093955859184,0.019788338997052495,-0.024136337919326678,-0.00859639358184161,-0.02049755713398523,-0.027172423200126694,0.010487702007902833,-0.011988127544810823,0.015357603144789364,0.010180308416953388,0.006690408029442689,-0.015517211272785639,-0.028430468095091754,-0.02753401683650451,-0.0310446347976668,-0.030241167360649968,-0.06449958010172423
2019-12-21,0.016387502339966293,0.012007371682428788,0.009383801950156348,0.054513140399136795,0.04111621707308455,0.028067015891635627,0.09037338955163736,0.08959814121874032,0.0026396002591836756,0.08930605657489792,0.06440638953842488,0.03219477407681411,0.06048894042412112,0.08038203970900633,0.08028480419963276,0.07822955692238438,0.06665540941114845,0.08880543460567451,0.04202472296027585,0.035345664663679756,0.04842062979703865,0.05439424706170352,0.08191349685134004,0.06931923004916325,0.09099384505110002,0.06689399039009825,0.07852830339881578,0.06421920521654763,0.04000962445024422,0.05776683058287565,0.0006344319440435934,0.058472465568262244,-0.0023649385492954997
2019-12-22,-0.04953552977959556,-0.012963556733562717,-0.005840315540545464,0.053193401556751084,-0.0023585552900981335,-0.02012271949610393,0.029665213687248244,0.027115574069803767,0.00040984900913265676,0.02912679448109608,-0.0079612435694143,-0.015185075516654045,0.009277298745602161,0.032776887849270984,0.048122394327376306,0.03246498695715309,0.0458358066669892,0.03315190200644036,-0.0034124302539021065,0.004100930555757702,0.0007079326633808355,-0.0012759773625345971,0.027670408513322958,0.010244569792210298,0.029933739739457305,0.019401318482715386,0.01792486268896158,-0.0010247631902036147,-0.017765694498404372,-0.013425453471216228,-0.026983867326949944,-0.01543779293098139,-0.057508996841775094
2019-12-23,0.08298624459529276,0.0977910572229425,0.058736555053797566,0.04660131853844648,0.01751240939900267,0.005706207871497486,0.04870252227055497,0.04728180221732359,0.0006135316760588575,0.04835022569006794,0.02669547383289365,0.0046823851271877714,0.02773169407089397,0.046804070666976415,0.056117166443043764,0.045608153261756414,0.048081375043329246,0.05060749165209799,0.017700064422056034,0.016496987008441266,0.02009196855587092,0.02013962758563063,0.04483566235836722,0.030928605771188167,0.04932811989840413,0.03585310648934629,0.04337279518739864,0.028656656708557843,0.006608984472445438,0.019158595012760255,-0.015869959850358068,0.01874505553122378,-0.033893779105559275
2019-12-24,-0.023133983319496416,-0.046766462989012325,-0.006854945007464863,0.05758153961661646,0.0033342923455107845,-0.009592831810949201,0.0334448508528545,0.031424954721029984,0.0012329761591578503,0.03737292507409625,-0.002169782802245853,-0.014873057639910611,0.014528047023063687,0.037958207649393096,0.05487542417795129,0.03581095980706935,0.050884542475125784,0.03756326859009729,0.0027419714398710937,0.007178337908408494,0.006665104636504715,0.005296896608622721,0.031205616941426467,0.015684959693194795,0.03437578566125735,0.023311450319967324,0.02304036089881419,0.0038155466457228115,-0.01714805115463373,-0.009838869580298374,-0.029001410740254602,-0.011317281755546915,-0.060357432267662624
2019-12-25,0.08381110232142319,0.0657141853055044,0.042005791840683315,0.05843937833030418,0.03885913323267479,0.03179114251819204,0.08158895075779604,0.08053297263670108,0.0019197892765383529,0.07667477611500662,0.05483765642217531,0.020376872006500513,0.05513357060463105,0.07277218637439671,0.07868102140359046,0.0730160518125258,0.06651952790218967,0.08123860995470562,0.03908615465995258,0.03215642621765458,0.044865002482042136,0.049744762883242366,0.07543087080050921,0.06174933663619401,0.08219527460299621,0.05907376161630307,0.07030574585727874,0.0545510700277673,0.025089912147941245,0.04448978731705081,-0.010305466133680182,0.04475557638743973,-0.022422639766120096
2019-12-26,0.019258357828867496,0.038830117457076284,0.02204149743466684,0.05846648371770898,-0.006355118952445042,-0.01889692924815171,0.01671901235074132,0.014378277449689373,0.00033464528434053636,0.01561121479791853,-0.029815646729900298,-0.0325872227510029,0.0017327471567316621,0.023791576396125908,0.043845287574345505,0.021983884419629323,0.04509218050638234,0.02202975291066019,-0.007466385293369626,-0.00015608598944775545,-0.0045351570687837866,-0.007117431287800476,0.015500292403966517,0.0012682270428558222,0.01669945964546926,0.007810642835169783,0.0024058953539188486,-0.019561802599816325,-0.03841604066088363,-0.03593297013848288,-0.04249331978948234,-0.03973813696150774,-0.08715556888718694
2019-12-27,0.03951231128177376,-0.01673909407913321,-0.004154992221374165,0.055511638132256756,0.04702374882477282,0.04628014916043336,0.08061053508771465,0.08015974433295477,0.0020969031326858456,0.0768901884391866,0.04853804784722726,0.016215000315890293,0.059486456236706196,0.07133690685192977,0.0759432169700071,0.07236698818248755,0.06357673419591918,0.0793595973709597,0.047959749618213365,0.035447574402472704,0.05197711154603191,0.06013212024102188,0.07539439342901962,0.06779263689475516,0.08028538963255401,0.05623307268475871,0.06685817569074655,0.04961171618592145,0.021316856106962767,0.03896031434726618,-0.013141925035829635,0.03823694038726829,-0.030590804049830684
2019-12-28,-0.014341512527613473,-0.03096852046765915,-0.01786393616883153,0.052737432024268394,-0.009591722948009066,-0.019286213650316537,0.010449046421189045,0.00807336577965915,0.0004620984552907714,0.010592398471727845,-0.036890191807806616,-0.039221206760660245,-0.0031058506853186194,0.016699842119511626,0.03815278564899183,0.016744470723968934,0.039988438562950535,0.015487999326093535,-0.010809895777435704,-0.0027555416679921527,-0.00843559259830684,-0.00900243642266633,0.011072077438423792,-0.003071164854719773,0.01079471584985677,0.0017309132168848624,-0.0014914757040337772,-0.02706991634271046,-0.04580841561645688,-0.044055159981733816,-0.04634868688999324,-0.0479921306506661,-0.09475411912728227
2019-12-29,-0.026764816262113467,0.025812481371385587,0.017922330098575284,0.05611980109610363,0.0647835127663378,0.07051266838574073,0.10112914725988038,0.10177104843347144,0.0033918808527406696,0.09352126166716819,0.0644654725707851,0.02537161531684114,0.07866805222603901,0.08471000735862837,0.08567475813209253,0.08854245072954055,0.07003799546360116,0.09834772641756177,0.06678614672318932,0.04752539351743993,0.07129174555034783,0.08259840467758857,0.09386542204078403,0.0892669331926849,0.1010161256835973,0.06888454766293399,0.08237734740796802,0.06435602199994594,0.0324425150582659,0.05378460495183113,-0.008558495600338686,0.055200693358984886,-0.021327902338535765
2019-12-30,0.05376150660467793,0.05733781061859607,0.033833580479785276,0.05733241280653534,-0.003936093336638358,-0.010982160017901421,0.014405893975742027,0.012373140048442366,-1.2134363527908457e-05,0.012187463083876082,-0.03551390532585833,-0.03786503084415749,0.002356375931642359,0.020931858928212737,0.04294969344287717,0.023188469310350495,0.04352418464377875,0.019687693170309828,-0.004563883560415445,0.0007196617642106773,-0.0025802968070707997,-0.0043823315395300115,0.0159314672547272,0.0007351968613047433,0.0145739603857414,0.004781917263324035,-0.0013052297704498155,-0.024836071824955397,-0.04447617887378937,-0.0419493465904092,-0.04669511831306276,-0.04613763053240305,-0.09540744568862003
2019-12-31,-0.030856641133032287,-0.07291616590271073,-0.03735131394082695,0.0591236454623291,0.054131419065191366,0.0605220784963502,0.08486397382098865,0.08359621422914909,0.0020780146477260195,0.07232390127368878,0.035090056939719005,0.004377668373852413,0.06507568317164421,0.07006888875770596,0.07821964207053227,0.07670127421652347,0.0663128272856488,0.08388094410495513,0.05519593555999158,0.03941449024930055,0.05921974802534683,0.06952941061521607,0.08004939769047059,0.07374702226828649,0.08386258254586654,0.05284986449979279,0.06251839422790854,0.03901306522234934,0.007472849842043476,0.02421408269938456,-0.024481062297097605,0.02336920806624902,-0.052344886631253175
