day,n1,n4,n31,n54,n105,n114,n163,n188,n215,n229,n288,n296,n332,n342,n410,n415,n429,n458,n469,n495,n506,n516,n519,n549,n613,n636,n644,n679,n722,n726,n740,n752,n769
2018-01-24,-0.1865236904023407,-0.07169288150618207,-0.06700243637407333,-0.00768881073866486,0.016242286908553005,0.021447643531239773,0.015401710354043807,0.015981958226833903,0.0015270002568431214,0.0193799280908884,0.01855680605936468,0.012153290721903668,0.016110355757774347,0.012015682052178178,0.0019616983496847005,0.010010709913908103,0.001864890803061255,0.012304882814888174,0.016739505956811545,0.010220966485226116,0.017076497707682787,0.020761693740064757,0.013198295126224835,0.019303969891993827,0.015114408676397831,0.012865896371346311,0.01640198018595118,0.016279515859702737,0.014496602494554681,0.017359849974076802,0.007550903733376006,0.01852248813957343,0.0143703559948302
2018-01-25,-0.3099836088122938,-0.1376914358179627,-0.0816233045848822,-0.008199284526630693,0.009270962192756471,0.012388304160129001,0.008908772326207348,0.009564580988434379,0.001686482287430735,0.014067979712733584,0.008676875316115643,0.005880273790796586,0.009484918976040646,0.007702613163149685,-0.0015566744962853818,0.005901166854477502,7.602956892741967e-05,0.007580246618403545,0.009409452509905769,0.006052579375817935,0.009654880811304464,0.012496973280104426,0.008149376024093158,0.011334766191766654,0.009428752342815669,0.008008828728179354,0.009661135496916865,0.008151160598952897,0.007804872930194939,0.008321670636257513,0.0036665823509034468,0.008877027996229359,0.00659581300174672
2018-01-26,-0.18706492758545132,-0.041125350516583246,-0.04386409284690836,-0.005043160322431757,0.0058753370354024765,0.007782815607206395,0.005780897005793466,0.006210078988951058,0.0008196897837257447,0.009901367224998717,0.007312561192769647,0.004406881885616443,0.006984712328816774,0.0049072782251326314,-0.0024241378927434276,0.002502052283832157,-0.0011836920343748503,0.0043955247008658676,0.006148064161304608,0.004298779421130068,0.006612429511336042,0.008706549288627722,0.004700009951147462,0.008315021833063282,0.0058219903829629755,0.004723605131053077,0.006137132204811084,0.0066827616166280635,0.00524583508245513,0.006853082735484979,0.0027776921012581113,0.007297944586850551,0.005474727586641433
2018-01-27,-0.19185025104431105,-0.04528396627435605,-0.03460945553325908,-0.005528769195120316,0.01137418400410676,0.014339741467073766,0.01082561675235342,0.011674317691941974,0.0012563022488706703,0.014783142852409448,0.014164444695489683,0.010075017228919236,0.011659722274411108,0.008647714701078613,0.0006127196244912388,0.006648378054571265,0.0009856661991213638,0.009245759729590594,0.011800991517832019,0.007202488559094593,0.012046800827786974,0.015206336009227014,0.010354977780655675,0.013840289756310279,0.010935459853223861,0.010060299582440813,0.013194623788733631,0.013022802767469402,0.011932427467632975,0.014048895112497147,0.006085036722298949,0.014739717608922417,0.010781024190842222
2018-01-28,-0.18644409247574645,-0.04609306928019782,-0.03617157970493571,-0.003052086315073884,0.0007907883392353673,0.0012820611578175563,0.0010908361812604166,0.0012296269570809908,0.0009689542392751586,0.006400204447819746,-1.277708543501177e-05,-0.000583514408983928,0.0009175901876631679,0.002008722363534332,-0.0016367494716083009,-5.014592113313417e-05,-0.000815444817678627,0.000610614318505398,0.0009842547221309654,0.0008873226846738783,0.000916904374068217,0.0026300160940238015,0.001191083712554608,0.0021048251692559936,0.0014908205369537815,0.0009113396937425003,0.001085633496758535,2.0273239495161022e-05,-0.0012393987440587988,-0.0004914276154754186,3.6077551145652365e-05,-0.00025881276360628647,-0.00024788224571281603
2018-01-29,-0.18156130210948365,-0.08144915525685133,-0.04767868318702195,-0.0025506096123389574,0.005135937297596094,0.006932643074336238,0.005460966103868259,0.006034462167274472,0.001298042241121955,0.010025332226939021,0.007582178315622319,0.004906621627297862,0.00583983757478812,0.005502873713155942,0.0016141092308584366,0.00277074454126384,0.0014712589795141302,0.004642333967225021,0.005353244091740687,0.003487730991746041,0.006134483708696514,0.008734817305040407,0.004245184997105689,0.007630062553071267,0.006059348940281299,0.005900704218368524,0.007307798000117494,0.00723474233704291,0.005608295052339507,0.007196547600743249,0.0029405967678428624,0.0076161974468469396,0.0058378575777193005
2018-01-30,-0.17513408601025823,-0.03747398559746795,-0.03550578302066665,0.0003882713591911724,0.0017379795909186295,0.0026611990935361263,0.0036846307165268044,0.004507017285742876,0.0013428746230686646,0.008785255208572984,0.004104360245456166,0.0027305962087155558,0.0029912265227383847,0.004489575881564771,0.0014824565253167183,0.002424162132195503,0.0018648034160024807,0.0038749594912624494,0.0017283296871613747,0.0014558670860177851,0.0022390741432876857,0.004215433761418493,0.0029795619262478943,0.004546889915751843,0.004553303091636707,0.004194136156910962,0.004526401711342665,0.004004669304123354,0.003327388113765354,0.003405659352433865,0.001997168073583152,0.004372754168816033,0.0035672088250245557
2018-01-31,-0.21054144267753103,-0.0772471263705814,-0.07132020914594032,-0.0037910510841540437,0.008970255328602406,0.011663353071552566,0.010233298565852422,0.01135589315062043,0.0016557295818110755,0.019199088471554344,0.016121431938577402,0.009977993406791619,0.010546405020896543,0.01040535991632178,0.004171139123361496,0.007331879900320064,0.0033519391546281696,0.008973638921686344,0.009623373610718447,0.006077128466891679,0.010349946896853682,0.014789423472493604,0.010229407226644524,0.013680852307310865,0.010806463102829511,0.011625124063483186,0.0155538384958529,0.014198951613365374,0.011818995545080332,0.01504058079325817,0.005949136809309567,0.015715581223306962,0.011788196006675319
2018-02-01,-0.15361986255455676,-0.09232427807624166,-0.04574929581300028,-0.012036622312174098,-0.011763394893286558,-0.013186298453988185,-0.02616216590815057,-0.026744598007606573,0.001471177970774562,-0.008068841477248512,-0.0060848630950038896,-0.0038429713003032737,-0.014262584939898145,-0.023153247315853775,-0.014417582338101198,-0.015963103394766993,-0.013071682636238258,-0.02495856570440373,-0.011345406888808954,-0.008130861211576246,-0.012769184251232524,-0.012730769428737965,-0.019460209613088548,-0.015403626214040086,-0.03058195212495285,-0.009920838084762037,-0.009704643586630072,-0.007109261168067427,-0.0044163146316060775,-0.005259367275543288,-0.001812429848294587,-0.004862147005565494,-0.003403376755057567
2018-02-02,-0.11970407282730273,-0.00612807178912315,-0.020842631055607796,-0.03418278993235635,-0.025912252407025882,-0.02894623809947176,-0.07524766902976705,-0.07828941902039925,0.0017442273658187328,-0.03566082116207969,-0.008005068680739727,-0.00524437403067098,-0.03640849290051781,-0.07228937095047676,-0.0394439769819089,-0.04343290695944576,-0.04174024582599737,-0.07313267193896127,-0.025381770094615952,-0.019910359701100333,-0.02856422425648919,-0.03433346057670317,-0.05340819875593213,-0.04280823380459461,-0.09128210405312516,-0.03026626292316544,-0.023640044123727222,-0.012554443015338812,-0.004087085747404906,-0.0052099548678604295,-0.001596396973600811,-0.005008576240996969,-0.002831339262320635
2018-02-03,-0.05199926683066369,0.004756660591378766,-0.002254053136361437,-0.07214656155808807,-0.03780833817692238,-0.04175175497666898,-0.13380127994151447,-0.14087416234146755,0.0022345866599892497,-0.06392288240652662,-0.0017088820135041278,-0.00015976875873224827,-0.06032936953921286,-0.13429445251217942,-0.07542249547404249,-0.07681226431405037,-0.08159306280527723,-0.1333422677002538,-0.036373490924228,-0.03190006057217006,-0.04409923417102698,-0.055143729641889884,-0.09406212544495822,-0.0724449506471115,-0.17088058080465482,-0.05002460533223078,-0.03432943355535567,-0.011062893855848207,0.0030415974153781278,0.002288309038309085,0.002085864904761555,0.004128626644649931,0.004517801125803504
2018-02-04,-0.05633208121441102,-0.004482023025960717,-0.01840892831368694,-0.09942902579792505,-0.04213502459011753,-0.04639652088901158,-0.16219901567686978,-0.17027612062972342,0.0023760100247646556,-0.07802147121127885,0.004901803629106342,0.003998721103984988,-0.0698142260672719,-0.16728574997964074,-0.09587814953247653,-0.09343857528698389,-0.103026864411488,-0.16263024798594028,-0.04021282371439069,-0.036304256154651306,-0.05010815959717737,-0.06103818745759989,-0.11270892825115848,-0.08303064943322624,-0.20688152530674753,-0.05652798228628638,-0.035847982733257844,-0.008171250472133925,0.010168635279353447,0.010483228483498289,0.005200853245323008,0.013299025246001092,0.010621155475952548
2018-02-05,-0.03324058053687784,-0.028287459300398037,-0.011199870521707567,-0.08643903315156602,-0.04862373266215977,-0.053884937371231935,-0.15949269228569948,-0.16753157036567679,0.0023220802923322736,-0.07777822642429033,-0.007202594469360927,-0.0036351982599593193,-0.07372260300604931,-0.1598896964123817,-0.09001440876113609,-0.09230901211205882,-0.09596649081061237,-0.15792393129455373,-0.04734862620238012,-0.03969988805034733,-0.05622385084646216,-0.0677701572005495,-0.11144456207975366,-0.08774935196586409,-0.20171920164962268,-0.059651293208307386,-0.044121006215412706,-0.017758081853677037,-1.464174687123195e-05,-0.0010540873404873234,0.00017106327793836584,0.00018388028548462407,0.000970165819822455
2018-02-06,-2.9903899881815004e-05,0.038470273806183286,0.014913574850835035,-0.08138507857431627,-0.057457554193513026,-0.06596797510292607,-0.16912174287458726,-0.17835125462076076,0.0021413115403362917,-0.08415532338064076,-0.01373563695867445,-0.00794555665239205,-0.082089495647011,-0.16724614886877967,-0.09023657799275527,-0.0978937119642594,-0.09649591569146516,-0.1658728705963354,-0.05640615013489351,-0.04482574160582894,-0.06512998824922327,-0.0785419555128503,-0.11903022997021395,-0.09758712017064752,-0.21252126361231274,-0.06519973546060094,-0.04904752437623294,-0.02356403999789129,-0.0050304617549574715,-0.007906117656466094,-0.0024483120721855065,-0.006293283701240604,-0.004052909267657334
2018-02-07,-0.06444356949069381,0.038500709720266535,0.01686373293866546,-0.0752880100817513,-0.05013409851743115,-0.057191371185415285,-0.14819347435135052,-0.15611314823635336,0.001673750684242729,-0.07365025562273815,-0.0065821391064420825,-0.004139267781985663,-0.0715353140387555,-0.1475878963160211,-0.08072638644485759,-0.08514055993108194,-0.0867088497699875,-0.14609523188870455,-0.049146658906334295,-0.039040341002326194,-0.05637515713282711,-0.06655557574976297,-0.1043350047269979,-0.08400408439312823,-0.1873738060606597,-0.055075401739797414,-0.040072905546154246,-0.016767026316870808,-0.00016413327550246493,-0.0015119030123977122,0.0003028652792718134,-0.0004746699534073547,0.000951021629241211
2018-02-08,0.009795232117556877,-0.010682078259741287,0.01192844096370719,-0.06623887472105998,-0.052090148785479386,-0.061030016206301184,-0.13775027048741903,-0.14519070619344068,0.0013480538198559582,-0.06848217332883166,-0.009565502442087315,-0.0058363433747805615,-0.07052104135753634,-0.1360198085005324,-0.07340046841681384,-0.08023134403238963,-0.07786126359705836,-0.134945536398105,-0.05154311618051525,-0.039318958431365424,-0.057899069878639686,-0.06857612664306571,-0.0980994497608026,-0.08270694831651859,-0.17281032574927332,-0.05180906983479853,-0.03905796946635102,-0.017692831238472095,-0.0032458452961643403,-0.00485091983114098,-0.0012748355558699724,-0.0037053171741092683,-0.0018548146689099099
2018-02-09,-0.0007219459901756468,0.0465940270778186,0.014701548984652627,-0.05612457238944094,-0.04394634020493123,-0.05211318137569491,-0.11684020368662858,-0.12386629567591385,0.0015465174033308198,-0.05555687483161561,-0.004290718330013377,-0.0017471139098497919,-0.05889565679134723,-0.1147348920626466,-0.06120846750221265,-0.06627501032530869,-0.06614615486178455,-0.11455706614425913,-0.04356534236684991,-0.03265031113880035,-0.048510821795711756,-0.05717097839524765,-0.08172479519511722,-0.06890459240524176,-0.1478561572519649,-0.042050192705147836,-0.029378643785058795,-0.011392582777781435,0.0010649974692243565,0.00030893059478920293,0.0006190529947662782,0.0015179457652558053,0.0017180080147909393
2018-02-10,-0.0298072981514285,0.006490916339063328,0.005534838819659586,0.006937513233523577,-0.015387810012739441,-0.021778249407460315,-0.009975139115190915,-0.011584142463659871,0.0007881811289373412,0.007231892950173642,0.013117509791118328,0.00831841777832724,-0.010274578395418565,-0.005291399105065449,0.005267916538794548,-0.0024211477046627294,0.0032809359694034868,-0.00797570813237917,-0.016333536869279186,-0.007068949109627336,-0.014118438677888237,-0.013662201166093327,-0.005888473704820522,-0.010930196603956333,-0.014093909834519339,0.005343795693681486,0.009954804831383631,0.011131411225676105,0.010064387539183409,0.012535837547611154,0.005166349068632965,0.013166055481534636,0.010305485378938902
2018-02-11,-0.07160699024977897,-0.04373855058157616,-0.03847359871246129,0.03634624769010782,0.013863004360300893,0.01129373446138023,0.08052602292209017,0.08404657224391698,0.0007551057944909326,0.05678333158190796,0.021943806939098327,0.014254046929414343,0.03461093994068776,0.08336223518453807,0.04574465407514309,0.04903434761894291,0.04830151189949117,0.08012666995484707,0.012687866158908712,0.017333066684902754,0.020559797723070854,0.030951970282967405,0.0579376020410202,0.04339438696452872,0.0995765857661975,0.0411665410305592,0.03746215070109482,0.024988422887075146,0.015078204020349576,0.01868956041281648,0.007068026198912965,0.018496605984911874,0.013386005723614739
2018-02-12,-0.0725119276144522,-0.05941435462123371,-0.029372044053104673,0.039751838249016146,0.003907065759236457,-0.0004982815696044085,0.06559975032471528,0.06800310127398272,0.0004011442599409776,0.045601396975532005,0.013581519819285681,0.008581916563193145,0.022984962241120083,0.06996232600822723,0.0438443589486243,0.04047791327058133,0.04552534322329945,0.06641490072402334,0.0026197776985273555,0.010135940667383103,0.009906368440151839,0.017452194291216472,0.045680588436970204,0.0297731045054066,0.08252389363194872,0.032977716103845665,0.0282063733211609,0.01668678873668868,0.008924346720221502,0.010573978257688724,0.004700060251868384,0.010698211534539167,0.007409111333166389
2018-02-13,-0.05887756036529549,0.0032500824535990347,-0.006633789333637452,0.0359374279877942,-0.00849701622209409,-0.017014378314053207,0.04480280786966103,0.04594414362539171,-3.011017525977877e-05,0.03126950931746908,0.007216914324324364,0.004256792022978277,0.009531425929540186,0.05008907068591769,0.034877900051009846,0.026722320042958714,0.03595012880177132,0.04681679205315881,-0.010110628201386382,0.0022893390563950198,-0.0035049356717851885,0.0013872245863397008,0.0296684243260108,0.013472207509478492,0.05838900365843328,0.021669201747105998,0.017875173972579244,0.009732113377197926,0.003572888408341394,0.0052194743330291615,0.0018765455670601838,0.004515282823954969,0.0031875803855629195
2018-02-14,-0.005140993267988818,0.008269594726239523,0.0017779886466252985,0.03239956214727524,-0.010939931221706445,-0.020331544633802896,0.04053558611622865,0.041590691853356176,-0.00016467844536371956,0.029474154801185055,0.009664579909544871,0.005605034818134236,0.006083360231420976,0.04624867049768285,0.032954334867950706,0.02455944336411105,0.03379534607563528,0.04278245462491833,-0.012581242625857728,0.0005607182380007458,-0.006035443457590439,-0.0023711186796105586,0.02650012055610122,0.009170852002009807,0.05295878059250144,0.022115581540223417,0.018918409355272853,0.011305240641421873,0.005432239513552872,0.007402275631100371,0.003116081828874092,0.0071205391553220325,0.005106282397989344
2018-02-15,-0.07570879766468892,-0.10181127877224405,-0.05769912951934023,0.04849868141705027,0.009917239434318917,0.0029078421635843434,0.09346844699173544,0.09659259615477882,-0.000365699086171567,0.0625455344799321,0.024234389050307985,0.015594498993033667,0.03577455324692972,0.09876375808428121,0.05850284177498466,0.055963140917740205,0.06008264419345869,0.09377299341017824,0.008179101842415252,0.01673749256781439,0.01744873488787017,0.027417292246406433,0.06576530557941644,0.04477739227389884,0.11611581497626577,0.04715385731148025,0.0426687166471306,0.028259232195289623,0.01645307704352798,0.02054258319649212,0.008350100016946213,0.02064630352946158,0.015009887712158646
2018-02-16,0.01458780396734971,0.009591450705835966,-0.005642818117896908,0.042213965928288445,-0.0070752971887889276,-0.01866398753864888,0.06120951894249801,0.06316845951655736,-0.0006149143407257659,0.03977209248301753,0.011512463123061126,0.006964707995648152,0.014647478178554016,0.0651640201164329,0.04389983529319119,0.03651531312770354,0.04553570158777317,0.06287662217945922,-0.009124496106930557,0.004705407102722899,-0.001558554329200786,0.005075182550614343,0.041738033776505055,0.020426974102950506,0.07771837036914626,0.030766942452989277,0.025824505280750348,0.014265531723634576,0.0069517027472514314,0.0089994923653407,0.003063190283855969,0.00829394773464672,0.005861314944300903
2018-02-17,0.010094750347040252,0.005348047354470846,0.00694225034672898,0.0419375166974687,-0.011889415214777857,-0.024620023524275208,0.04885491851346332,0.04985418949292756,-0.00017107405218238134,0.03309716558485043,0.010306869706029195,0.006212495215433951,0.008525006218203401,0.05443265193131541,0.040886259452489394,0.031007104932520235,0.04157581020417419,0.051745479767493364,-0.013743139654842787,0.0013381373357758501,-0.006452299244778932,-0.002861869537407339,0.033303743211377856,0.012070925311511438,0.06358318458829704,0.025477788076935386,0.02176774853901649,0.012908518446232975,0.005473059509401246,0.007823722951679398,0.0025923298446359766,0.007387032481496488,0.005252672884272632
2018-02-18,0.031219707382182865,0.009205111531169171,0.008745112646826017,0.044637773283585425,-0.02435973104475912,-0.039756274359547795,0.04196919420257039,0.04314724709319299,-0.0006621847173399568,0.02347452971766047,-0.0059191736863952,-0.00469164376446211,-0.002686858856991788,0.0503781022543528,0.03624812151354343,0.023213112839026568,0.03972335713392964,0.04613419081738179,-0.02670952478762434,-0.0059282255654592815,-0.018980959222393068,-0.016165681795957454,0.024674924953374127,0.00040125116006143696,0.05855383984403684,0.015854806604753097,0.007849693241008815,-0.0015341173201658027,-0.006981208255509408,-0.008093118161274523,-0.0039740742222947505,-0.009086151435814926,-0.007092822185186994
2018-02-19,0.013357774833885413,-0.021648550040616794,0.0007224755502036236,0.040511001728583906,-0.011943607219854732,-0.02651781149906096,0.05516103202182373,0.05611734232139506,-0.0005167117573421365,0.03751925005814597,0.01606649303075347,0.009625467758664463,0.01043965751081514,0.06056958863548504,0.0436440703159812,0.03399015916699769,0.043333279729374695,0.05725472542289781,-0.013881302935532839,0.0021023537049433827,-0.00642206341218247,-0.0013986000834798062,0.03763261382057692,0.015205453318632914,0.07022669341742915,0.030122514535899942,0.027723173864000177,0.018299526057371136,0.01008156468049215,0.01292890269581933,0.005238159495597768,0.013224647904790388,0.009069347574328349
2018-02-20,-0.06019848368752223,0.015479329650144535,0.003261717105363715,0.04865718414212624,-0.022503080011585592,-0.04279010338279399,0.05222625552107344,0.05257237123168679,-0.0006322368963731506,0.034465972061456775,0.011019754856672096,0.00695443276536493,0.0024644068795565133,0.06053274615346312,0.04602741376496781,0.0320394790764175,0.04659308954443079,0.056215519781953084,-0.025337074790349117,-0.0034176314852985,-0.016460090248232362,-0.01390271623101036,0.0335792715618363,0.005753113706357264,0.06827222195979725,0.027877311481826556,0.023612617145160424,0.014358112495711062,0.0064309687502876285,0.008571960402968593,0.0032474269453297566,0.008284837481346822,0.005628588711950933
2018-02-21,0.027215894885840235,0.024342340890135834,0.014790877143509759,0.04624084504336127,-0.026571692773551092,-0.0478211674750213,0.04268447241568296,0.04251101283265898,-0.0008586051976076092,0.025834802587741734,0.0028742284230146944,0.0023820774116150765,-0.003455788441878068,0.0502112209414598,0.040666943061989556,0.02637403439536623,0.04171868213649136,0.04724497110422021,-0.02952667604562098,-0.006347379900203916,-0.021794864500496242,-0.021756486530138137,0.026517348954988584,-0.002132887303913774,0.05744435538811713,0.020856023945934925,0.015324828029287474,0.006820737240930501,0.0011216494351990274,0.0013381992217871286,0.00022980872961101775,0.0006419990243313004,0.00010392907208078839
2018-02-22,-0.055996719452958775,-0.0967332123577549,-0.0527710496464738,0.05763032705944967,-0.007991809487040888,-0.027277081742930715,0.09272802656170114,0.0946284515793024,-0.0007101390431521656,0.06289076589208253,0.027248202980215613,0.016738332379515757,0.024117231856364125,0.09971862504545055,0.06432803482325984,0.055726895501011654,0.06562010969463383,0.09441220857645494,-0.010762241244017959,0.008495684441248782,0.0006473794990681606,0.007687193106894401,0.06363403139496644,0.03164206003997124,0.11583198025111408,0.04906536151300086,0.045398008473575224,0.030850045269272524,0.017511258238370964,0.02311145583287229,0.008470978725540293,0.023326172144770396,0.01672319033930414
2018-02-23,-0.014786350539782353,0.012768608239249524,-0.004855650813047359,0.04915190152238876,-0.016606677176692248,-0.03770084719582112,0.06510229980035682,0.06646954457186964,-0.0009354502427472156,0.041108199545829706,0.01645342736454521,0.01040302795678579,0.009762740956589392,0.07101347108206409,0.0514873461542904,0.039210250013968086,0.051547096307900254,0.06767302379464783,-0.01949148761010111,0.0007958370493188482,-0.01052703927918941,-0.008220937681233073,0.042942153957228335,0.013413509834500736,0.08348777571897041,0.03395482986865961,0.030195418379432997,0.019752150189965196,0.010856862203930895,0.013600079219688865,0.005353995604788923,0.013122459368673253,0.009616174703328836
2018-02-24,0.0018803696690151324,0.005262546371344712,0.005895112550745966,0.04759350215212551,-0.023065177817896593,-0.0455795454823044,0.0498566112076159,0.05008609025978009,-0.0007167356124666568,0.03305536232680417,0.010682484633195877,0.006632083848384873,0.0012388802685020888,0.056955460962914074,0.04488321574346769,0.031152282453382085,0.04543244518171571,0.053757917571807035,-0.026222558866296392,-0.003993939818125902,-0.01782795036380295,-0.017321437636248643,0.03278749057354494,0.0030140002643512056,0.06528861401015185,0.026810934661233965,0.02234085122694503,0.013876904020140302,0.006732725350961329,0.008668179352079974,0.0031721752520083393,0.00847542137520918,0.005706460349054569
2018-02-25,-0.014098876828524917,-0.003830649536906409,-0.004827181647053831,0.051943040456765864,-0.03013104914155888,-0.055829592173354335,0.05424747729679188,0.05436238946422289,-0.001328776513849957,0.03364071045058825,0.005168189649303656,0.0021461998717429154,-0.0021863661976352,0.06361903382313905,0.04775850216374611,0.03322054576288824,0.05027617684003971,0.05912377213945508,-0.03365883551852781,-0.006633924956950625,-0.023990730085072205,-0.023033459708986292,0.03437773693523294,0.00021162826921046948,0.07215073182145322,0.026879723861399956,0.02002360899043835,0.008878388265976275,0.0009380224356473713,0.002571819013955571,0.0005383964687724804,0.0019566812467939343,0.000709079039003413
2018-02-26,-0.08173933091416281,-0.07316232194665802,-0.05006070956851261,0.05026839996889946,-0.007509806673920909,-0.02985634150147624,0.08486800812383481,0.08618938771072908,-0.00014564565620685718,0.06452248057724752,0.04292527641364282,0.02751253647357288,0.022782683329412617,0.09193221763904862,0.061945539647757286,0.054481254179869154,0.06111779019315241,0.0867270190642661,-0.010284587062455053,0.008843457007456182,-5.840961079250917e-05,0.004547194603468678,0.06135462744768786,0.029142522395150177,0.10434004672420609,0.052810635903534596,0.05459341757555247,0.043410838865363864,0.030390040514503742,0.03839648593304427,0.015106771836620384,0.03914457608061017,0.029220459610987366
2018-02-27,0.008912738237648524,0.01664767138600857,0.0020715850830480185,0.050124348965137365,-0.03340315323851861,-0.0626243996950769,0.04773982828953768,0.04759959466409865,-0.0011379193400070282,0.03138781118852959,0.012612231494335546,0.007860696796506694,-0.005324239580109413,0.05707168321187991,0.04762450897094691,0.030157718168634478,0.04732601336073324,0.0533861380688645,-0.036260918219961503,-0.008301837696926976,-0.027247636967313582,-0.02788925494394186,0.030090500207283693,-0.004152488072495686,0.06368386946896454,0.02752154773922418,0.02445430531797192,0.01537736120617724,0.007762508777982606,0.010336274370067974,0.003194305639288982,0.009915079732481106,0.006743757206666127
2018-02-28,0.004844661463160982,0.021731369771412545,0.009558673464558964,0.05101964120073236,-0.030223037747687382,-0.05866257169404143,0.05453560853462699,0.054572754094785424,-0.0010811686266623728,0.03647175036767555,0.016177825731060302,0.01091483148496882,-0.0010781570842658776,0.06354286606146431,0.05096913112381415,0.034250641998282504,0.04985888799801567,0.0593072162067676,-0.033200571210292594,-0.006126914347903541,-0.0240175662677391,-0.02445227913059848,0.03590523967577811,0.0005576743009646871,0.07145899880288908,0.03126402793322688,0.0285876730830991,0.019216323637730365,0.010797153029871312,0.013812474989569168,0.005306996929708596,0.014054589419164524,0.009807283125086089
2018-03-01,0.028609553326174098,-0.03798266017068741,0.0010810742205770534,0.06266045294053857,-0.03842968866586164,-0.07114626317973134,0.06225444105762564,0.06260131298117273,-0.0011766426833720682,0.0386887194144346,0.0066050558666497965,0.004086010173698362,-0.004405688483092973,0.07400970080225526,0.056740339308617806,0.038171259987449524,0.05842693158448616,0.06865437237305667,-0.042592511653651265,-0.009317234393749985,-0.03132712184379116,-0.03105309299803209,0.03885629614500097,-0.002229201874216121,0.08394197381623059,0.03115325125032579,0.023895134401943945,0.011382065562976903,0.002423231194396358,0.003105654082861046,0.0011653516564914905,0.0029016665877303893,0.0016337604930966403
2018-03-02,0.02146947086014232,0.0456317421410389,0.020756046429200186,0.0539680876732976,-0.04011208892811702,-0.07276263197621476,0.04774648440229908,0.047352828755127994,-0.0017592189235280387,0.029178644156383566,0.009286205988668842,0.00652136037373167,-0.00978796495130337,0.058104977485336384,0.049006682684127334,0.029311828997522344,0.04938815795694632,0.05387591168341762,-0.043975675908736335,-0.011584229690888273,-0.03346170038297706,-0.0370201275619495,0.02851032051867038,-0.00954105578808869,0.06445496831163074,0.02635533727369162,0.02153735040811,0.012069218361057862,0.005059210662320031,0.006832801095648951,0.0021363829542696187,0.006507354450375462,0.004565642976950575
2018-03-03,0.04348690467780288,0.02150321944893463,0.01784968879769296,0.036478296137476995,-0.046331510761797944,-0.07797546676441769,0.013924920049712833,0.011073333844598151,-0.000988642552020913,0.012129071992430221,0.008536297380879354,0.005722498928938021,-0.023335964387677304,0.023183094747053563,0.02988644239033622,0.009002256977898545,0.02807554668354702,0.019693378126473426,-0.04933950448142651,-0.01870907876262636,-0.04162693251246422,-0.0488855167506325,0.00499006401212565,-0.026134947763695553,0.021578252980065216,0.013218090500522806,0.012684977337483083,0.009886977920253948,0.006055593276563502,0.007497652406025661,0.002740575076766246,0.007669717769618778,0.005471741233130582
2018-03-04,0.051719476638161975,0.034395907801958,0.021916453380182926,0.02210952979850826,-0.06051751957380436,-0.09530812120217262,-0.012318027508849324,-0.015186212122622797,-0.0011043128811580871,-0.0041379967816833245,-0.0018549451272950417,-0.001039927759428257,-0.04034896661966562,-0.0009331737754907365,0.013947033139349863,-0.007383129224307912,0.0126947913897452,-0.004519430013144365,-0.06446837920397315,-0.027938546063862663,-0.05718532230035992,-0.06743556750091113,-0.014716652118522097,-0.04562209345074416,-0.008767579256080774,0.00025949146872298695,-0.0012167159292308938,-0.0017746986465126586,-0.00187128558467838,-0.001172792485172695,-0.0005869570128786231,-0.0019563438028831945,-0.001164026712949351
2018-03-05,-0.06676469251153942,-0.026505363259046177,-0.028317864504828094,-0.020679833159181687,-0.044589335168086386,-0.07395074902791492,-0.026063554365559998,-0.028847538207139145,-0.04766967614362579,-0.3281669375722993,-0.00523584224689877,-0.0026239890058311253,-0.031172144229634508,-0.056012459106835166,-0.023125892171242796,-0.017341240406915166,-0.031162495089903135,-0.025134705809731095,-0.04644716833048257,-0.02045920295794505,-0.042016841675832715,-0.04966319206574976,-0.022077644775882217,-0.03592186190431453,-0.032987185122972086,-0.05165385879077533,-0.04505114782161742,-0.015454658075683211,0.0010119002511927988,0.00021557147907132665,0.0010780426210568923,0.0018667690356600393,0.002240695668878523
2018-03-06,0.09574748396012334,0.0992969985158263,0.04890278661432864,-0.06841044020295357,-0.07859351704473383,-0.11731234835971686,-0.09651120279714338,-0.10026975829979061,-0.1333039289089175,-0.9379460168435241,-0.08165814763551034,-0.047450225520321375,-0.07273784609327964,-0.171283477661779,-0.0905107616589264,-0.07286013149537436,-0.1066485913966136,-0.09867126678761817,-0.08016069064479758,-0.04478310425940416,-0.07931445868098279,-0.09330063559424999,-0.07897334115583732,-0.08385754792480131,-0.11643368025655043,-0.1654090006438095,-0.1734539104759465,-0.09667432168252521,-0.04861489777640404,-0.06363970604416587,-0.023064087019195156,-0.06347883013111577,-0.04532154760649624
2018-03-07,0.08023817470497097,0.10015275192968875,0.04993426841811862,-0.06846017250563878,-0.07416806779283854,-0.11091518504383362,-0.09209499676957182,-0.09595432862824538,-0.1329191680170272,-0.9332900819908154,-0.07754027321915598,-0.044868330390872124,-0.06866921470257115,-0.1669333688023921,-0.08925548363732627,-0.06943624208658446,-0.10456109197817536,-0.09551275951701754,-0.07571349719353737,-0.04254581027960983,-0.07462692071118464,-0.08810641581716243,-0.07534471166646088,-0.07933491404937983,-0.1128342479420595,-0.1615503015266242,-0.16902151687430855,-0.0925294037529077,-0.045269459167597205,-0.060326481798927745,-0.02162333155133774,-0.059787920318173704,-0.042679466148353384
2018-03-08,0.06775423516733585,0.03802352453009957,0.03589233697017846,-0.06959706422602085,-0.07565761025005872,-0.11242489764325854,-0.09065126588869325,-0.09418832092675355,-0.12535906556224527,-0.8780502143006279,-0.07416341675290017,-0.041870182419217215,-0.06890767266505222,-0.1593878244585142,-0.08878880924028539,-0.06831148483368565,-0.10144756243742196,-0.09329984790581196,-0.07691665798959324,-0.04267884762421866,-0.07572599747352952,-0.0894273090448845,-0.07458947103496616,-0.07990383558485152,-0.10948098191917843,-0.15349686770744064,-0.15999771563603313,-0.08847054727673716,-0.04195824507453535,-0.056954310343348524,-0.020435517612983567,-0.05653049620972054,-0.0407792060664128
2018-03-09,0.06802772967451916,0.08823248067766531,0.027067217972515323,-0.05586691543642234,-0.050645420216294625,-0.08056957689834802,-0.05936716086687266,-0.06217295427614378,-0.11533137897782837,-0.7717597605609017,-0.03814094919163432,-0.018778211884265872,-0.042889670883197915,-0.12077348719304304,-0.06353908124090098,-0.04424825825328652,-0.07852308600292979,-0.06292834142118735,-0.050686964890434894,-0.02651479080241348,-0.049308809128588926,-0.058935687912100576,-0.04657220543983165,-0.05024416573100717,-0.07490170758729982,-0.11503122144028104,-0.11571966924285497,-0.05303597557838824,-0.016325979063096224,-0.02488659612375314,-0.007001086772821334,-0.02324476863003137,-0.015340490909687846
2018-03-10,0.03004539616986257,0.04400367062573185,0.023935972155212742,-0.05258652162462004,-0.06070305078230742,-0.09485705599050871,-0.06779202599917807,-0.07000977207167274,-0.11692478965861763,-0.7829661166428169,-0.039057339984260864,-0.02044579526663585,-0.052429174066790374,-0.12035441039315724,-0.06277603528565168,-0.05021572409216871,-0.07788760955517453,-0.06945506049863355,-0.061754738829479607,-0.03257605361450633,-0.05960357894271606,-0.07242895224333286,-0.05471134435910704,-0.061811936704535476,-0.08165524120212127,-0.11328469887733128,-0.11553787236516182,-0.053178042969018215,-0.017471596285446367,-0.02569282414642693,-0.007989461348594537,-0.02452164503114318,-0.01651246055919457
2018-03-11,0.01979041738908105,0.06438875418126629,0.030159312355870622,-0.045296229525872235,-0.05096685323515023,-0.07872287190303329,-0.052390502379596526,-0.05460773121607184,-0.08738973981958036,-0.5942223315032757,-0.03013501573422417,-0.015706100212855567,-0.04279359130649141,-0.09476418696691002,-0.05141707535091866,-0.04038304746411292,-0.06219418184358716,-0.05448733878133627,-0.05161815102629319,-0.027351076769900118,-0.05000048328205745,-0.05717322808693037,-0.04345912422866031,-0.04887883796238324,-0.06372751241962948,-0.0885622758789794,-0.08960783881853285,-0.04206664022606965,-0.013827218768334149,-0.01999692805672056,-0.005924515999360243,-0.019312739167742343,-0.012904083987662554
2018-03-12,0.0720412470864158,0.041954800492318256,0.041642060052553255,-0.02203740974734547,-0.06719339286215605,-0.09938756082038609,-0.05732209048391912,-0.060478185047322754,-0.06988120120933743,-0.48792143993494125,-0.04273077149867088,-0.024131179240310868,-0.05605453028461049,-0.08409939053630122,-0.03939747304676722,-0.04180495644376947,-0.047157873399476934,-0.0553855689144811,-0.06929486941872683,-0.03591547007670245,-0.06584206162435802,-0.07708335800061583,-0.049170782277797365,-0.06426529821746563,-0.06588075538703109,-0.0809267868244854,-0.08837501222997002,-0.04968737877418287,-0.02493826039752367,-0.033801077043319694,-0.011827471090715727,-0.03403096221683229,-0.023809038498079953
2018-03-13,0.04527688984732814,0.07538091356300895,0.039785695531322794,-0.011818542613367159,-0.07106019462070427,-0.10984120216404906,-0.0451018165793986,-0.048708736193803226,-0.060493892221657575,-0.40922565865407573,-0.02169938847325792,-0.011550236077975562,-0.05387912349267676,-0.06359912094102604,-0.02237254475832806,-0.03206642720549091,-0.03172650554572846,-0.041908742064567406,-0.0737509256757886,-0.03525253470075936,-0.06841275788145455,-0.08088382423438241,-0.0398066741878275,-0.062211658326971175,-0.05096042273309376,-0.06063689106925244,-0.06201191915416615,-0.02930270686190628,-0.010444066681886355,-0.015287125866157028,-0.004784300376984814,-0.014148031228067145,-0.00991144524411928
2018-03-14,0.08277242306447041,0.0675488084189535,0.03533586605749465,-0.006072451561157284,-0.06840548016957755,-0.1041701373322909,-0.04075347497666382,-0.043704985753632464,-0.04495314692156042,-0.3056117537544856,-0.015485085019591041,-0.008321625478269942,-0.051435925532314464,-0.04824535392908332,-0.0165164840402392,-0.028850855674298792,-0.022451328790232,-0.03601702064833449,-0.07098697902069902,-0.034003439029582395,-0.06538320041268027,-0.07784827402506078,-0.03684827705568653,-0.05948832419727198,-0.04384739502460929,-0.04424345249580893,-0.045670832220179015,-0.02103265376391139,-0.007533142071059669,-0.009993735922117905,-0.003323844840744291,-0.009274819305993868,-0.006498934620989161
2018-03-15,0.03388015976213573,-0.005459721557427836,0.017342752841335535,-0.0012566603916119117,-0.06422366644838699,-0.09980081991350313,-0.029178615718905714,-0.03267924073858127,-0.03676626011150071,-0.2422448336352557,-0.006882179992252564,-0.003217383539541411,-0.04493344380803155,-0.033691053841408504,-0.00814122297955707,-0.01980034616168691,-0.013254762237708087,-0.024153321145579554,-0.06758234658245499,-0.030461104480562422,-0.060668003125897485,-0.07137230837484942,-0.02706899716811832,-0.051450922570410874,-0.03106189950731597,-0.031486927153739096,-0.03133292638126554,-0.012426555414775109,-0.0013227932988302271,-0.003034231298321958,-0.00029069817199189885,-0.002249653346669452,-0.001043840559803814
2018-03-16,0.06854205901597747,0.057177427489017184,0.014114052664205031,-0.0036089157650150603,-0.05281471532306625,-0.0860374405560691,-0.02165033314006119,-0.024399507691968896,-0.04059983426765049,-0.2641170952010314,0.00506387996384472,0.00413617408175219,-0.03493702266533205,-0.03073403044923199,-0.00740534627923554,-0.01372705419231135,-0.013872188164553082,-0.01836504826364956,-0.05549792550132319,-0.023438395104287284,-0.048436622505040695,-0.059603366548458915,-0.018666713893058667,-0.04101631235121209,-0.024175229891633936,-0.026462820071245712,-0.023235025434648726,-0.0021432289549559633,0.007689425485541375,0.008510639519014577,0.0037120669492954526,0.00988891788197884,0.006953310011288553
2018-03-17,0.049409636336627795,0.030448323008773315,0.01849718276943868,-0.01258628651886351,-0.06904073765513452,-0.10763403129758024,-0.04037644866332979,-0.043390086953431606,-0.06108086279847461,-0.39767045161880726,-0.00728507823151799,-0.002274502493186503,-0.049453353080373574,-0.05381880811999107,-0.01993590695510668,-0.028482983561744685,-0.028781066748369,-0.03689874163548268,-0.07182398959407355,-0.03310320137219177,-0.06397636121383836,-0.08121359161631976,-0.03482650245854332,-0.05871316531626025,-0.04474480584766264,-0.048841450920681005,-0.04728605285650408,-0.015073419130017621,0.0008240498584693631,-0.000977778814253168,0.0002500889687728029,1.587659560531307e-05,0.0008425091302293927
2018-03-18,-0.04787749549096413,0.031936446310463516,0.01006222865643617,0.002258129041339115,-0.05170594180184936,-0.08206134960349883,-0.01235477242388209,-0.01560281232298196,-0.028997386518431274,-0.18696316610911326,0.00850281395042026,0.006318249976922097,-0.03097839090066638,-0.016711495206137645,0.0006991401156997886,-0.008038819197148625,-0.004125513568022339,-0.009255095908832741,-0.054491305213033435,-0.021826119048509913,-0.045560627364882166,-0.05664446705744316,-0.011935440252943685,-0.03581834957409521,-0.013890541627666527,-0.014395408329634188,-0.011074024656113105,0.00317008866840555,0.008878062384156967,0.010640962117265692,0.00499417779710883,0.011946840248943028,0.008908797131818838
2018-03-19,0.056748698557255395,0.01702830326846942,0.026001638515241215,0.0089976050456911,-0.07552311374246774,-0.11724408800858921,-0.029814258924852826,-0.03396538314138612,-0.031028016193083967,-0.2055822914562322,-0.008948904715685657,-0.004627684962600576,-0.051756125754328274,-0.028850024518872825,-0.0017974619565401067,-0.019340163253887432,-0.006050181381235771,-0.023533025037483668,-0.07926720064620667,-0.035271948133614416,-0.0704429385704719,-0.08672409060107356,-0.028559876823084807,-0.06099486852767969,-0.03102233459603217,-0.026621069474954535,-0.027906875517319445,-0.012372110184988294,-0.0034635329805553874,-0.0055292456017778475,-0.0017833350383922308,-0.005586091442988976,-0.003935540419449583
2018-03-20,0.0023394983464317676,0.015234901156226796,-0.016796124753839514,0.02610106034363202,-0.06382401119309655,-0.1048969101776412,-0.0004053499363611361,-0.004279127365089212,-0.00969536979406064,-0.044342033128667836,0.032287614944059996,0.019773909963470615,-0.0348567885650386,0.012402265172279789,0.026478655797053108,0.00436767283965267,0.02155917439447445,0.00569880707358994,-0.06745917014433367,-0.025311697069283785,-0.056224657392473475,-0.07101527795832752,-0.0033055198028328903,-0.04096054987743288,0.0021353823704464148,0.015901567246084564,0.023441264171364534,0.027042668967578603,0.024744413981688734,0.031164522433146047,0.011985941252468102,0.032789364651305775,0.024126077008081264
2018-03-21,0.02335063189667001,0.03382612254819565,0.008497607107512906,0.019435810434558515,-0.07423672160117256,-0.11849151874877724,-0.009183971865199148,-0.013102371388015696,-0.010628612899960052,-0.05781097528707916,0.022680387771606192,0.015151702449650806,-0.044058463804958294,0.0025053631609909623,0.016732067933249144,-0.0036071455557721657,0.013565619118138805,-0.0017175018060247755,-0.07910148901820364,-0.031332959737696044,-0.06611511184597892,-0.08394287874510938,-0.010677735228270238,-0.051470643438288256,-0.006923129973756659,0.005937324724743694,0.012161201477875435,0.018232697420458816,0.01862794468133444,0.0230060654979507,0.009484266409453804,0.02422850518565145,0.018220283836454538
2018-03-22,0.013572299495567671,-0.021562805716988837,0.0029861434461793124,0.02653290440915009,-0.0753548484177718,-0.12023740005444032,-0.00661350141576141,-0.010629694646432005,-0.005809904491096122,-0.023826750770054694,0.020075280950006658,0.012222367883955107,-0.043966883521101195,0.009936523811248913,0.023858806655795057,-0.0005760118958481423,0.020961366352940953,0.0018500262261680334,-0.08002017970234092,-0.031660366439836274,-0.06709382702018167,-0.08479262460573296,-0.009704949306787706,-0.0509864219890496,-0.0032335140316016955,0.011864240836372572,0.015792810099910366,0.017255177752256934,0.014522611226306678,0.01922711229076679,0.0078502590142433,0.020146928051055113,0.014923189243776372
2018-03-23,0.026602837180079202,0.06471172912514482,0.032860117875807816,0.06229551983831586,-0.09705949433762336,-0.15548000538013676,0.0047784793552828235,-0.0008998441602449484,0.03277073298670885,0.24428992888399273,0.037851801230094274,0.022050498563139048,-0.054159553394714344,0.05102674911446995,0.05544427840220356,0.00773800075404818,0.05623968583592287,0.018515439176690702,-0.10452512190171485,-0.03961132624372136,-0.0839183587098482,-0.11189060181497427,-0.00425790461817351,-0.06181922228807105,0.015643430775390915,0.05797689771917636,0.06229013881109117,0.04082254303367824,0.024137675266835263,0.03193678301211141,0.011496130924889178,0.032234791487225266,0.022793716317688784
2018-03-24,-0.04230982160858036,-0.007790664842924973,-0.004095361944380649,0.07945825204264138,-0.07716194259118463,-0.13743982756600084,0.04205087557058137,0.03714922342709137,0.0766960521244379,0.5471810805497981,0.07285773809882763,0.0444817084636974,-0.026960031366474624,0.09792887185811505,0.08377718935613403,0.03752269694437693,0.08764309915243729,0.05516404322672782,-0.08516419708731604,-0.0239742833744024,-0.05982408572212498,-0.08837647975639928,0.02771721637782054,-0.030503297613697928,0.05621224235347574,0.10691070322456575,0.11891844118395056,0.07787356147054503,0.0494052651588713,0.06236502652919936,0.023865324279841598,0.0630335168615203,0.046347563989327455
2018-03-25,0.0019098716694270952,0.0018067200980181515,-0.00021486745061001974,0.0889596192629541,-0.08519480328214939,-0.1455012473927093,0.044160758094399157,0.03977560564007169,0.09222321411853358,0.6552028484160353,0.07138878775874247,0.042916841654944804,-0.03332996443527284,0.11456906983153292,0.09184378608794545,0.03829375035557122,0.09961253151896383,0.060051584367207,-0.09407945412796319,-0.028414609007532714,-0.06756668206846388,-0.09781922164946562,0.02781943141283853,-0.037908384931793236,0.06255379070515558,0.1232986664087609,0.13235028868471707,0.07995432347589215,0.046034804569589007,0.059225663056702814,0.021890462483044715,0.058914650441593906,0.04250562673928471
2018-03-26,-0.010902238735877035,-0.017678033485063988,0.006300603331722184,0.09946493748139466,-0.0934037236706405,-0.1587590945988199,0.044340237815748175,0.03905330337892347,0.09885104038528307,0.7092669767949286,0.0800362018557701,0.04747618599790382,-0.03855862684104346,0.12467846362106627,0.10200365118162447,0.04011342869974784,0.1102664340058211,0.0621782894199141,-0.10259410241857807,-0.0326305308088027,-0.07585944136246188,-0.10751455428224806,0.026894480700216643,-0.04537496340452574,0.06511100157885252,0.1361251464794826,0.14675304773837006,0.0898192677398016,0.05024264988826962,0.06630536368764457,0.024408380153901454,0.06639918035159258,0.04788229206276373
2018-03-27,-0.011546617603172216,-0.0248551062456821,-0.03802867658847683,0.11895365457747904,-0.08702705078651214,-0.15380008012840948,0.07175685062338329,0.06698408517915322,0.12355971168257618,0.8945868744454192,0.11232491018916473,0.06865382075147242,-0.024536779369437173,0.16745959852298142,0.12880964188968372,0.060768930910845974,0.13792911453520654,0.09065421568956615,-0.09701324476187789,-0.0249299973010683,-0.0657076351207125,-0.09586271711840322,0.04892350557460704,-0.02820556256371365,0.09740139337111871,0.18031764864029012,0.19516812192107155,0.1232525923709152,0.07412224262897767,0.09426252498644061,0.035689823443257516,0.09474148238574169,0.06863075155566427
2018-03-28,-0.025911299245706825,-0.013699851174345726,-0.015588380041784275,0.11798654988562134,-0.08452460243017453,-0.149987737777472,0.07247338561256218,0.06717757615312732,0.13054412112961167,0.9340058739972225,0.10574183848133245,0.06367096419068059,-0.023763353955179884,0.1677363780862319,0.1273332006099707,0.06124810615403812,0.13795718836821477,0.09144181599061578,-0.0948108571496095,-0.023981174168796453,-0.06332563822538025,-0.09369161007764593,0.04972836721903621,-0.026751687384630667,0.0975239964508295,0.17885933747174695,0.19194959874548415,0.1176769852900496,0.06880644035748122,0.0881279916185121,0.0327478736999085,0.08793963317639471,0.06368221673389159
2018-03-29,-0.00778363172301703,-0.0626879365447796,-0.018308865145172604,0.11283910766796623,-0.09250575713968139,-0.15775713043762973,0.05665220322505604,0.05132327249962051,0.12794496253928944,0.8977015954442944,0.0842029850072669,0.04932423287057741,-0.03478131794831185,0.1498814927064558,0.11572253590281163,0.04853242917422751,0.1275465021286418,0.07562061945818173,-0.10302827481345596,-0.030365947664248754,-0.0733827949699745,-0.10314472297407591,0.03516397426702186,-0.03814905700559379,0.08079443771036636,0.15987836690231325,0.16911379467674367,0.09715053757585412,0.05151862980551828,0.06752283597849414,0.024801671149537796,0.06649708140195425,0.04884624938326058
2018-03-30,0.011503884412562856,0.02382015561323403,0.0037919234136924254,0.08789891936719989,-0.08285803605093071,-0.142230359321867,0.040947479423004175,0.036192543656161945,0.10316799614318424,0.7124820577379403,0.0648385939056763,0.03848009456598067,-0.03216820019463018,0.11330975766312079,0.08858802057507036,0.034599896508908046,0.0979564909364985,0.05616780873012909,-0.0915538415941078,-0.02784334043684596,-0.06481224504116116,-0.09277395772391728,0.024681972396384033,-0.03571722774173066,0.058859835079802934,0.12215025191903776,0.13032609181936086,0.07510184403820623,0.04018950228016127,0.05257337670195147,0.019378505331856033,0.052160723684123354,0.03726566740335032
2018-03-31,-0.10084918461438767,-0.04813585672404989,-0.042396120562651816,0.08174732819511021,-0.04208150934526896,-0.08968402126724229,0.07473752990346494,0.07226039465716294,0.09722997830052726,0.7073165184378919,0.11289219464048195,0.0695439772072562,0.004606197551216162,0.1403720193922906,0.10317626126389268,0.06166991071243958,0.10753422416456271,0.08589516946901139,-0.048774832558608594,-0.003258771714456543,-0.024781514815900667,-0.04694097357642294,0.057539465526748636,0.0054224389119165535,0.09325012679756058,0.15103866581034797,0.17041195841937432,0.11738411332136067,0.07805612509945004,0.09820630559933215,0.038286369825671684,0.10006682348765346,0.0734094668131166
2018-04-01,-0.003234188226663252,-0.02511203031645663,-0.015609212927633878,0.07717499698469243,-0.06973201344136282,-0.11970837138552455,0.037741469775398905,0.03379861410710679,0.0863300808590169,0.6055218919623334,0.0563560194834413,0.03305061442453994,-0.026843216493187032,0.10072363529244004,0.07791136331204769,0.032633333711979816,0.08602456531232505,0.0517737414130132,-0.07732097307741419,-0.02339395867296486,-0.054539586783861616,-0.07856822449988747,0.023599550455477864,-0.029360415419148467,0.054249355628014584,0.10713126649846168,0.11307935353347236,0.06519873406889805,0.03479387952604007,0.04528235386393457,0.016946027256959262,0.045006663146020344,0.03247580216569338
2018-04-02,-0.05770972034166396,-0.06304775864522227,-0.025886310045015886,-0.010449691491240939,0.08485987598746252,0.1326652878937553,0.023036809403439957,0.027931275325858707,0.058632967388328495,0.36745585180304136,-0.012691874108532453,-0.009927528774576366,0.054023352106983204,0.03510653056749261,-0.006654667940788173,0.011475377188306268,0.0032136359829338565,0.01673845571553449,0.08874973594672338,0.037662531190785366,0.07936926614938351,0.08858201563365142,0.020910388875222747,0.06123408862934573,0.02611037408489114,0.03046694561947838,0.025841028003129967,-0.0021682610179949435,-0.014581038927171441,-0.016625092322880047,-0.0077869893276677855,-0.018320708189318857,-0.01416221059749804
2018-04-03,-0.06080289769940735,-0.03652417276815415,-0.02888623154481647,-0.04699117329686745,0.1628394653877976,0.2751943649569621,0.006324420942571092,0.014707374483528213,0.052465357946510714,0.2906439854198786,-0.06336245102476834,-0.04340400592374216,0.08413606150714041,0.0008211231602253122,-0.04761173583297973,-0.004132472998104634,-0.033634571655101496,-0.007150155021077668,0.17313179632475814,0.06255476223321299,0.13980943122510117,0.17056716193809626,0.011259406061997565,0.0936933053973578,0.004158009957390203,-0.0120674175178479,-0.026428225090231905,-0.05067146990168266,-0.05443443535890502,-0.06509497163909117,-0.027268499286328723,-0.06816068167911175,-0.05218180039807082
2018-04-04,-0.05871489826154589,-0.03854318134602034,-0.02599762846179665,-0.05824520557497278,0.18459639261881358,0.3069680743106569,0.014892478685040325,0.024537825622744276,0.048626590679279026,0.26735439489517204,-0.06299197420732483,-0.043066662849482164,0.10005074991824674,0.0007947390707044496,-0.05290335837398027,0.0010438372846370096,-0.03957932263614872,-0.0017324712266176452,0.19655951373047476,0.07402642901281364,0.16068988968940565,0.19764929374549092,0.020043801949974533,0.11313784805060638,0.010683975762156628,-0.01397143979816177,-0.027409938526198257,-0.05067129683023186,-0.053759443880946556,-0.06447308073558074,-0.02732491855742314,-0.06826096461685142,-0.05180911066676389
2018-04-05,-0.08887948650401183,-0.10223559488750904,-0.04331857634785674,-0.05466911001604332,0.17654553020639963,0.29634907255067705,0.013044136114749824,0.02264796821061754,0.05336431880434874,0.29631819999551645,-0.0598566815105217,-0.04167475276514961,0.0948547424755984,0.0043589494529046036,-0.0498974466448292,0.0003669735949583715,-0.0356805699563442,-0.0017924596683212002,0.1880825708759651,0.06977573210271615,0.15314624348106154,0.18745125700337795,0.01763810833682881,0.10589371067082591,0.011413251140924174,-0.009172380727152726,-0.02241289804707029,-0.04753435259588971,-0.05210010679454413,-0.061822276769496476,-0.026092158022959982,-0.06480021943972798,-0.04980558521179853
2018-04-06,-0.09473157205897964,-0.024081665965372718,-0.029838825192839497,-0.057068857649568074,0.16030009050726482,0.27219259564674686,0.002337423210343026,0.011018095342516965,0.03141401837522088,0.14801231993997632,-0.06629024071913807,-0.04396035832386621,0.08170021387827801,-0.016874936841643873,-0.055560835827478915,-0.005834341589880054,-0.04482071702370286,-0.011670360174481567,0.17096207373172412,0.06123248050264518,0.13625306881541258,0.1713825133135248,0.009191853749936621,0.09156877597002744,-0.0024893987598998044,-0.030403109187873294,-0.04418832737650528,-0.05659894062844314,-0.054092660070891085,-0.06538925698281961,-0.02700401764370053,-0.06858391382779357,-0.05163427993600086
2018-04-07,-0.06518231878114333,-0.08053820093472967,-0.059898608158384846,-0.07458065350506615,0.18490448734747153,0.3047686237348059,0.015206911325251168,0.02517087827898064,0.020609001021203888,0.08977275042979886,-0.045676448624604994,-0.029687058474270778,0.10374070128374739,-0.0147627991726574,-0.062070262076797444,0.00232287191725374,-0.05411351193813078,-0.0037019614563235472,0.19758320389772047,0.07623340809189205,0.16123699615544673,0.2005985531390634,0.022789072095285984,0.1156338026730482,0.008385484986471662,-0.027085339572315032,-0.034327486275070505,-0.03989848892456186,-0.03622016342427189,-0.04476533843729532,-0.01807069763269838,-0.046486090046125916,-0.03450885944186884
2018-04-08,-0.0523454513975025,-0.049634911849709994,-0.03182711335214764,-0.06745763874690525,0.14850038232192672,0.25422627017387445,-0.010250752083103443,-0.002292790101106945,0.014172973601951947,0.030674409527262785,-0.0757022608202007,-0.049503058248583365,0.07230999051414777,-0.03524082158008982,-0.06879656170134825,-0.01664611075135151,-0.05925223648749345,-0.02533131176513237,0.1588958296815024,0.05518176918658332,0.12534976920364324,0.15778120049800362,-0.0018465457197912964,0.08024573528060674,-0.016849855344837295,-0.04834117165224061,-0.0637785872314159,-0.06737297738066743,-0.05925100798919125,-0.07264784337724144,-0.029238943867309075,-0.07514052548940182,-0.05675839475817934
2018-04-09,-0.008481641582093857,-0.05067779147525394,-0.02035370913095491,-0.043960742810450114,0.11021332998778395,0.18902604307346937,-0.004448066629772522,0.001878467829592741,0.011410027858675656,0.03637327129539555,-0.05165776596150481,-0.03450103099792982,0.05337391124268187,-0.020509864927298338,-0.044435652709952755,-0.009128948596077121,-0.03842008584273356,-0.014921189783279646,0.11800850336704698,0.041189940224207966,0.0932216224804711,0.11682220451003704,0.0013015183127258467,0.060806545845471106,-0.008025218778051032,-0.031060269634787474,-0.040816740890590175,-0.045945969192452786,-0.041823596591063016,-0.05039910517137258,-0.020470968042066495,-0.05239159906235861,-0.03954079131750721
2018-04-10,-0.025116965300938283,-0.010933898128632435,-0.013618932221305613,-0.03056979894159273,0.08816868232217878,0.1512732340645746,-0.002405312639511751,0.0021169673449857505,0.017402077067380912,0.0840492915815559,-0.04290527038056199,-0.028223551819655707,0.042813393357950424,-0.009797585618274892,-0.031980156547491756,-0.006700921026057276,-0.025690729326012907,-0.009807696054772977,0.09431922188757191,0.03246147563310645,0.0744329300036221,0.09363936251833464,0.0014254211186486287,0.04789015403840402,-0.00458098954604047,-0.018316520792069763,-0.028124600484298174,-0.03628088993340869,-0.03459151999860577,-0.04259302229150445,-0.01742215458648655,-0.04468759055966635,-0.033769696917114324
2018-04-11,-0.01783513261035452,-0.033794497078241115,-0.03610412099727878,-0.031088884591912763,0.10102007775974038,0.1633914595354069,0.016264971400544503,0.02152724227225633,0.02511935047852809,0.14960470711190302,-0.01760095439985084,-0.011481025145440546,0.05874735959808911,0.01017291520357766,-0.024073875948690777,0.005560594017281299,-0.018093155205931428,0.0065006534445248105,0.10781459636889412,0.0421214654794726,0.08893868041634907,0.10805547828946101,0.017120639892134193,0.06595480344924069,0.015252773939350206,0.004361420655825417,-1.739367905884137e-05,-0.01246156462290641,-0.0154713386497356,-0.01897171803739776,-0.00793734921154865,-0.020553501684188902,-0.015289410474604637
2018-04-12,-0.018236933172412595,-0.07918521095223419,-0.026512638623406914,-0.034914275154131445,0.09571921645822694,0.16157352596921548,0.0037290561216959026,0.008563791294391443,0.0249402931886659,0.13545419873018893,-0.03392514286042836,-0.023022212477319393,0.04943665513265808,-0.0034140751405757896,-0.03281551946151495,-0.0024970721185161673,-0.025076406871104535,-0.004616393190983874,0.10250990625189615,0.03749553199850494,0.08193659941757551,0.10110000599706719,0.006797652403227161,0.055310112679332356,0.001754805840933275,-0.008830284508348404,-0.01686360217268727,-0.027369634863796694,-0.02922218792254405,-0.03461486583785748,-0.014810393484279594,-0.03615558815216365,-0.027621827500782754
2018-04-13,-0.09560380924985983,-0.010929449281960046,-0.019784025841903013,-0.044955765070785546,0.1057393566502786,0.1773564151196029,-0.00043005936846925624,0.004973435382850333,0.011466054233176001,0.04168306912974836,-0.03775450278028991,-0.024714755269763522,0.05451634960289612,-0.01771464645884535,-0.04242588267785289,-0.006221109158868643,-0.03732496488803694,-0.011189059056330386,0.11340159378272545,0.04082562530986955,0.09041453979964793,0.11188805411738804,0.004720563732699468,0.06026420032176135,-0.004860250767758127,-0.023622342598303685,-0.0308945147872229,-0.03318997369876945,-0.02984911856192844,-0.03611735139057733,-0.015246237372664654,-0.038384859400608796,-0.02819740902991204
2018-04-14,0.004771172885422874,-0.015933054886991965,-0.0033632532198823264,-0.03503821380694235,0.07670680221076835,0.13857042393419672,-0.021972511419434387,-0.017880204673481614,-0.005018616887987252,-0.07697948229778688,-0.05768399350174954,-0.03838904378125937,0.029121919478851826,-0.039705979872493614,-0.04450894477972245,-0.02046056293654619,-0.04162584871433742,-0.02939754741845846,0.08321225536304173,0.02461209241959228,0.06132162105857031,0.08069994670900431,-0.015103285117832321,0.03195451648559722,-0.027135777028709878,-0.04724652896819759,-0.05813098079905554,-0.05377179281147478,-0.04514436379060053,-0.05465460994828231,-0.02235682735981115,-0.05622356815420323,-0.042636006084750676
2018-04-15,-0.004475106907806096,-0.005477980870697212,0.002028944868745164,-0.04832819970135086,0.08664432459163478,0.1524999515245072,-0.01850900113564613,-0.01397825533872806,-0.004606841342300309,-0.07404713691129612,-0.056760273702378385,-0.03750546178619155,0.03630333310763797,-0.03934051968036615,-0.053828661935882906,-0.02022269939387093,-0.048206619468878976,-0.028443137585608607,0.09327591444375442,0.029719236884899008,0.07050256908798265,0.09116108473093476,-0.011915255753675543,0.04076728575661873,-0.024244373298086448,-0.0460851704063033,-0.056845034591543886,-0.0526411916658196,-0.04470874452543031,-0.05375782760607913,-0.022407445768158674,-0.05505300926983795,-0.041782927897019206
2018-04-16,-0.007832947770917068,-0.033591856415265596,-0.007673230329917698,-0.036525226453365534,0.06733170704717484,0.11552147293902948,-0.007531347250204175,-0.003667199804648469,-0.0009754020553825645,-0.03368657965534035,-0.028799803055242396,-0.018586399534154197,0.031238707754725148,-0.023081997303898188,-0.03624274813258962,-0.009945011183305633,-0.0340561444697712,-0.014904753533352633,0.07276512583265582,0.024906836792173575,0.05619549374697286,0.07011606552235368,-0.002589351177568311,0.03413467018647243,-0.011603981216174416,-0.026347109980345174,-0.03110078980821207,-0.027610882527027297,-0.021967054382479922,-0.02702142352135824,-0.011258064881785046,-0.027581342679225667,-0.020769114622545715
2018-04-17,0.004374850109907531,0.023179206179475997,0.009518767139887233,-0.02039522737716008,0.038556590546801495,0.06963750850356742,-0.01300685989144649,-0.010343411616961914,-0.0015193933685712462,-0.03315670064355262,-0.028807654215376566,-0.018223306744224566,0.013451235851862956,-0.02170885057922896,-0.024778108289480905,-0.01113418364064452,-0.02379602695477286,-0.016682780349127253,0.04158376421953195,0.012155704737790115,0.03016383280025921,0.03854773139995989,-0.008583263479782666,0.014631049029218524,-0.015151407298935679,-0.024729645207021516,-0.029760190793250096,-0.027377010718521905,-0.021579377577261916,-0.02713997119248912,-0.011058897747481922,-0.02800992859024524,-0.021133463190140606
2018-04-18,-0.04205416238862666,-0.020531219201518642,-0.030612521447942243,-0.034854319689002246,0.06597130736182273,0.10497575393183745,0.005145395437528381,0.008264087627592195,-0.0009403095452785356,-0.019093671854517307,-0.006534013431511276,-0.0038424499344973384,0.03781069696102849,-0.01057495539305601,-0.027063111392338968,-0.0006270945679087703,-0.02711656912170568,-0.0032700927569339435,0.07047912074721285,0.027718642909002316,0.0578895831332232,0.06999514582733024,0.008242727095617278,0.041424219254598015,0.001346039869973244,-0.012153734633015093,-0.01097153328155187,-0.006951406101829723,-0.0036888838498025933,-0.0048115357082704575,-0.0020939834227566103,-0.005011583650702829,-0.0037235512651691374
2018-04-19,-0.055297353203045706,-0.062426142650262285,-0.019310921988222596,-0.03772849017074501,0.06466708255982005,0.10865730873054218,-0.006127702478375241,-0.0024288673642841965,-0.0015277421587137259,-0.03365105781378001,-0.027661891831383123,-0.018318322482072286,0.031359241091004485,-0.02126111417953987,-0.03464852116346121,-0.009403393886534772,-0.03378532450827235,-0.013482535080175495,0.0689394606660733,0.02414665679139875,0.05411036640228328,0.0673525617016099,-0.0019084984042585518,0.03480182849523553,-0.009590558641786373,-0.02532003201059041,-0.029497459402369586,-0.026149284385300692,-0.02099915610531718,-0.026076192441771617,-0.010216088567989168,-0.026717081237973634,-0.01994240141329051
2018-04-20,0.006032381267442617,0.023549076770129258,0.002913335987910474,-0.021463460146322905,0.03964603833605107,0.07007785583738683,-0.013616313675330597,-0.011299870742073281,-0.0019146694202601584,-0.03660551302928875,-0.03249287431985574,-0.019876103239542548,0.013775119652186993,-0.023408542654703563,-0.02674250440204995,-0.01194765800453664,-0.025919830279831874,-0.017370338071681424,0.042771849492936255,0.012295966494387281,0.030576019829361496,0.039180289297632065,-0.00948282192207787,0.014586972774627208,-0.01683869603797176,-0.02685644580598486,-0.033161998014985095,-0.029746097604532434,-0.024464343974854568,-0.03047265775865693,-0.012099226618423367,-0.031707069570727775,-0.023828165053126682
2018-04-21,-0.01654517722114557,-0.013341309498583994,-0.0034539499397914972,-0.02072152491403519,0.0451310937445939,0.07877309649878257,-0.007923614819209371,-0.0054066624218659,-0.0010777639933232663,-0.030174619208408988,-0.02450100870139978,-0.015512824291734617,0.01949205994168531,-0.020567996080157396,-0.023505252289553802,-0.008542390477747889,-0.023390372229820027,-0.012628909851928327,0.04887901715712969,0.01575618686719486,0.03643386448958985,0.04631301490249928,-0.004488812515657396,0.021051766011573214,-0.011784285594118593,-0.022638943581698417,-0.025909807104638343,-0.023293785497395508,-0.018399777064682727,-0.022556433066213504,-0.009321250770823871,-0.023632600912655437,-0.01730650902283415
2018-04-22,0.013667803137175158,-0.01820701366592588,-0.018160242441047043,-0.04501306031126262,0.08034889194535626,0.1306904734377999,0.001813411375039801,0.005906388441414852,-0.0009910667995122562,-0.028085257584520445,-0.02107348294720553,-0.012973695442373293,0.04353419746763413,-0.017697060060027248,-0.03664380644360099,-0.004212378497234326,-0.03584047641070972,-0.007628300911905583,0.08659494253661955,0.03277795747603,0.06961570106362143,0.08377738703088422,0.005890147502195593,0.04699813345274576,-0.0027722436368871803,-0.021014116892370538,-0.024168909922829346,-0.02055863658899752,-0.015871284592003043,-0.019434297089895598,-0.00792989578408232,-0.01985485954141719,-0.015225676480574416
2018-04-23,0.005401051741143063,-0.03223264935277174,-0.007580335583950178,-0.018737506108339907,0.022097254735664745,0.037186298156166885,-0.0030249697252212235,-0.0019000761191367843,-0.001554846339766769,-0.015567266134427568,-0.0008620221484119858,0.00039140468949216967,0.010822817354047961,-0.00965706349593809,-0.014182686623218052,-0.0037631103507610084,-0.015122807157873138,-0.00528728013679558,0.024447746789939256,0.008088067900986632,0.017577639304250603,0.023570685810285614,-0.0013475977563336035,0.011502518845332451,-0.004395222458383567,-0.007536032227309697,-0.0045502303473584265,-0.002214201001564516,0.00013235183549653584,-0.0003583052347252054,8.306399622023027e-05,-9.590479319380545e-05,-0.00017380695458957263
2018-04-24,0.04693573832803318,0.0401771227908038,0.01893956568396297,-0.006149647272014687,0.0014932759071368078,0.00651140490010782,-0.014362681338683458,-0.014889318998266768,-0.0019243381923358764,-0.026870090660604678,-0.014105942906796306,-0.008330685195988785,-0.0058574420866787475,-0.017267201884230293,-0.012283245920366928,-0.010701439778288227,-0.01332815662336125,-0.014150255177308798,0.0020743147807638826,-0.0026877946986327097,-0.0018251739972046839,-0.0041576262407548486,-0.011474416408669677,-0.008964750491413653,-0.016228760764118277,-0.015828522744791407,-0.017334524991320006,-0.013497529912388137,-0.010648241747897913,-0.01262639238198826,-0.005207286605762936,-0.012780395723079133,-0.009776889396726792
2018-04-25,0.05288681693100831,0.04914369393526593,0.028683385250788025,0.0015203299183597825,-0.01739913195910218,-0.02479437823478599,-0.015772151652331996,-0.016502108514233765,-0.0019271821078291989,-0.022894184657723155,-0.012244837096933026,-0.008305618367626147,-0.016289506978173662,-0.015674082768158293,-0.006667859680195232,-0.011211685366113796,-0.00774521677854878,-0.014195803531177553,-0.01827026664346813,-0.01047723545972623,-0.018688059265595136,-0.02200212339179301,-0.014183296281792046,-0.019044225963356236,-0.016714300460469882,-0.014324624782438752,-0.014807686746071505,-0.011735736709183561,-0.008959958399546034,-0.010945740003582985,-0.004860340628268567,-0.011229269771547182,-0.00889034363905239
2018-04-26,-0.05767897074589001,-0.03609105749014111,-0.0023934175155782,-0.007727519635415033,-0.0037813603180296695,-0.0074275302798074705,-0.003777628586541404,-0.004051018511710265,-0.0014111066477345464,-0.01172229666783083,0.0007608233152689436,-4.074115193120065e-05,-0.003766319753673031,-0.007321328100219422,-0.006644627531118423,-0.003570517588044275,-0.008337716918974595,-0.004361199881934397,-0.004004317935039896,-0.0021032123390396507,-0.003942098293659472,-0.006636784251951393,-0.0033316763230451705,-0.004576181982562784,-0.004592649976694692,-0.004850739291728227,-0.002397958525513092,-0.00025577458665596947,0.0007405051325462727,0.0009467673041744599,0.00015569608872478824,0.001670762627292414,0.0008743621453459008
2018-04-27,0.04463920228574928,0.04494646448033516,0.016140466459404774,-0.0005408292019228137,-0.010639389716608013,-0.01429075051911551,-0.0103141905084847,-0.011102466444521989,-0.0016932634737975387,-0.018661955128154162,-0.008006495100807124,-0.0051826967286648555,-0.010521976132181088,-0.011241170954466936,-0.004937395124257875,-0.007018926720077386,-0.0068995485404853936,-0.010158377432675003,-0.010931126276006786,-0.006411342498624369,-0.010984772564832804,-0.014363884023176787,-0.009058069424849732,-0.012986489575621837,-0.011194382872059391,-0.009886552683163371,-0.010143003472206757,-0.008509978703936069,-0.005492552055557098,-0.007299220866160046,-0.0031430994205692286,-0.007197814230901341,-0.005984063810800855
2018-04-28,0.012536248332575864,0.016739555892208102,0.014641327792810207,0.004875083823781878,-0.011962646943933267,-0.016817215536394592,-0.010780767757847384,-0.011449453602615142,-0.0014662598158787787,-0.018174927162286043,-0.009140845187035099,-0.0054172550902421195,-0.012169531247210466,-0.011566991923855833,-0.0016808110397241727,-0.006959882918526598,-0.004668584793454222,-0.009495038873292986,-0.012598819819777654,-0.007186730287378633,-0.012678549352999724,-0.016865448902625424,-0.010279230284660676,-0.01428651997245911,-0.011635116570136125,-0.010235359069688718,-0.010444769975060867,-0.008765205594527833,-0.0066798997664155495,-0.007721022462159333,-0.003493675605618307,-0.00879236761063081,-0.006466893299963121
2018-04-29,-0.007635087699488767,-0.008925412388323414,-0.01624084841381812,-0.013292941931842902,0.003162660731193571,0.0024035771776613757,0.003163461292331841,0.0034143865249477066,-0.0015173312943381017,-0.004573328841877888,0.010700770828657133,0.008238383245231814,0.0035481941304515985,-0.0017960962226132675,-0.0066803007062318604,0.0005777952338365348,-0.008571459385062319,0.0015680799893790602,0.003665484980199807,0.002175370986577718,0.0030838515900143784,0.0030481693596460246,0.002371112401926112,0.004378616493991257,0.0030098301815166075,0.001558402204675365,0.005709375466498301,0.008477776005472393,0.009846706263174928,0.011213488003450975,0.0052333932661250415,0.011338347737117319,0.00884257144239875
2018-04-30,0.0017645265601742288,-0.02215592553339422,-0.00524709436976097,-0.01034959113072483,-0.0026944084394751044,-0.005033313450546473,-0.0039156147313302485,-0.00440997756791391,-0.001340857119556264,-0.01324764597690938,-0.0016737938795445828,0.00019156649664816192,-0.002688842750298311,-0.007921155852290104,-0.00899934507895983,-0.003948752911085762,-0.010100830184954704,-0.004636239282881742,-0.0029327639789814932,-0.001543041520240133,-0.0032836394501192245,-0.004996822218877502,-0.002746907213718804,-0.004844557729934233,-0.0052452913086481106,-0.005396735836867765,-0.004456197501405986,-0.0020239067508548794,0.0003491845965021649,-0.0006705754145481061,0.0004929522334154631,-0.000681730473345373,-0.00036075285167432486
2018-05-01,0.0100847398981981,0.03999545156076708,0.015772759404428054,-0.0006502157470729131,-0.014799361059859054,-0.01940735457968727,-0.015659362874373823,-0.016544734590392924,-0.002543246935097739,-0.028387622767498105,-0.015460824251513294,-0.009920909519708587,-0.01470208144063534,-0.017415916771331474,-0.00751671264611294,-0.010566043281399354,-0.009440500045189223,-0.014501764818697064,-0.015207839833477324,-0.009156434460613205,-0.015427780888975562,-0.019110290138103874,-0.014065094658422872,-0.017361629123696726,-0.017119794591352527,-0.016013852869011618,-0.017461377229831914,-0.014843979050824352,-0.011645125800767412,-0.014280669601507867,-0.0063357372106166805,-0.014389440364641478,-0.011563456967635055
2018-05-02,-0.017441389363519317,0.026258334334178162,0.010690500398260916,-0.007282085340506524,-0.006428290021090355,-0.009018649288893362,-0.009866136228937172,-0.00989374559602337,-0.001679846249258432,-0.01659327943534213,-0.0040378694776279644,-0.0022322575866695615,-0.007139659695437099,-0.012108235723710633,-0.008814418762234618,-0.007104930319506764,-0.010571464669577146,-0.009186694197910109,-0.006587522038122924,-0.004209892710077767,-0.007075393261534539,-0.010765809369671864,-0.008601587846351086,-0.010208099839569643,-0.010084593047871534,-0.008925334464250886,-0.007280398843114415,-0.004640239996097861,-0.0023926319025126355,-0.0033762124228209345,-0.0009096364028495785,-0.00383524049252415,-0.002744576968434368
2018-05-03,-0.027120070487889485,-0.06842367309284085,-0.03944256221146455,-0.01773427050057504,0.002038672214056921,0.0008689510744135376,-0.0016710731565969066,-0.001617232492633865,-0.0013453750846241046,-0.009168749595925915,0.009869673909297974,0.006349405070121605,0.0019818502592201526,-0.006720212150485534,-0.011888666219071512,-0.0029087084313932365,-0.013379188778096443,-0.002868390568565952,0.0024042404187669675,0.001558629112002367,0.0018534101804901226,0.0018378961089968726,-0.0011078323097694447,0.0010721426494810042,-0.003195534907797004,-0.0014813124629604602,0.0037135018733331173,0.007326054969769125,0.008180286931453118,0.010492788340325632,0.003893841609211357,0.010698951915305047,0.007552103679623852
2018-05-04,0.013225004144208649,0.03554523769233272,0.006171567912231761,-0.008189545801105721,-0.006064733765615671,-0.008739900680406679,-0.008917148506686937,-0.010351878276783744,-0.0016124675949864553,-0.01517523963319197,0.001978445322543839,0.000881375141071968,-0.006782714203804829,-0.0102764290383357,-0.007237940895083413,-0.0054122361736004265,-0.009344241570706124,-0.008355280880253465,-0.006105750409341877,-0.003975117442378402,-0.006541174859623133,-0.008976953752428981,-0.006640647563244191,-0.008764802461292595,-0.01105291770643646,-0.005248476429973614,-0.0025732467357322264,0.00037155429516359345,0.0015329135178987485,0.00238455833054374,0.0008190723975660674,0.0026790495727070742,0.001605555626398747
2018-05-05,0.054173398192987055,0.02772646989533308,0.020688958545250397,-0.0050294080480017085,-0.014745506067787536,-0.019211215328220455,-0.02402318851186358,-0.02718208659411303,-0.0022188076303922464,-0.02640490405515224,-0.00840844226813875,-0.00468755507341978,-0.0174853353557524,-0.021691225678070285,-0.011440713151536977,-0.01581327303533649,-0.01348239964434376,-0.02194386786547131,-0.014877321406252975,-0.010923115202804054,-0.016940375537824497,-0.021753422829073443,-0.01919244204322812,-0.022637360947213025,-0.02762151596038187,-0.015289577224092929,-0.013827486334651695,-0.008831079382827825,-0.005194492521113443,-0.006599030372322308,-0.0026274656551477094,-0.007042003571696931,-0.005081104396180851
2018-05-06,0.031502251962411076,0.033072566891542955,0.02273505544545677,-0.014697379286348955,-0.021807381321398072,-0.02705479411448704,-0.03985149624716063,-0.0449857019585318,-0.0015699927527738449,-0.035936274038785555,-0.021935342147854975,-0.01378095121276246,-0.02733710716621296,-0.035430739206584384,-0.022664855205932533,-0.025793913119109686,-0.023187948376886425,-0.03646865103725242,-0.02202510694698419,-0.015877115265442516,-0.02433104494185212,-0.029180692486976117,-0.03167065426042045,-0.03179669207727217,-0.045727329436472765,-0.025466705084263335,-0.02720467216380455,-0.02152072514661037,-0.015521479519356932,-0.019752363626178493,-0.007756545295370287,-0.02028763156871083,-0.01526267606146566
2018-05-07,0.04870484697939995,0.010816904736051272,0.016395144411258222,-0.020632461301309135,-0.015879331249364508,-0.02069664823396818,-0.04110359741332973,-0.04852476040654826,-0.00072602688751644,-0.02800435987030229,-0.004808519025273424,-0.003618070033049925,-0.02341087316794077,-0.03527789468326947,-0.02327388343140561,-0.02583346611042033,-0.025081388114391718,-0.03786501968452723,-0.01622009001292805,-0.012744424724577819,-0.018833092551042856,-0.02624980907213666,-0.03136951838132784,-0.029388326017698436,-0.050100078565693686,-0.018496653494126214,-0.014461893366398767,-0.007224186993728843,-0.0023317045188413488,-0.00290629870406948,-0.001407289391839761,-0.0021777270504464616,-0.002360927588559806
2018-05-08,0.06633801118832983,0.06550827035604605,0.03238561208193561,-0.021870183349771644,-0.031317867103052364,-0.037913464176143684,-0.06683063295783735,-0.07787852920111267,-0.001243773814119405,-0.04889159364447663,-0.01930056249392494,-0.012465568017561898,-0.040406094890479416,-0.05723092286871415,-0.030204497047979267,-0.038782791549551554,-0.03396928817239401,-0.06008509094583866,-0.03174894796606657,-0.022933175995354087,-0.03503503895763386,-0.04553846377530609,-0.04899406564994221,-0.05064296533377899,-0.08036928932714578,-0.03401554946986499,-0.030876199877658255,-0.020998414288690686,-0.012695663870062232,-0.015868284365793645,-0.006146222604854756,-0.016280669120880848,-0.011995261948859989
2018-05-09,-0.021512597296609332,0.05217280504891283,0.026028862563169792,-0.030962189214104836,-0.024924359138458623,-0.028303708680948187,-0.07184372770666887,-0.08528580058516984,-0.0004164114456687666,-0.04223764347668446,-0.0036156154864945833,-0.0012741356368219197,-0.03771267198716988,-0.06072691502127222,-0.034174902059165735,-0.039909913900671334,-0.03883154209702688,-0.06499441119773171,-0.024287441788326387,-0.02030242274929724,-0.0293202821202095,-0.038050476461042315,-0.05099628879477258,-0.04600036267563586,-0.0907420294050505,-0.027811341237377125,-0.020358794072516655,-0.008210667505598105,-0.000706962325793962,-0.0007743137927747057,-1.443628292759532e-05,-0.000130444802548683,0.00047256456009403536
2018-05-10,0.007073271448468106,-0.040556784176725515,-0.025170933342712882,-0.049946187807974184,-0.026361131264105886,-0.02935071255006753,-0.09148255950127264,-0.11036589390359215,0.0008548186719812279,-0.047128510689065095,-0.002421931313679219,-0.0006231686685674495,-0.04411196975914796,-0.07971845440759513,-0.049431776945315274,-0.05167945179286507,-0.053803722445496284,-0.08461189795757236,-0.02553969918491224,-0.023517268664599616,-0.03238579869181516,-0.04106692993515093,-0.06425625162198667,-0.05389837697784176,-0.11862555979466016,-0.034228082770515776,-0.023035493187714806,-0.00888734577573184,0.002087785144639772,0.0011077699436749338,0.0008188311769776746,0.002047476081158628,0.001790285228310336
2018-05-11,0.043841164805377066,0.06615251016083896,0.02473189467333488,-0.05362877721390783,-0.03700643297342173,-0.043702478673948754,-0.10958354489058013,-0.1330143609064661,-0.0004869108526290115,-0.0603116091303697,-0.004362941239406244,-0.002006053524641042,-0.05627350273173596,-0.09492857445028531,-0.05640374605604078,-0.06247938328752708,-0.06164933799345699,-0.10063242648706054,-0.035711984239895266,-0.030193697507486128,-0.04296535130300061,-0.056018535283883786,-0.07683935021579824,-0.06891971506528627,-0.1435548043445077,-0.041735261565196836,-0.029956760857225245,-0.01187680147294845,-0.00010623443871615734,-0.00039286394448634354,0.0006644444171213237,0.0004840219221327047,0.0009213261103241758
2018-05-12,0.05513596730864956,0.05147458426675507,0.03425177144724145,-0.06096832935611859,-0.03982342526191385,-0.04519970704276588,-0.13110211972633282,-0.15930635136650798,-0.00018233354388819123,-0.07328425936442873,-0.01050152041987277,-0.005672980160507102,-0.06457303136067842,-0.11688359051323942,-0.06730324487313795,-0.07466369004173885,-0.07426914858008023,-0.12155995491999357,-0.03887904415473198,-0.034504816656174775,-0.04844467773608999,-0.06264882989806697,-0.0923910473102912,-0.08036094059576875,-0.17530025226924342,-0.05184455089942711,-0.03866867374309013,-0.018282098110131706,-0.0036999693840265024,-0.005694557260763844,-0.0019553923033610587,-0.004766687182981677,-0.003093564210518096
2018-05-13,0.054041198243807674,0.05718953244783028,0.032134504709063094,-0.08048427670689702,-0.052083563410596646,-0.05925811794734533,-0.16232171188510472,-0.19606880261287754,0.0012877439169116656,-0.08544367759107303,-0.0212393831324252,-0.013199962240776427,-0.08172736803893521,-0.14620653674106018,-0.08787881076883301,-0.09384774653002885,-0.09340072109098745,-0.15086865917991718,-0.05138560039880513,-0.043571887592677605,-0.06177576305504484,-0.07816351705605189,-0.11521108785290934,-0.09908300376169699,-0.21789019085816777,-0.06476900395083529,-0.05277137991157558,-0.02972251912025155,-0.011855304003586179,-0.01542656372082559,-0.005743427741105182,-0.014724530284608702,-0.010370937783377757
2018-05-14,0.004530924618522854,0.0028745706420896986,-0.007963623312429688,-0.09295268568052606,-0.03240929739807393,-0.03192997154372209,-0.15979746517652385,-0.19897985479224722,0.0023478434522899625,-0.06734451116277373,0.014920780273513993,0.009870844300102988,-0.06521517556140861,-0.14696850987190815,-0.08806469895056823,-0.0849863106990701,-0.09559360337964318,-0.14950181254205544,-0.029769831436913325,-0.03164871676299826,-0.04176471458594063,-0.053961477792527766,-0.10539356608330823,-0.08159585118057262,-0.2283139448958155,-0.04833573549092544,-0.02561628224065989,0.0012075828430715418,0.01690914954118335,0.019942769140789924,0.008628771715976905,0.02183535398257626,0.017815079154164692
2018-05-15,0.04178060319756538,0.08219595003379847,0.03979256152047098,-0.11765862391784943,-0.06325520415002088,-0.06880021793305158,-0.22341361431027154,-0.27707321955025205,0.0020388919318046206,-0.10799288049470442,-0.006788079558613862,-0.0031334153869068495,-0.1062770199587068,-0.2031893493353699,-0.12103470266211176,-0.1269702095862734,-0.12953156554419584,-0.20864371075117383,-0.061299802956383154,-0.055297870782401524,-0.07637061705967223,-0.09831751825458242,-0.15522424154536493,-0.13077165496960053,-0.31615488042680945,-0.07800807586276488,-0.05449296152710836,-0.021301002373357452,0.00193879380722084,0.0009798499390495745,0.001722321372930639,0.0028252780026398008,0.00328557107302944
2018-05-16,0.09483494929805758,0.09870755900464297,0.05430171234565773,-0.11720643027318722,-0.06745784535525434,-0.0748270355950466,-0.23327320915218616,-0.293451189807973,0.0018344268814599236,-0.10987958745738051,-0.007593683052892135,-0.003445245549072181,-0.11223079712865403,-0.21087103439409413,-0.12180378938590215,-0.12961543549335305,-0.13039260982778286,-0.21726736446614434,-0.06496082743342146,-0.058860587486752415,-0.08186665989148552,-0.10660682671279116,-0.1609876267900754,-0.1394844327827999,-0.3375308564454773,-0.07964254518208591,-0.05635416906201781,-0.022474151080735954,0.0013598873291895686,-0.00037959418442016596,0.0014000149726491884,0.0018807416948698474,0.0024250328330127266
2018-05-17,0.0597850107893095,0.041011643524813714,0.04273196832509788,-0.10820609118625324,-0.0665259510783797,-0.07399084366750586,-0.21928695663560305,-0.27557475246845414,0.002991575804622393,-0.10120723025471416,-0.014617950580878633,-0.008295127179048714,-0.10702704425519845,-0.19667648798680246,-0.11446033734436112,-0.12150497272438976,-0.12100230869326307,-0.20386433572409,-0.06434008242770724,-0.0565583619633682,-0.07921463964145332,-0.10166594907381891,-0.15194141007809728,-0.13179426545662132,-0.3164448667865794,-0.07637090587714408,-0.05746411016042637,-0.02726264859101975,-0.004636624872751997,-0.0070747364976142535,-0.0014252923515660025,-0.005498620350453898,-0.003231501540675197
2018-05-18,0.16271650868961895,0.1593188409179529,0.08691868821037681,-0.014663352850126543,-0.20463549295763173,-0.23302768523605177,-0.1837526483782336,-0.24113533318351768,0.0035519576107458186,-0.012255543810584987,0.0664828639058559,0.04388912663918987,-0.24577008770196032,-0.11848479710415265,-0.021547407213053187,-0.1041278056035777,-0.03215422771844848,-0.1494206877002832,-0.20057881585612267,-0.13472699935240082,-0.26645725182623625,-0.25685263823463345,-0.15114486509988248,-0.24972351972530374,-0.2498974350878956,0.0004831180987139305,0.03089086846564489,0.04982871312476137,0.05653209390070746,0.06746969554293376,0.028589116741522425,0.07160403855203305,0.054025552766981434
2018-05-19,0.12728232200231338,0.12529628593613898,0.0789740346046699,0.028725638483488563,-0.2403826915013599,-0.2753934145254699,-0.15110962749751936,-0.20394641208474162,0.0038945735096994247,0.04041336237227592,0.1166167173409945,0.07524115579930601,-0.2804879870372489,-0.06593793596028845,0.025680163769214264,-0.08234715563242823,0.012432416123499065,-0.11155469396376876,-0.23553417841538118,-0.1527919413014187,-0.318599277577321,-0.2967006124202915,-0.1319030990999502,-0.27600799333088116,-0.19794103650311357,0.044924357335267416,0.0829554369296653,0.09674530223525608,0.09414267146514692,0.11493966628443648,0.04706940121815606,0.12031832111184244,0.09067786870082244
2018-05-20,0.13810775349299606,0.12411953506694633,0.07130178574916742,0.05410306116325003,-0.2466520473812673,-0.28357518664374837,-0.1114764033183316,-0.15198983845035632,0.0037884124100546757,0.059228479808978086,0.10910788512202856,0.06991213437566272,-0.2783883009672792,-0.028724541917822144,0.04892566417937635,-0.06386752655730128,0.038715621231528274,-0.07280453816855559,-0.24198467436399262,-0.15379814840836628,-0.32569453881576393,-0.2991979356341566,-0.11028569773970176,-0.26769983087689625,-0.13543927445564088,0.056329760524808904,0.08780518881428456,0.0931659128888042,0.08632023915607394,0.10582967970284152,0.04272847136810368,0.11034354348521329,0.082566310639178
2018-05-21,0.048788272441314305,0.01948544717549498,0.004116890612295106,0.056664787879371424,-0.1652579633233279,-0.18900926973654877,-0.043102596807430636,-0.06745906461836111,0.003997008639623267,0.08534438342732494,0.12223710688503579,0.07752023698297084,-0.1851266040299603,0.016584540357638566,0.06277336877980917,-0.01975350893829031,0.0539978227018724,-0.016838032014094395,-0.16131922948355015,-0.1012166891828666,-0.2252314062139842,-0.19699643452335427,-0.05058459557632933,-0.17046914486519307,-0.05212083350078019,0.07646517065492937,0.10696952071347147,0.10772813290388476,0.0949031439751374,0.11727982899061622,0.04693268829033078,0.12156961397582695,0.09187649929224644
2018-05-22,-0.0026799346500422003,0.07746720699882707,0.0328299268320326,0.050517369322066706,-0.17309469054143514,-0.1982309952048157,-0.051793414194639155,-0.07728030706030609,0.0030825226772928835,0.06812296210148776,0.10217970767285027,0.06669401256927425,-0.19430946084300102,0.007907180916716605,0.05465821984649614,-0.028522330010411306,0.04567382076877843,-0.02465936006136153,-0.16936710898195675,-0.10647187088782435,-0.23367278533518063,-0.20477147864093906,-0.05906911485091696,-0.17871003132865138,-0.059433557803839264,0.06337581148282201,0.08842743677802734,0.09014247911499436,0.08133457599432248,0.09908999737274726,0.04094055107967224,0.10297705732798364,0.07802112395045964
2018-05-23,0.07787014214875547,0.08186405206219227,0.041521064786020766,0.051902931634491146,-0.15441026803806976,-0.177010674320328,-0.04564377183650592,-0.0662942479006426,0.003262820502221745,0.0601663623213066,0.08197528468387283,0.053425046895450023,-0.17119503854206405,0.007994738493445711,0.051001860600465854,-0.02416537303127993,0.04335141689144617,-0.020794283369353295,-0.15150371544005647,-0.09451699318770264,-0.20717188426012326,-0.1855548650161758,-0.05104307411159296,-0.16145307183781998,-0.04966049584989533,0.05300275220466766,0.07225678972594363,0.07315294658023141,0.06488389967498225,0.07930538406138599,0.03277889635745505,0.08226765974719304,0.06196669203817103
2018-05-24,0.03093129142798719,0.0063523780192582535,0.018942574381312305,0.03955120718334045,-0.11849142125915228,-0.13655500902331408,-0.03283587114200218,-0.04818496579474344,0.0024781286403872116,0.0516367783128695,0.06524132229837469,0.04241952232130893,-0.13249546967937853,0.00947803677308053,0.040128886440077505,-0.01567892195604988,0.035685677385701865,-0.013975328415980037,-0.11617053215002156,-0.07166811807833362,-0.16046534066512574,-0.14130562192704468,-0.037439429706758176,-0.1223737065030015,-0.033967327490439736,0.04443656684610323,0.05807624105476972,0.05811060136143453,0.051568261318597486,0.06282718958721183,0.02644263201767642,0.06541367950553756,0.0500323302855478
2018-05-25,0.028042497717755428,0.0567908150046037,0.011107250883105676,0.02259996457096906,-0.07214877846561112,-0.08335826505060091,-0.02318040635580143,-0.03718292682120339,0.0035585991195915176,0.054630337851291344,0.07565603317049578,0.04910627932935352,-0.08434393156512332,0.008616539969112344,0.03155661216260164,-0.006711784365193966,0.025729680570386826,-0.010780816330726436,-0.06964810585085068,-0.044607858013523106,-0.10138541111225556,-0.0891989157963738,-0.022022333942719168,-0.07815631104583283,-0.03147203908672521,0.04644623851507242,0.06598223674022918,0.0662481204938065,0.05922510297192218,0.073124555316598,0.0301330318801926,0.07642735016755313,0.057720904161223587
2018-05-26,0.03754791585443688,0.02953206118200491,0.018287269831529507,0.004661470756060678,-0.0917480723849889,-0.10511177644611003,-0.06364188001958541,-0.08864852075944214,0.0024855185090899568,0.025948864649548042,0.0669690324748536,0.042087679517632814,-0.10960983763681398,-0.02771227759717328,0.008652466771171152,-0.033874340899491706,0.0017176102155177138,-0.048737410354054767,-0.08914770201905882,-0.058570572844869474,-0.12334923058946412,-0.11584188385104177,-0.053464250098676246,-0.10867421687319882,-0.08809499104383207,0.026929264960953308,0.0493953589579732,0.05595336442152258,0.052621089432965874,0.06455490067027576,0.026503951781236584,0.06835784242409441,0.05104766324646922
2018-05-27,0.025810199807047834,0.040542969546966866,0.019526084579270925,0.000649274956473119,-0.04985429251750576,-0.056233681134243575,-0.033981168962072004,-0.047611575490114966,0.002686600968931252,0.020645943578647536,0.03547240335926638,0.022186015298748824,-0.06153858310583201,-0.012454206437901702,0.0033352968693014517,-0.018705136096427506,0.0008589324148765934,-0.025412313328254516,-0.04834494684948313,-0.032976317139401225,-0.06818893146126322,-0.06193900199904926,-0.02915467244297461,-0.058843273277780384,-0.047755931386281425,0.016643117924085793,0.02705881171451067,0.02924390151165864,0.027645850822263895,0.03411295784691859,0.013546058241010664,0.03577770819232917,0.02664759432716283
2018-05-28,-0.004704746531115411,0.013003649511384848,0.02381518989541398,0.01079779075881119,-0.06718905156190698,-0.07661594042381441,-0.04390447344186773,-0.059038475909678034,0.001955092128882896,0.012643218796157818,0.0232945393299957,0.014220124478002324,-0.08035069429242962,-0.017076573161427373,0.006038245871706612,-0.025012534384767804,0.0031445902280372215,-0.03238176602659415,-0.0657463820748531,-0.043634440337353496,-0.089216336242344,-0.08495663726270368,-0.03919942320115233,-0.07940739939824788,-0.0572554384207562,0.009180260502563264,0.016420872548323178,0.01894292823509976,0.018248054883106175,0.022252996495816173,0.00916732685369285,0.02341549588121546,0.017607220684599117
2018-05-29,0.05637078743103752,0.06819116898112565,0.03663872457592395,0.034696709035666316,-0.08997750897100183,-0.103037049003329,-0.018999500475207636,-0.02975897285017896,0.0017243721183684002,0.035660683523413596,0.03927173998140147,0.02560313441470215,-0.09885605790255377,0.012640237276270247,0.030311293026180852,-0.012102796478241787,0.027306657239148418,-0.006027984231010031,-0.08829783832377765,-0.054924233183967,-0.12054614391018663,-0.10703580173256781,-0.026461541054572397,-0.0915889688971155,-0.018711761024809093,0.028166735921959212,0.036223051415465335,0.03533558497748442,0.03040471126390158,0.03695600201545387,0.014911280799734842,0.038834238174335546,0.028675584281768234
2018-05-30,-0.009002482348370458,0.015410959098536145,0.0025739089673694573,0.1593796455631112,-0.0617373385935854,-0.07304169922078192,0.19118570848461403,0.23333729009977708,0.001426642843934604,0.14436990042083261,0.06057318564969597,0.037501091061982926,-0.027740255278980126,0.2044830131549098,0.15477875309788422,0.10475034979671971,0.15864591606617898,0.1951252530520954,-0.06234228568262908,-0.019679774815675326,-0.088050726801525,-0.04494166782924284,0.11455468863680303,0.007554574593776249,0.2872358582667361,0.10697200432708343,0.09759774406058803,0.06730784092974407,0.039712137139859514,0.05098823794176551,0.019160445926257097,0.05123599209432239,0.03731992269520449
2018-05-31,0.014216512611601248,-0.049909871167917785,-0.007191647039480682,0.15354333262388575,-0.04789620786466031,-0.056798872372590736,0.19102076684018746,0.23598989789998845,0.0008589089615321418,0.13402772037370556,0.04205537949394689,0.025453466789712092,-0.012548455119528215,0.19976708332851198,0.14863222112498034,0.10465742356940606,0.15246369777190724,0.19386592923437185,-0.048701690040168444,-0.01153062710421704,-0.0685835651055496,-0.028378386080495293,0.11595213673513527,0.021650571840170347,0.2881163030199237,0.09658840285739216,0.08326201806959539,0.051792599869413536,0.024995065740261186,0.03312399488367065,0.01200660648339369,0.03260772104202244,0.023033154135872813
2018-06-01,-0.018810551479996846,0.003684931676383544,-0.01876385564776199,0.2392801772903669,0.07701404437818422,0.08787811688067837,0.3161825292584363,0.3703594385736612,0.0013390422752819948,0.18052638911679195,-0.011001764710215411,-0.22503290693371594,0.1301950338789677,0.29701975679915904,0.24082576708565698,0.21491062819611173,0.23826684987905958,0.3111236889014653,0.07658308240187228,0.07172528456403467,0.08099331936961966,0.12452368309055444,0.23737711301365452,0.17109766679906416,0.41733968561945584,0.10663889726647824,0.08374080086380609,0.006890916171273058,-0.1257453480774974,-0.05228081164960289,-0.06394893061520583,-0.03920981449380475,-0.04203941530407936
2018-06-02,-0.008846151399225288,-0.03573965785125447,-0.0202260326481003,0.1966332205195164,0.15223252589251177,0.17538647607811667,0.283366081841194,0.3334020327912735,0.00031066713821263175,0.12333778554774148,-0.08453984364710898,-0.3367747078050594,0.20122480810584076,0.23363110442162802,0.1906903695648857,0.20151798820842912,0.1925963255703748,0.26772089514395897,0.1513367107291801,0.11242238456405189,0.18158422960035883,0.20910231675410085,0.22731786452672095,0.23060133010189077,0.35574376215111236,0.05542015070468764,0.02034406500531342,-0.06306354755196193,-0.21045968566056464,-0.13054952931320152,-0.10587513873529038,-0.1154827225253013,-0.10117424888272601
2018-06-03,-0.023245939346203226,-0.04252662461923862,-0.02756691420916102,0.17237041832417668,0.21443367359629897,0.24816874150274515,0.31064047953909374,0.3707925235387677,0.00033171245911015984,0.09640016183452804,-0.14444112555328412,-0.39140292963628937,0.27335171188716245,0.23283807071895346,0.16311847674158533,0.21193419126426694,0.17151753901406566,0.28300913738702427,0.21123857216274633,0.1511611065746452,0.26671173511804547,0.2859353891658474,0.25309795239021743,0.29872768118816556,0.38732685436016406,0.0237181993372948,-0.02622670426328977,-0.11556394632327027,-0.26566929252644894,-0.19023381146608523,-0.1333997191552753,-0.17629388004076643,-0.14766228317071364
2018-06-04,-0.13302676250383705,-0.08486356313145411,-0.03784107229366018,0.17942318437459756,0.20301448618875373,0.23380429493339014,0.3184442968018801,0.37865094963867385,-0.0004766672126391332,0.10254666571963789,-0.13587255887455907,-0.3786848534253622,0.26435394507332727,0.2433748143346627,0.17092810541572737,0.21570772196407942,0.17873199967146883,0.29182054475862973,0.20023584962217042,0.14583582828240763,0.25210091374686466,0.2721063767753593,0.256453998506756,0.2904025244950385,0.39854255225889545,0.030824140037718273,-0.018890090664752,-0.10713492642854956,-0.2554128082368316,-0.18160099422220366,-0.12844234223273757,-0.16758215914506813,-0.14089162105078343
2018-06-05,-0.061302623038522075,-0.057198801849689986,-0.05767644276414904,0.18749985393506238,0.22718024051458605,0.26197316196584186,0.3380824261195139,0.39687996199929704,-0.00010039974182163292,0.12042906724191275,-0.11582113988461422,-0.39010816594092973,0.28724121703412625,0.26074538418665166,0.18833960374005,0.23681519189732736,0.19151602781447016,0.30981199380649355,0.2248927532121708,0.1608810782737272,0.2782506486730991,0.30021454026832944,0.2776554294127755,0.31667922047863534,0.4147336338341289,0.04520497664127839,0.00209362085837513,-0.08948244140087702,-0.25214504950476585,-0.16620607857396083,-0.1266520680779415,-0.14973754938342618,-0.12815270655641817
2018-06-06,-0.047813178339369454,-0.03740114172892758,-0.030915563607813112,0.15371938312439504,0.19697765865360348,0.2281016455992182,0.2761329916358906,0.32517532873146376,8.35535224975222e-05,0.09622246131593422,-0.1105980647449396,-0.36435735403189806,0.24609349326878713,0.2089068611539755,0.15393963860858273,0.19690846011243876,0.15750656884212808,0.25261997620200294,0.19530800441967067,0.13798260161821632,0.24199882792949268,0.25899168716691295,0.23022761495136024,0.2691413138545897,0.33841215267571023,0.030248111164068447,-0.006886884598245342,-0.08814279129887481,-0.2362893749509428,-0.15634770243531135,-0.11870360791381913,-0.14099496695687405,-0.12035604722152844
2018-06-07,-0.06778744936943133,-0.10117888975514273,-0.04348309640223125,0.12226750357287634,0.2090686663125775,0.24287522245877793,0.24765453933350953,0.2946027240185242,0.00016448285798335385,0.058972062922517964,-0.14303649136148433,-0.36646957978932776,0.2538665452502083,0.17330098196007082,0.1150507596468781,0.1716628443640967,0.12232516210944529,0.22082613354665703,0.20703751919052196,0.14209694626204042,0.2608200883168064,0.26759282986675864,0.20822275104157395,0.26890870113392334,0.3000976128671559,-3.580052808486537e-05,-0.04432512950583245,-0.11897427124647386,-0.2508325920114798,-0.18324283194266786,-0.12588139457019576,-0.1706653095104563,-0.1420571439639152
2018-06-08,-0.017802144846799095,0.00662341629430981,-0.0019278176129639373,0.06919054901809307,0.1490039033029147,0.1724810584843907,0.15285167703403038,0.1885163325319826,-0.0009796222626921036,0.011928988797258752,-0.12416462961348351,-0.2556199976308857,0.1805787885913451,0.09417260026981673,0.05796686301495887,0.1032752072844767,0.0652960565582615,0.13154347917230927,0.14597922530010501,0.09911494475941662,0.19118127265766324,0.19114215199576545,0.1291013340995167,0.18847789078538332,0.18963106797266635,-0.021722153179750237,-0.05710548968493848,-0.10547959212554048,-0.18500772308266575,-0.14832794980383776,-0.09259887408968688,-0.14146536697267553,-0.11521066253583682
2018-06-09,-0.06268987267123001,-0.04187609501635533,-0.024716680976268002,0.06284019586802092,0.13732486149023307,0.16011106566678546,0.1507188310101085,0.18606922716604254,-0.0008187443914584591,0.025669892617250056,-0.08962826125360834,-0.19566391911939482,0.1678980086400097,0.09827491744146084,0.05840316518136183,0.10235204872286847,0.06480061469563747,0.13257481992449419,0.13551554245613553,0.0931618073629507,0.1744819900499183,0.17865155825540638,0.12709806847522476,0.17754661504627625,0.18986509379895308,-0.0042078622510510755,-0.03313643599238129,-0.07316646815535173,-0.1394856134627259,-0.1096405218149874,-0.06965142959875929,-0.10400968434074098,-0.08471871326327977
2018-06-10,-0.08798673255679261,-0.045598454045625125,-0.031234822704079512,0.07867838696412595,0.17050159307786336,0.19827876450725826,0.1980164736371298,0.24188915821599632,-0.0003632758885201426,0.042326405876845996,-0.10237783791910982,-0.22045254077515222,0.21041871714744698,0.13651692271802465,0.0765604421790127,0.13065154090508604,0.0848458270785392,0.1739494607061287,0.16820571672383058,0.11645183353296791,0.21648491515701865,0.2225950564391684,0.1638056202403438,0.22323241956448156,0.24926688487169843,0.0020175670719400074,-0.0333465264603765,-0.08277967995397824,-0.15986717213533877,-0.1257279594099107,-0.07968132390396161,-0.11880723398561106,-0.09736250893382199
2018-06-11,-0.023241396358672912,-0.05367620358387626,-0.01328932489046449,0.061347078956152025,0.1165513501548956,0.13433490395745049,0.1352090592687203,0.16708937990952263,-0.0012233521140340524,0.017176485274941793,-0.09210949867376043,-0.17344500632859372,0.14544471065939568,0.09217659916877234,0.05377928851074065,0.08813727334281563,0.0588152237469591,0.11854986355880026,0.11396361959454164,0.0796650976560797,0.1496664956729449,0.15154411605814566,0.110785382185331,0.15271315940722463,0.17235391654393992,-0.009807628285128267,-0.03948280340141667,-0.07563328800758355,-0.12992549190309846,-0.10783034849443822,-0.06454262476615409,-0.1046518353106715,-0.08456302128377728
2018-06-12,-0.10940176116330876,-0.08374888237780305,-0.07608447509897094,-0.056806006788424845,0.049735495569413146,0.0566190541636562,0.027125781691626234,0.04983005896622957,-0.0009522671819999218,-0.015448181093051794,0.0051840144117223375,0.1477956686460565,0.061164233573810144,0.0066576118283405705,-0.05011754325742931,-0.008528098532473827,-0.041236066116081695,0.010772601201405626,0.04795032119425535,0.03088952000060689,0.0714399935255372,0.06332379556378687,0.013059610543228573,0.059632037892492384,0.05091105176577818,-0.0033542999126406534,-0.011154792386665946,0.009332803856651436,0.07390527306600969,0.025447019312242247,0.03799033422290451,0.014665277145530157,0.018340661343686726
2018-06-13,-0.02039614527738598,-0.036375194824668,-0.02934832500193411,-0.09933179832601328,0.0024296066741023026,0.0026789569460919558,-0.05690504899961635,-0.04910657296522469,-0.0013796291720608405,-0.054684277880798916,0.009117904403694569,0.19207805285476157,-0.0018687689318449923,-0.06283492776287769,-0.09680674483644032,-0.06263175449556731,-0.0859245625563485,-0.06672828895278471,0.0012461622745316703,-0.003803301787993263,0.014373179776615785,7.387311953828875e-05,-0.053374351456218605,-0.010522993621402263,-0.05440864857248388,-0.026144055569890707,-0.02840685352869965,0.008027985956167013,0.09919201607840329,0.037463775928132215,0.0498196124929855,0.024514976232118475,0.028298638516733494
2018-06-14,-0.06927441005525219,-0.1088878166749249,-0.043394852998605536,-0.10739101946108971,0.021516353064384337,0.025662949192061173,-0.05523455759270283,-0.045158427914296397,-0.00114504728441626,-0.07006021998899954,-0.02118866905086758,0.16455166271959834,0.019417818291693756,-0.06875066041171014,-0.10943415395548683,-0.06522743116756906,-0.09722357270460631,-0.06846642943974561,0.01883169510147879,0.007385168200292706,0.04104978130181092,0.02329090400974317,-0.050905778822046756,0.007667654458049474,-0.05425588123873393,-0.04274959304491185,-0.05165099838346195,-0.018438469354391824,0.07115212994239932,0.006826692242477487,0.035576660099636705,-0.006416310829107689,0.0030393659391680927
2018-06-15,0.006114981888096042,-0.004098888283480188,-0.010736072977102515,-0.13119074980700418,-0.03885738447573169,-0.04413196684116164,-0.11123609389491869,-0.10964910523063291,-0.0020599700951307773,-0.08868331720905598,0.010998803590877534,0.25645860168963974,-0.04945307303350225,-0.10964068617520233,-0.13523388431236003,-0.1084587869361305,-0.1228164596713525,-0.11736075196859996,-0.041324736147069885,-0.03253665129351576,-0.032567585334241166,-0.051419499202218034,-0.10187861058530512,-0.06388489603462204,-0.11659811784770291,-0.04406045598725979,-0.04433067042210522,0.008507917222768965,0.13244913377719433,0.04989880978986309,0.06626466361575645,0.03182158668508972,0.036276698740435265
2018-06-16,-0.05540706517078734,-0.07403347525740293,-0.05623411237331825,-0.0954721567808751,-0.004016424819050772,-0.004557956082470227,-0.03381017482281775,-0.021820965829558798,-0.0017443047480947271,-0.031803008847457015,0.04736349807500891,0.2601816013308736,-0.004796822604948699,-0.03666217688274198,-0.08360029755842187,-0.052638625096150804,-0.07587586687609497,-0.044186771385970346,-0.005753528861546009,-0.005425026067547615,0.0038601909781445323,-0.005721627632466901,-0.03939193921455134,-0.010175190102321116,-0.021699495128637853,-0.001631199533998225,0.0024762809091699958,0.044019244856310515,0.14827025798715177,0.08031638907109102,0.07484452465879698,0.06503159689952535,0.060247760286896636
2018-06-17,-0.1481588107532875,-0.0720490814789801,-0.05082822696751599,-0.07519980804928365,-0.015872347345903332,-0.018855912878477987,-0.01826885247771859,-0.00041449668817783447,-0.0017974767773611215,-0.03144882982911342,0.03148641502380952,0.24624194436715227,-0.011253205198814046,-0.0208056756049384,-0.07115092308900121,-0.046772818956791085,-0.060352388858365025,-0.027587215760892885,-0.01823284907656249,-0.010787771818308181,-0.008856129211151753,-0.01611881231254131,-0.03313071684012788,-0.014176521441534362,0.007646719118482063,-0.0026716179218263156,-0.006209105084378663,0.031147240414442834,0.1342650620820501,0.06341703915336853,0.06708181824716448,0.04769715750847384,0.04637488923821328
2018-06-18,-0.031228846989688197,-0.07565194679191982,-0.030220107031045274,-0.06583596322512027,-0.03841381616797612,-0.04637989662504024,-0.03870715502774343,-0.025765432988351062,-0.00190454522027661,-0.03943704264063334,0.020803795720931717,0.2261953861462406,-0.03793475561487103,-0.03308852519131763,-0.07133650698780987,-0.05968691905844933,-0.06061521446969209,-0.043970032240688184,-0.04071317486201901,-0.02554005462064642,-0.03707822313910647,-0.044570042354860284,-0.05075819505567125,-0.04229613207963793,-0.01730998302301619,-0.010698654031231195,-0.014296365109522036,0.021189013140475648,0.11845307814788845,0.05125857930478439,0.05892141994382142,0.03610717697329827,0.03734991817028662
2018-06-19,-0.028179789495853463,-0.004232754225806268,-0.008148818011871542,-0.04074210445083448,-0.01819015965837867,-0.022977446341069907,-0.026725450661724715,-0.01689721986275246,-0.002355345135996482,-0.03949465995130611,-0.006958389199905213,0.12663639265397464,-0.01645319386230722,-0.02518127857298798,-0.049368531434772635,-0.04084258299186683,-0.041304434261359844,-0.03087495366632383,-0.020337749901109408,-0.013031558319095637,-0.013414003333344896,-0.020918601178178637,-0.03426602965758215,-0.021102441750287564,-0.01221250494406867,-0.018052909354133284,-0.024699985017162678,-0.003963195023850415,0.05650078087849023,0.012410666376358867,0.028129148947023452,0.0023820847808808665,0.007587585724502984
2018-06-20,-0.00945979633060127,0.007383043632593456,0.0040119417721351525,-0.04848916084774194,0.004562306816824051,0.005819391230918865,-0.032212135855168356,-0.029689143304818384,-0.0009373153613744615,-0.036833622258945965,-0.00842687464865636,0.07508056928989386,0.002601170211228817,-0.03634188424207766,-0.04934778393090126,-0.03214435580625885,-0.04452697830728732,-0.03662724703007747,0.003123530421816234,-1.6125747270242147e-05,0.012290393172843453,0.0035732094891448205,-0.027706951187863815,-0.0032050999984904274,-0.03425158429994498,-0.020690084567142126,-0.023446538406366752,-0.007849503219339304,0.03236327452457477,0.004296394628927835,0.016135659051127682,-0.0021167338637984776,0.0018808205116987626
2018-06-21,-0.04422731678471944,-0.0750351487216075,-0.020662716647106432,-0.06558612370969523,0.02059924858911355,0.023490640191296503,-0.036441294654695255,-0.032031491515503184,-0.001626037230473128,-0.05140415847956762,-0.02236543661147235,0.07621855864966125,0.019889543935012337,-0.04744161026165342,-0.06869475168764676,-0.03795336015655663,-0.06143439781026553,-0.04480209755478004,0.01840960755754188,0.009482820574816309,0.03538488475480032,0.021015061354474025,-0.02937131848468333,0.009905297028200977,-0.04061562621416185,-0.03336633220123186,-0.03960906677477164,-0.02085984361594247,0.02689207448132021,-0.007393777553308094,0.013313430248272695,-0.014904991052076136,-0.006671139976045737
2018-06-22,-0.03190906039444208,0.008450893766882572,-0.005147589059277813,-0.06987772554637317,-0.0009434605433336074,-0.001346677468450963,-0.045760779464513845,-0.042178004516761014,-0.0014132291349862787,-0.04820509771780509,-0.001486326672311004,0.1285719073230792,-0.003975742957908738,-0.0506885450007181,-0.07193980352521227,-0.04986653648954172,-0.06526106126511699,-0.052532948121349086,-0.002314744287049327,-0.004928410834180201,0.00814845008730547,-0.004304694799220243,-0.041813443048698495,-0.012127027616594196,-0.04732847851455505,-0.025178254209417144,-0.027619101258183676,-0.0015053758798237264,0.06281636841127636,0.01901616822194511,0.031285117949574705,0.009272740275222327,0.013849003785362099
2018-06-23,-0.09439858394776035,-0.06480308321187807,-0.05296925066795192,-0.08072982675645986,-0.008824728953460278,-0.010989229591939894,-0.03821746756226663,-0.03540844381147886,-0.0010458681275474409,-0.02428329024416372,0.051575483507837326,0.202967917849134,-0.013590292124376901,-0.03846563790421994,-0.06805968628419985,-0.045976793751967726,-0.06472375942552204,-0.04464363281374192,-0.009715567233167022,-0.008731319143501004,-0.00694587804438207,-0.015000000049810502,-0.03757447862341756,-0.01922477846510784,-0.03769788590491796,0.0016683115862801874,0.011495212147346242,0.04608688391370267,0.12409260124988819,0.0761357117292641,0.061688245537931806,0.06522636356275917,0.05729117472157489
2018-06-24,-0.019416180739938522,-0.022546290898890337,-0.015071477183591142,-0.07802031008975548,-0.05954843910741007,-0.07227936366860514,-0.07641204467646438,-0.07589998606475341,-0.0016512096450653029,-0.04908593997149898,0.027122144169664075,0.20770194407914744,-0.06737115297281122,-0.06366661451448419,-0.08070005958235675,-0.07752119697741063,-0.07258919302610749,-0.07582166693366095,-0.06133988189714371,-0.041755334537781984,-0.06561242468256238,-0.07735920466499617,-0.07600313689169506,-0.07591091789551847,-0.07317954236111064,-0.017497631024938325,-0.013135623672808627,0.02418373759711745,0.11440237571117073,0.05534697700357061,0.05715602857670691,0.04242559916669227,0.04068736050736366
2018-06-25,-0.041524470913034094,-0.05448297000081107,-0.01817412913840914,-0.06280287689007213,-0.047864216410798,-0.0571355204826182,-0.06270310273340722,-0.06155272112111524,-0.0011984701690230064,-0.036282926713841,0.029634795941155073,0.18266245231930553,-0.05424212311105533,-0.050197034921362814,-0.06556733290900096,-0.06253098531688532,-0.05920141619892997,-0.06276453719093607,-0.049398676003157505,-0.0333139353123156,-0.05213884499737601,-0.05923473388352196,-0.062404964960178035,-0.06059155732037672,-0.05937696418843844,-0.00926389782918798,-0.006699615006612092,0.026139780296215182,0.10314955169660411,0.053463721877333725,0.05186045765370295,0.042564754619693446,0.04019295393068667
2018-06-26,0.031905122023159795,0.012735567355995828,0.005501485214892317,-0.04419854287309969,-0.03680221517678165,-0.044879210721656904,-0.04873557464982289,-0.04802164484068457,-0.0021727967805524884,-0.037061962526695545,0.012602436513159473,0.12327775002515266,-0.04119324567318353,-0.04056982511794308,-0.048439414737653085,-0.04743102692113599,-0.04360519394772459,-0.048334488875315884,-0.03779965575832822,-0.02545777823099075,-0.039551221736599786,-0.047630229634193576,-0.04748413406929419,-0.047338388725505,-0.04692723454756672,-0.013227924411166825,-0.012186741624818845,0.010880650947962719,0.06657063572673483,0.03037380791354168,0.03371818710185407,0.022105911302931307,0.022328812096348887
2018-06-27,-0.028219230043871352,-0.019079566479376215,-0.033241852896721845,-0.041256728218810025,-0.01696418391556964,-0.020125224407393578,-0.026776113349971098,-0.026561589409679048,-0.0007576453313754191,-0.015085249553660121,0.028620705126056006,0.11621209576614788,-0.02005672153437092,-0.02321990449478169,-0.03574086255101042,-0.02977444447956638,-0.03365164134686053,-0.02821685839623574,-0.01686401858997962,-0.012296218890913183,-0.018607840139331405,-0.022725673741577523,-0.02650088845018317,-0.023751119523420645,-0.02580035695121759,0.0015803470976779959,0.006483602625788028,0.025776239492307933,0.0709567548467757,0.042957885178606624,0.03564913238656923,0.0366463949606007,0.031830609269686505
2018-06-28,0.008180954189995315,-0.06775875689228528,-0.014123071263524523,-0.04741083830865881,-0.024954047427089066,-0.031213609336028608,-0.03478645340178824,-0.034140022029225094,-0.0016260604388659654,-0.022110399114342982,0.0232375104280728,0.1186219214402507,-0.028276374163109352,-0.02915362019900473,-0.04380265770618882,-0.03825104759670742,-0.040085143086329524,-0.035898437066334964,-0.02596144441060903,-0.01760413105399709,-0.026934322375875713,-0.03255192094333589,-0.035655559458938356,-0.03150593004008595,-0.03305034136609771,-0.003815940627988882,0.00039120907780916997,0.02087608222074729,0.06956771568810034,0.03815847984069739,0.03487391713382593,0.031671908984625276,0.02862518421596209
2018-06-29,0.023479282607155334,0.031093936029125874,0.0053502381814558575,-0.039096118594853145,-0.0324957347934817,-0.040136575987905466,-0.04212453404572999,-0.04210922824709051,-0.002578649271980815,-0.0323775448165892,0.014861569566461045,0.11437328129986479,-0.036347325427842136,-0.035043175197637076,-0.04026054403424947,-0.03983073374711251,-0.03757227628555467,-0.04124969978189726,-0.033186930846668794,-0.022135268802304136,-0.03485617056663948,-0.04344462368498666,-0.0408969148906874,-0.04281826672775324,-0.04070925378029866,-0.009764137707030033,-0.008743468672419338,0.01340851146307435,0.06274161626675105,0.03079564994713942,0.031905191875522654,0.023967616306518263,0.023037706932039843
2018-06-30,-0.0804189573057957,-0.008920649044365922,-0.003636942700397642,-0.027409106680089224,-0.03108094713230969,-0.038288987196753034,-0.037280207560596836,-0.03773382872275791,-0.0028568222246982224,-0.03277540009670273,0.011030931929552068,0.10103362177993051,-0.033768309549285114,-0.029975173721960385,-0.032489305076166985,-0.03622045074566701,-0.03028071381851009,-0.03622081497586619,-0.032048786015648346,-0.021026423716958103,-0.033359187787894484,-0.039690901916877706,-0.03700355115167812,-0.03880447170868617,-0.03617203178867001,-0.009651223159830321,-0.00869367963461117,0.009923091730788277,0.05405962733277914,0.02497802788804737,0.0271082798015773,0.01878868432537188,0.018427630114851528
2018-07-01,0.03057533425661137,0.015005229353310945,0.01449508958150029,-0.037145954237191546,-0.041699819020085904,-0.05117742501417203,-0.04950346682411292,-0.04943533907807426,-0.0020189422531592762,-0.04148183290117776,-0.0013845087578658877,0.09877369472442481,-0.04413968929166975,-0.04096243409216586,-0.043367223021460344,-0.045474961921534884,-0.03922967997064456,-0.048132621555182865,-0.04290461971620996,-0.027853638239972927,-0.0442768711728343,-0.05277900109062491,-0.04839779360088089,-0.05035893500310262,-0.047735405400708274,-0.018451019039767164,-0.021135549090925743,-0.0014811896167573242,0.04827388436922053,0.013945891714103098,0.02407263963910733,0.006865264125760125,0.009859151925830053
2018-07-02,-0.018168865753541485,-0.03449556209481989,-0.008255813818772792,-0.029393610142207354,-0.027574392764106708,-0.03423367165942833,-0.03443602245183334,-0.03491093836527526,-0.001904827028054612,-0.02915019537450429,0.007336262861687537,0.0843620476697744,-0.030346305306418426,-0.029497174302168954,-0.031105385649030943,-0.03166815393708274,-0.029278471472405698,-0.033764100746586166,-0.02813440376673289,-0.018926144441182718,-0.029870945890039025,-0.036918985427417006,-0.03262491484878153,-0.035561277986236796,-0.03414190160841901,-0.01029555184326103,-0.009317592536884392,0.006417864092726748,0.04498618614085714,0.019216496417430545,0.022231134026447386,0.013321744616142736,0.01349852584059974
2018-07-03,0.019089625438928632,0.039549631383852514,0.016427671943466098,-0.014573489642129603,-0.02221399907414412,-0.028152898666809218,-0.024282179164170675,-0.02510413589836465,-0.00279940924526804,-0.027289372417880802,-0.0021221049900308486,0.04244514614817844,-0.023466630474257084,-0.022208417636208583,-0.019071133048983373,-0.022391299182129565,-0.017842669214198043,-0.022982537269191344,-0.023385213432955965,-0.014582871991812851,-0.024164040795561153,-0.03073622258366508,-0.02350040046779789,-0.028404198264060376,-0.02500089897732849,-0.011140977716337375,-0.012069177052559313,-0.002396517079140755,0.020296304820260385,0.005034594619868511,0.009793949348316863,0.0012605690685001392,0.002768440687300829
2018-07-04,-0.024672372375063183,-0.012147288348668628,-0.034530034363548325,0.00027616687478519236,-0.0005054308259667314,-0.003308743614034585,0.005336898423125014,0.004349967216964974,-0.0011761715101930765,0.0007308949424447894,0.009657674393280283,0.0048054944482614674,0.0008928244746006323,0.004145446024219623,0.003818031054058905,0.002894423640203018,0.0030399675067561325,0.004683346042068474,-0.00048470781670584273,0.00012847504447262756,-0.0008236926054040102,-0.0024507182032310246,0.0032703313737444026,-0.00015182765062130935,0.004774627191592569,0.0048819483242947825,0.008056484503768205,0.008498701468331463,0.007030171880033187,0.009293601944685648,0.0032837391956398085,0.008644810758417462,0.007172082849241572
2018-07-05,-0.01039487901474804,-0.057108338938595495,-0.005319022697817329,-0.009720507625328167,-0.007784790705895439,-0.01173218991760224,-0.0048433052452778,-0.005527097542921726,-0.0031522594463681366,-0.015635189835549863,-0.0007343306961781574,0.00034225390727667576,-0.0073811061526572646,-0.007166349548619759,-0.0055301342583115405,-0.0032483639750677065,-0.006626722572586156,-0.00459958216546467,-0.007961349948442257,-0.0041364834488225215,-0.008214021673453567,-0.011745676223526699,-0.004206397598581546,-0.009328402639688113,-0.00545049501584612,-0.004005060861230684,-0.0033500364891976275,-0.0010261446493426973,0.0005863675568100746,0.00022403786156536634,-5.3432701422255015e-05,-7.464887857100422e-05,-0.00028294777899073864
2018-07-06,-0.034052780727109155,0.033647076901507,0.002518613184391505,-0.002559501152269957,0.008300972113217378,0.007892324307237963,0.01288267273708025,0.013120630292230947,-0.0009007460236600077,0.01006783156478234,0.01781833077820405,0.01099760455151877,0.009919897682537501,0.011092560971347254,0.008185383905504976,0.011295799339645049,0.004374395289100441,0.011765183700239193,0.008500074726696264,0.00642844050741805,0.008404115149857875,0.008739741958112704,0.011579774044567928,0.010431702943038227,0.013060756305526056,0.012037991430548326,0.01626841927052484,0.0161323974628728,0.013680820237693977,0.017072264888049915,0.007138806312807351,0.017943663062107557,0.013349542475032727
2018-07-07,0.016465885426858822,-0.001881289814336699,0.002374473404336719,0.001958758800250019,-0.006525320403204897,-0.010983578247018086,-0.002930723570877092,-0.0037340159618543347,-0.002433677035512005,-0.009288960157521528,0.0022196840705248633,0.0019357859794816672,-0.005917641963683273,-0.002861589674339212,0.0013598854146315749,-0.001282473660442503,-2.4275152689175645e-05,-0.0018169737197467246,-0.007016126198367149,-0.0037016910558884675,-0.006803577981330022,-0.00941115834540677,-0.0027008036037674543,-0.007802369662611201,-0.003076700908569485,-0.0008057679400303996,-0.00026658835423602295,0.0017856610110878652,0.0021560223050733165,0.002545145364204693,0.0011880242388651041,0.0027284974999431575,0.0024801728340534033
2018-07-08,-0.02966680161773209,-0.011033892823684313,-0.02840379965845437,-0.005856497027561858,-0.001403690402004128,-0.00540392441582475,0.004905897552176519,0.003739848476925841,-0.002805357858202129,-0.004390190791403015,0.015984191633995632,0.010204910938805748,-2.234139306030632e-05,0.003361308021698465,0.0033368755850752643,0.0042054309348905266,0.0005113538778947676,0.005161275355217636,-0.0015324821553353019,-0.00019008350042781785,-0.0020952412748460603,-0.004547477973062837,0.0047654188996565,-0.001867734986917391,0.004940903739073003,0.006959757078973598,0.011821191078346041,0.013893655901168126,0.01177419488419762,0.015137507086580015,0.006183546239101704,0.015460972924598396,0.011624302073832618
2018-07-09,0.02889256998551219,-0.007751047096307436,-0.011227560164134509,-0.006488370874170535,0.026552695061386505,0.030528648719423995,0.03301022759650222,0.03402433031754981,-8.930709832248122e-05,0.03228210294620926,0.05021865958346616,0.03242180548115314,0.029807146839735843,0.028282009166541815,0.015286975487917983,0.0255684616879502,0.010118664553940762,0.02893944338817178,0.027325684342604184,0.018675484589023128,0.028444916128486913,0.0317744334790652,0.030678795142595305,0.03316456927071817,0.03316195504696159,0.031935403800472585,0.04372074821986723,0.04545235643476916,0.03933250533936642,0.0484750522954552,0.020258865207681016,0.051060720127198124,0.03798985450547606
2018-07-10,-0.006182482522951134,0.019420458978618882,-0.009066006644135705,0.014570684196180572,-0.03169184016541878,-0.04083094372477536,-0.030095375057697698,-0.0325391610927109,-0.003443939719097363,-0.03793510344750809,-0.03577392842555316,-0.023257146040350857,-0.031110681454076843,-0.025032700246451434,-0.001130734204091303,-0.01802591159746451,-0.0020659638197685717,-0.0246029002472552,-0.03318474971398425,-0.019169676322301932,-0.03300966035106937,-0.04177421137105478,-0.02600603077108025,-0.0371001025543786,-0.030395628221741095,-0.026122296030206254,-0.033178002525615646,-0.03210128742843388,-0.027814919165800294,-0.03438996557174375,-0.014096243198488345,-0.03559116058910542,-0.02694152212617033
2018-07-11,0.04718978744514072,0.03166888577632113,0.011431666182566561,0.0054254413369176175,-0.013649499687663122,-0.018420460719669702,-0.01301062461628059,-0.014554559878468432,-0.0011332036007297337,-0.017183921274227448,-0.016285124370108466,-0.010812083602320222,-0.01367801397559365,-0.010384368229993335,-0.0015956237091086696,-0.008820838024816405,-0.0008578072856323024,-0.010472670953408425,-0.014119933910008578,-0.008539913173363741,-0.014833135898615643,-0.01931385285661798,-0.011344778534936614,-0.01725469800511803,-0.01334538139142912,-0.011238066531653601,-0.014925186879760707,-0.014932937482657671,-0.01266739322539164,-0.015173902784931434,-0.006371597857894133,-0.015766279902676022,-0.012653656312596814
2018-07-12,0.01880742094785859,-0.05446020077263469,-0.00974170116933267,-0.004111573687668309,-0.013975426492743637,-0.018394284234039954,-0.012144178745233583,-0.01321201522572224,-0.0019081910561936273,-0.0205809769423686,-0.013659408939742157,-0.008178548052302522,-0.013842023109249979,-0.012171445807457104,-0.007739726993253686,-0.009320996080637004,-0.005983431042585548,-0.011091912734417045,-0.014792344577946833,-0.008711763981688492,-0.014579427961635657,-0.017880456565425067,-0.011436930916479978,-0.015619835120130729,-0.01295485769838726,-0.01112744222564673,-0.014277287887580018,-0.012818786340009622,-0.009616529139308069,-0.012608324748941099,-0.004241426373265966,-0.013208603553924725,-0.009314820122770703
2018-07-13,-0.09566926052773612,0.008813430348555565,-0.018716975751546922,-0.0025683200990590884,0.002365016804887432,0.0011795486329149913,0.005051087585006719,0.004855405276140701,-0.0017180948376343725,-0.0019348472272489776,0.008746307710189841,0.005323027987693389,0.004312110510290641,0.0034184588622091874,0.002702297352183377,0.005073047453687529,0.0010779130263897467,0.004725910001314837,0.0025269637466441472,0.0025065431374627543,0.0029983653589879347,0.0030857891905948045,0.005708445382171116,0.004464888839488997,0.004509640401726263,0.004426498693846703,0.007289940986196323,0.007493810651409897,0.006800902128087927,0.0083878901354734,0.003467821955870143,0.00888639914891313,0.006552624404396153
2018-07-14,0.027641700018773346,0.0075124673403334325,0.002914245205240936,-0.0003394784728808868,0.00410502239783798,0.003979343618026358,0.00707315900633206,0.0074507934381653484,-0.0013559951440941613,0.004035328319578054,0.01552577222058075,0.010044371513743636,0.005362083118354437,0.005491642665656234,0.00560678486035308,0.0058963956396199295,0.002700992149003767,0.006250463725482843,0.004163954160074053,0.003289059065347525,0.004444463063801862,0.0036588518827462835,0.006168936730578463,0.0054545365297918496,0.006155188218249859,0.007854382689325886,0.012241194203574798,0.0133332673318165,0.012004772884351903,0.014930176011649662,0.0063374656586674405,0.015624049870891573,0.011484241707392151
2018-07-15,-0.04417966130015527,-0.039306263999006795,-0.052226658418991434,-0.00835440339969562,0.006520862964168354,0.00638537224505864,0.0066782585594458155,0.006636927216988535,-0.0012109636984094507,-0.00038944185288366146,0.009975566107225534,0.006621990799291784,0.007080246537999398,0.0026371732649505355,-0.0003697568665774753,0.00553208978262069,-0.0017581181009127533,0.005711489670137422,0.007007814956480137,0.004183167763110933,0.006607400165314026,0.005374426290090699,0.006319639939048531,0.006857082131854912,0.005140200876885122,0.004261268893738901,0.007403844076220523,0.008036540434532688,0.007985052750492846,0.010130706631666264,0.0036321920026729515,0.009951368471545171,0.007387352812734467
2018-07-16,-0.0738858738113836,-0.09707357274480088,-0.06348460404698326,0.0065296166853681115,-0.01424026010483459,-0.017354822802032228,-0.014891190808176802,-0.015971401667539926,-0.0016264497047971578,-0.01473072941465651,-0.014165643639627135,-0.009455495615389609,-0.014070974522170468,-0.011670730421692829,-0.0003930892358279259,-0.008553320937621992,-0.001693794434033317,-0.012782726282194012,-0.015159447146840144,-0.00899803440191338,-0.014840073528758602,-0.015729900460282664,-0.012926288138766099,-0.01564759229554043,-0.016001598689195262,-0.01098766565827436,-0.013529089881836912,-0.013283385295602912,-0.011615778931477768,-0.013319095472024737,-0.006369809569002942,-0.014044158987593333,-0.010126558814097445
2018-07-17,-0.013092218986537674,0.005803610091927129,-0.015352892040882082,-5.305224815899123e-05,0.0028934276696987262,0.003001714352323918,0.00554507234882351,0.005632653501501513,-0.0005435862920034987,0.004708681678988154,0.012105567299386166,0.007462895831462646,0.004077773919093808,0.005839577786638017,0.005693858162092003,0.005539224865821701,0.0030259952261308953,0.006549976866087566,0.003119429376272779,0.0024765243790305647,0.0037612594327714652,0.002351060191163453,0.005754093613238531,0.003028654657665738,0.005456591750926758,0.007048114624624624,0.010643554699777328,0.011224187713010814,0.008876542393862152,0.011992046679267196,0.0038584068293966802,0.011871666979938134,0.008936937463456474
2018-07-18,-0.007101119462932903,0.01999665988845223,-0.007556980998729775,-0.0034749112543585405,0.00955134122211169,0.010217740154222868,0.014755863210777006,0.01482529387854529,-0.0010854043735838796,0.011946608320471933,0.027422553696112278,0.017246105268409195,0.011893178538326055,0.013023064555572303,0.008218232022856911,0.012285907692141626,0.004583163782073167,0.013544418548764389,0.009977854772561004,0.0069166815500161976,0.010678358453380277,0.012019513733505663,0.012860877266784717,0.012367057431415715,0.014022670168021278,0.015448302619965956,0.022248170279501583,0.024020182854452326,0.02082496819027894,0.026640747221970074,0.010793695712781512,0.028151958139498667,0.020896551939368162
2018-07-19,-0.20952266430322894,-0.21685748570137786,-0.14046320560400063,0.011309679843908071,-0.029009786001507425,-0.035414614599444505,-0.032968181316826474,-0.03447415438175986,-0.0005725744753348749,-0.02833404051549208,-0.03984826193648031,-0.026866707054840216,-0.03129451554362047,-0.0261590811063724,-0.008941322540638877,-0.02404644950161276,-0.0061529397025458605,-0.029155920101580968,-0.030215298460107103,-0.019831441209813505,-0.03053630322287167,-0.03613182007035635,-0.030084108505492146,-0.035699986948508844,-0.033486263417244665,-0.027197776854361717,-0.036307912452395875,-0.03651339150020849,-0.03179926695990668,-0.03808156927706049,-0.016808615240141656,-0.039440105114647274,-0.029946134204621444
2018-07-20,-0.009903513188968205,0.00959230495701687,-0.03144152029077881,-0.008104786015070253,0.028332027466642096,0.03287009834058452,0.03313719780771566,0.03357197098250353,0.001202618752351725,0.03565492913440179,0.048049524117945865,0.030963941232365084,0.031185328256821226,0.027647179289965962,0.011769517221301632,0.023775773510311755,0.009065366251927998,0.029505821498617617,0.029073811728806593,0.019176400952157852,0.030066168376163976,0.0348492018905547,0.030635324154878834,0.03561166734167583,0.03189826517354414,0.031950261164477155,0.043122170116706236,0.04339033087658617,0.03729531589489987,0.045582055989367376,0.018428707888982505,0.047189897030228245,0.03523771419542795
2018-07-21,-0.06534868923181684,-0.04790606385135554,-0.042568023557348234,0.008496893384679774,-0.0035864626233751786,-0.005743674636992028,-0.00594945580354711,-0.006943150054900649,-0.0011814647135555134,-0.007168609153136589,-0.0034401549336309976,-0.002408205687720155,-0.004373293365553958,-0.0046568706542240434,0.0030065259954294987,-0.0023508574612405297,0.0017349878600878554,-0.005171002048532418,-0.0041958062079453145,-0.0026850949518877343,-0.00398148835766321,-0.005733655353915641,-0.00415865143332006,-0.005980723485196589,-0.007872966694135878,-0.004059428907325469,-0.0038755993580007106,-0.003240543370622776,-0.0027480115594409327,-0.0033069819413921544,-0.0014994093213690125,-0.0031256250912301553,-0.00263074683097179
2018-07-22,-0.008066733472321305,-0.042811762342875724,-0.03872285519330839,-0.001602970298605418,-0.010221599228687891,-0.010671600482334695,-0.013820808498504237,-0.01455628936414192,0.0005895509837374746,-0.01171858856307247,-0.020739633642658777,-0.015308389055446922,-0.011566005568596735,-0.011799464480937457,-0.00783765428444753,-0.010555323429966753,-0.005759558320654594,-0.012431479213316443,-0.00999180137607573,-0.007273421360832384,-0.010444155402894673,-0.012927490979951273,-0.012469541965832201,-0.014338846444111356,-0.015102470001936355,-0.012307958782867464,-0.017440531038161566,-0.01844223639013709,-0.01785229903824496,-0.020101325785664297,-0.008803617464201885,-0.021015181271589373,-0.016299218661581644
2018-07-23,-0.03356692053655541,-0.07186331658820944,-0.049716877320934216,-0.011787439892689081,0.03002196688834739,0.03735804191978905,0.02731980334858619,0.02848671250864469,0.001565550703282348,0.0313659828572499,0.03534992169363497,0.02380100349198422,0.029752757035827433,0.022287666907665187,0.007032831709493721,0.019905889185030706,0.004429882529470556,0.023639271673691137,0.03122948625219113,0.019125087351739012,0.030815385630952836,0.03843416108413885,0.025831525995191857,0.0345643191402889,0.02652106113195914,0.024164813036703887,0.032650106738642805,0.031602587826130936,0.028700443836080797,0.03395639540929363,0.014514527806070395,0.03528773026357287,0.026436246193683566
2018-07-24,-0.0040133843900614545,-0.016198300466480593,-0.03639767838968222,-0.0005405568918937694,0.0035586608581302435,0.004364736506398496,0.0035621688922956216,0.0037286226277564913,0.0002857114209620093,0.0053662731838818685,0.006724972200673325,0.004657549717504909,0.004272374743200598,0.003553426470709257,0.0023327740788750737,0.004252626443588999,0.0017283663971952024,0.0032637368334208126,0.0033640984230173623,0.0026275186550757113,0.0039903741868355285,0.00580184725009758,0.004665426378240707,0.005320576140034857,0.0022940247887535867,0.004278754094328541,0.005891358385014496,0.0060545179714580994,0.0051419772715538175,0.006456077401725935,0.003060848994603423,0.006564397842144724,0.005048180879080692
2018-07-25,0.01023734731964924,-0.000322416217925318,-0.02365386335078057,-0.010683264511201903,0.03631212022419591,0.043133902606615905,0.0365025428042974,0.03792791821931315,0.0023017750721627075,0.04384668308211085,0.05354016138435469,0.03622342865318906,0.037230382917713634,0.030969950056184636,0.012480404782072648,0.02678763008333333,0.008281313090359177,0.03179998776022922,0.03806620929120985,0.02357158485276223,0.03825425776195276,0.04521804893147596,0.03369898131696569,0.042908025028460806,0.03523047916059833,0.03525742920008638,0.04716942086103278,0.04877131044451429,0.042451078250618814,0.051381345464801186,0.021501806737336555,0.05379763726231227,0.04102480791712596
2018-07-26,-0.26831709990292457,-0.2467597249876611,-0.17180610392692763,-0.00023024698194025936,-0.00546287567811395,-0.006129699495003749,-0.009475165912743519,-0.010334246652513515,0.0008984502499291835,-0.004736685481900871,-0.010735982600926341,-0.006847855135832859,-0.006800925091325165,-0.007760627074389959,-0.003900356647372316,-0.005916673250088896,-0.0035187137676787237,-0.009057482511573234,-0.0055268328414695604,-0.003821812383293969,-0.005496932898640061,-0.005324404199322785,-0.007338131729246911,-0.006710937379639385,-0.011388307524853461,-0.0074140406542966275,-0.009310956639890714,-0.009979932761887392,-0.007813528342037005,-0.01013288470761046,-0.0035191548078591004,-0.010478529353978713,-0.0075885723818481425
2018-07-27,-0.024085156899408638,-0.021784021022581552,-0.056997400633123675,-0.006777112445445137,0.0271740987843397,0.03248140488489929,0.02661407424532669,0.027308196765526205,0.002121359608660297,0.03342857795659734,0.04173929584390912,0.026586973803646902,0.02781274297081371,0.024032177480993806,0.011120239576556537,0.021506757167387036,0.007996928588558974,0.023520398513099394,0.028377582299855614,0.017865604423650854,0.028895963506669748,0.033065926915819034,0.0256841010164921,0.032067827577178264,0.024667821907158032,0.026761969381409696,0.037474363995201244,0.0371304299236872,0.03205743008014809,0.039620185531169604,0.015320778685435243,0.04110590850556169,0.03115199955951938
2018-07-28,-0.03263009395369254,-0.043725030018624565,-0.04450464589775501,-0.01541997269527536,0.05091216997026956,0.06055868376621346,0.05154521592082487,0.052986308663042735,0.002043248682062959,0.055357876030142826,0.07453210799053078,0.049964823060158516,0.05249181599853762,0.04232056207974052,0.01803703628063813,0.038926997158203726,0.011821496950254584,0.04496239969369853,0.052787231788706514,0.03330891629661625,0.05399865905948994,0.06258019002986585,0.04871500278754167,0.059979083857521744,0.049008266681957714,0.04815732913273981,0.06580661005139661,0.06729550412596226,0.06036423023136894,0.0722540829921711,0.02989954016825151,0.07498208815051832,0.05670352902752344
2018-07-29,-0.09487318827793138,-0.07919346740471796,-0.07731754110698515,0.0007290775382443234,-0.011077958838836702,-0.011215547356325573,-0.017118281638786925,-0.017982638203832835,0.0005094731649775142,-0.011038331069979831,-0.015731205853452817,-0.010382435983046001,-0.013156348049156108,-0.013855802067632558,-0.009709090087877273,-0.012610844599673321,-0.007083609209777168,-0.015678573922993877,-0.011671138596987282,-0.008000032798665421,-0.01191308412709772,-0.012707125365076935,-0.015091206013996347,-0.014293227100368474,-0.018877133983509726,-0.011684740379115155,-0.01589183141705804,-0.014229065703750562,-0.01226179172001185,-0.014655331254078696,-0.006481929294315236,-0.014934398105174237,-0.011258223698242809
2018-07-30,-0.15110033906473067,-0.19162383860914303,-0.15068432518526956,-0.009187968565245619,0.022459699318696735,0.026693395689942594,0.020866753362291195,0.021746078611358282,0.002484566688031246,0.02855991530055461,0.031104233208793925,0.01999124071796121,0.021816667495580273,0.018243073342880223,0.0028176307134783287,0.014403662487260327,0.0028713038698979787,0.017225244815048946,0.023592129878967565,0.013974759019091584,0.02372970964611702,0.027842917395213423,0.018930638801372208,0.026934068660940724,0.01870222567323972,0.020050016409704458,0.027175287604750704,0.027503065469759964,0.024265432130958036,0.029351352482308062,0.012045821829294923,0.03122911030062821,0.02323784157190693
2018-07-31,-0.08026636993943519,-0.049621353632487576,-0.07781971184774654,-0.01267658854675672,0.04296746261084916,0.052110999443738315,0.04609188111570687,0.04734424409191984,0.002018827304422821,0.05051854370440415,0.06503993931407177,0.04234986732947732,0.045862952402321966,0.03880133971882612,0.013627476633117178,0.032969495501846545,0.009870252957199158,0.03882092023611813,0.044387125170263296,0.02861042420902275,0.04582102469914329,0.05482922537738114,0.04179443411204028,0.054477505152812356,0.043440799157212474,0.04201731469091611,0.05686543205201774,0.05844938148706458,0.05140532436881706,0.06253525930930455,0.025892609746757778,0.06550729445420729,0.050031547138596366
2018-08-01,-0.10674360035942687,-0.05718926882554539,-0.07519513747540696,-0.014483173714955258,0.046040275591970214,0.05672840379535741,0.04449225531837797,0.04657004317054092,0.002701031981191685,0.0524682637360702,0.06322995156076032,0.041104163142110885,0.047346349634375194,0.037677303904902835,0.012967938234937618,0.033268515485906036,0.008528115273973865,0.03852234218243774,0.04828976787889309,0.029680569742743874,0.048676612063167944,0.05822863914075249,0.04231012360869121,0.05559160691356387,0.04199591613795365,0.04152051275416765,0.0556122838327943,0.056547280780010034,0.050045533945445975,0.06038022551333574,0.02480344201157525,0.06305000401757017,0.04761111968342746
2018-08-02,-0.09541595010198585,-0.14938102108683982,-0.09778755181879806,-0.008990171079561016,0.02906890878830441,0.037441581280775495,0.027074301526434457,0.02809823775346813,0.00271961611755156,0.035019210331192895,0.03426813637412055,0.02189980670138632,0.02948064405728168,0.02481279006109786,0.007273123190264001,0.02048019416447655,0.005533142908899021,0.02342833482146271,0.03013012440342659,0.018056619405558177,0.03023893479689684,0.03896524593639731,0.025562711678717598,0.035373455734707626,0.02502054127093108,0.02516692305649156,0.03307790437933485,0.031001778009082177,0.026152465593437906,0.031921376284620884,0.012390428814868256,0.03298935466721945,0.025378799419340996
2018-08-03,-0.07459168689840734,-0.05470686300260456,-0.07644792253635864,-0.006506835054617059,0.02746793570762514,0.0346478112601775,0.027152968032664166,0.027853235994159675,0.002417519800537171,0.03318989537368999,0.032931005252017385,0.021346102338829276,0.027961096612779752,0.023572250250852928,0.007148202438219009,0.01928669717180931,0.006282852500848257,0.02332638340712941,0.02899399708301627,0.017455019088936652,0.02892957831780703,0.03507302120225179,0.024984063414111784,0.032620192352638945,0.02373806096722279,0.02376256155763053,0.03033439106387359,0.030238899075924586,0.02566006153122924,0.031308590257908143,0.013253443826991784,0.0327741726690709,0.024769373836202924
2018-08-04,-0.004061218046106152,-0.047814504848773254,-0.04786523250674376,-0.013788574856410088,0.04767755226861089,0.05738630112481028,0.049159912506878754,0.0514308122880518,0.0028132507993208953,0.0583762412750648,0.07258216761405893,0.047335495241850246,0.049899710520410125,0.04262195084213438,0.01778385234748588,0.03673854847892007,0.012259274986454294,0.043082850425561446,0.0500089941122995,0.03104241134985101,0.05068081783855227,0.06014023181284441,0.04618158461985278,0.0581543505073275,0.046566724251473936,0.04702338975164514,0.06426913005520814,0.06512733394947763,0.05688087575980442,0.06897342031397713,0.028686793104749125,0.07243132911849326,0.0542597643819418
2018-08-05,-0.074134895347535,-0.0852205299183663,-0.07736591636695067,-0.016354674530034547,0.03354855090700356,0.042455012898458065,0.032064675542349264,0.033186261225192304,0.0034648813306770165,0.04351314352863304,0.04822571224086462,0.03238048929760051,0.03430974310362197,0.02762976028024659,0.006309684102559832,0.021591423305327002,0.004067191733058806,0.027304047294197293,0.03479471108196375,0.021658846344870142,0.035712001693038786,0.042285717736721594,0.029768948655089982,0.04113115232915051,0.029302757472200014,0.032040590465432985,0.04370709723756061,0.04363463558249533,0.03874177280609784,0.04637066752014363,0.02046079290694121,0.048476393190155065,0.036925241001738364
2018-08-06,-0.14858913521445727,-0.23378775288981193,-0.16644678215309217,-0.00911993524206848,0.02073032600022599,0.025994482960358074,0.018502863421972826,0.018504012680481036,0.0021187189338765697,0.027047792427681294,0.03040341689940747,0.019974080835063173,0.02076850255779276,0.01598480505021686,0.003986992640958735,0.01291210835329378,0.002378259563321864,0.015417263859760943,0.021963568417166474,0.013127772173547806,0.02186153774892574,0.026813589468417536,0.017560907685340982,0.0239075292105498,0.014821401915764199,0.019617972284782386,0.026960942058195474,0.02748834531574455,0.02355601060940356,0.029145985683800408,0.011786729171240276,0.03083709503459442,0.022666746423481616
2018-08-07,0.0019726318954123023,-0.009828508996260274,-0.04079237165167152,0.059857225120876656,0.07782725388984583,0.09290283651672156,0.08802532186766292,0.08646666318516012,0.0037101597436845304,0.04401601443479445,-0.12198620248281955,-0.04962675224627796,0.08333365378332136,0.060869702571735594,0.07630343127551124,0.08725718555325734,0.06514358304182455,0.08548387836373757,0.0809145433834771,0.05245550811593761,0.08281304832613727,0.09786090631956205,0.0899852286982347,0.09608504042916355,0.077599060910105,0.007192475092391071,-0.030913542322096532,-0.08756312535511294,-0.08555171687408365,-0.1413524525914663,-0.03655642431774956,-0.19371644079172423,-0.10136959550143428
2018-08-08,-0.10786995730371733,-0.015082791717657843,-0.042817530186315324,0.06488853267043886,0.08090754523035344,0.09745970676708253,0.091469174495263,0.08999079286223448,0.00418756845335692,0.04323414898361033,-0.1402669086724293,-0.059691335540806335,0.08672131751509286,0.06082269872777276,0.07928656730878443,0.08977490471659315,0.06768138455961352,0.08835354705503622,0.08401969964848839,0.05407108916161422,0.08642139358532397,0.10266149239082385,0.09282537324701352,0.09943833512663414,0.07986402621610367,0.002730028424554239,-0.040477877707055576,-0.1014167321949125,-0.10000825596889247,-0.16168111919248732,-0.043239939421626815,-0.21999869535657327,-0.11724035339176127
2018-08-09,-0.024924839306510755,-0.08908882672950114,-0.051342421315941834,0.06958960378351235,0.06795334629527912,0.08225307515600822,0.08115652102687972,0.07908608721374903,0.0037601771971639644,0.030538625355933213,-0.16490178736366565,-0.07502114740870791,0.07464990807304339,0.0522698348558975,0.07615139123510906,0.08309029919348247,0.06645918626279723,0.07990781002025038,0.07043152908787942,0.04670059401888812,0.07328832554394804,0.08855027286790158,0.0832574266231294,0.0866966587493619,0.06956075950286895,-0.009721519891817168,-0.060196791262960105,-0.1222355791050204,-0.11869805080711011,-0.18448009705953705,-0.05232710200565993,-0.24445301780061937,-0.13536178598094573
2018-08-10,-0.03220776940074691,-0.01824740299340129,-0.048796171196277584,0.07312291071017214,0.06008961710636592,0.0720966480887073,0.07086594910954691,0.06872927971816505,0.003030763455213877,0.021391072995751454,-0.16943106699005858,-0.07647913977668974,0.06551573486698548,0.04487213406164484,0.07486318264340393,0.0770662148118492,0.06471229192340466,0.0710867086504375,0.06187046135016742,0.04151777593030618,0.06400722232094935,0.07560586883238744,0.07384417069063313,0.07448789649560261,0.059816388291332366,-0.016165048930643817,-0.06638280152701448,-0.12692653681391133,-0.12146025364536535,-0.1888373881525919,-0.05333251409050662,-0.24949051069487785,-0.1374768761600643
2018-08-11,0.02649407308457515,0.00966506818867563,-0.00838597776563225,0.06608260455698556,0.08964827806793736,0.10726982122726476,0.1035584451030731,0.10204349334331031,0.004799360199637152,0.05546916706105994,-0.1254781210499297,-0.04851041112778217,0.09664545409254544,0.07095824241485064,0.0869160154560819,0.10039771265443805,0.07308895410961291,0.099766746881443,0.09291251008240368,0.06073094678667316,0.09507272139751925,0.11210519690191194,0.10428983214425536,0.10938529828523318,0.09159540932232613,0.011781007006791041,-0.028345663375164126,-0.08774205184763832,-0.08707002140315456,-0.14588260545576523,-0.03702622246824324,-0.20457794202499593,-0.105447272636004
2018-08-12,0.08256680252495292,0.08202931784963201,0.054543412617504984,0.05571420281918756,0.07952987487212819,0.09645148090539972,0.09033446848264208,0.089256253748568,0.004471986224325282,0.04546194079272059,-0.1256440903264305,-0.051022336375671586,0.08483965037753638,0.06081126153499117,0.07383721334049209,0.08740434174518974,0.0630751185657467,0.08673367710457865,0.08279206632323917,0.05327718983597022,0.08447479074578546,0.09935436521400536,0.09066403429091352,0.09662675584446845,0.07914186562471404,0.005830663273497905,-0.033346740879628634,-0.08961380878149121,-0.08808617597449953,-0.14485856539664463,-0.03772901611848489,-0.19908113360901267,-0.10436235791296067
2018-08-13,0.1243290158091462,0.1435665225028977,0.14781779898304018,0.07976987971486989,-0.010744977260452574,-0.01157044871768805,-0.009461661093186654,-0.014801144026455937,-0.00031508474305959783,-0.05871537794841064,-0.24686539040973385,-0.13254288023314528,-0.009841379810417846,-0.019990782097427367,0.04013990017241623,0.013653966608324927,0.0381602397622108,-0.0018189821472030705,-0.011666620304035646,-0.006385011745738763,-0.010564461648115456,-0.009941000853139611,-0.0005027309582133673,-0.010801591499112936,-0.021036330075309213,-0.07639219401070463,-0.14289720987787824,-0.2003399188973217,-0.184575095116446,-0.2607035122516021,-0.08535839840231052,-0.3235508468252606,-0.19506619256887645
2018-08-14,0.0978442060986325,0.17160461446621836,0.13680598337192626,0.07106607990162021,-0.008391123046147383,-0.010014841355608853,-0.009412033885702442,-0.01460756742456463,0.000436751557571687,-0.0539817958527505,-0.2299554412944754,-0.1223514969230776,-0.008502617339465482,-0.01963917109972731,0.03677252363711725,0.012937552842503308,0.03405214770324161,-0.0015077396662460292,-0.008472154930693124,-0.005075652964326771,-0.008648195531083166,-0.010392398743407286,-0.0005080015806827968,-0.010998389571126902,-0.021094313422714766,-0.07092620529884286,-0.13157005621747153,-0.18587362423403211,-0.17129259023627816,-0.24352287067889744,-0.07948440483664025,-0.3019379602897135,-0.18179905317816067
2018-08-15,0.14373180340178493,0.17207127482952078,0.14189936227856137,0.06289181509328845,-0.019367374012313476,-0.02148158782461677,-0.024688721419384052,-0.02999762634598054,-0.0005461017436267923,-0.06459240755735252,-0.21931472679683672,-0.11969779157532774,-0.022355550303053622,-0.031182867585634117,0.02147777487058411,-0.0029375705295411336,0.02257823213461189,-0.01694097230186505,-0.02023093752599318,-0.013181635844208136,-0.020648144870690405,-0.024088624024118783,-0.0160486966783638,-0.025885946442792,-0.0364131001733717,-0.07587722115821786,-0.13313451096568438,-0.17994755484050864,-0.1641451419885014,-0.229697990350064,-0.07751968780842855,-0.28122676054517787,-0.1725198603211829
2018-08-16,0.11951817405400078,0.10817316564375723,0.13706736248720622,0.06149722045438111,-0.022789980258283233,-0.026597989656948744,-0.026920822103975024,-0.03263461019226751,-0.00024328502154169485,-0.06337226052763374,-0.21788583250167962,-0.11919751387957127,-0.024584467444950242,-0.032133780360669086,0.02232517548200456,-0.0025220414798490984,0.0221977096141804,-0.018499518174547386,-0.024164483834759665,-0.014477521670178758,-0.024065431935723563,-0.030353384917572928,-0.017394919915984925,-0.030177008952516477,-0.03796527137891766,-0.07512946374862661,-0.1321377154096061,-0.17815719131783445,-0.16306648658650266,-0.2278005126110901,-0.0766331588203375,-0.27961006566895524,-0.17127310273544882
2018-08-17,0.1675925086117275,0.18360129567334096,0.13092567467435767,0.06522869653732144,-0.006257058981451458,-0.009393420845195935,-0.006358029706163393,-0.012053161749602914,-0.0001027081946558539,-0.050599263291201346,-0.2058911849300594,-0.10835974015358059,-0.006208346880410017,-0.018147816302456654,0.03313940263017908,0.013331428881475205,0.030452319780649734,-0.00020605863711746034,-0.00670273396542953,-0.0038038962680291277,-0.007333562863956071,-0.011061578240345446,0.0018338581916745866,-0.010410511865601713,-0.01881956595344203,-0.06371180697205414,-0.1191493965198207,-0.16536635505515296,-0.15181125381031743,-0.21665881763890513,-0.07074873440487443,-0.2699003346512079,-0.1626817369108462
2018-08-18,0.09668052832280294,0.09761105885733053,0.09716488698879466,0.06278477259258312,-0.031237618875564383,-0.036390717039701904,-0.03759264765291448,-0.04362446919962023,-0.0009758632817383391,-0.0723032546856001,-0.21435107639879872,-0.11916881733279568,-0.03452794893332811,-0.0403676560252455,0.01694955093163471,-0.012754738689352804,0.017548307568880556,-0.0288585596585067,-0.03269496006793323,-0.020515060876582503,-0.03393180807226651,-0.03859812687544384,-0.028267534034630337,-0.040130550916086825,-0.048112358115376175,-0.0796908295680326,-0.13606555977213297,-0.17703093478930487,-0.16084265597152955,-0.22242723722609772,-0.07576003549590234,-0.2703663797805979,-0.16715967769102935
2018-08-19,0.14217865556708897,0.12514204306855495,0.11473543609619163,0.054614784027411524,-0.0322798518727776,-0.03688761627918483,-0.03981599783457076,-0.04512258520572843,-0.000301852702756437,-0.06923403389384959,-0.21273763267484203,-0.11913396601267194,-0.03573621940238425,-0.040637029299708104,0.012722952297977633,-0.015409295709280476,0.013733754283349183,-0.030569619919958768,-0.033308383533181406,-0.02111868961659417,-0.03459228375957194,-0.04037493115987475,-0.03001850720705305,-0.04094191171480303,-0.049516003895342685,-0.08002355995541244,-0.13560093404766457,-0.1761163568501202,-0.16064912374891302,-0.2206664175271348,-0.07520425488618769,-0.26661680865601706,-0.1666133074218156
2018-08-20,0.1334052470309528,0.10877696108276158,0.10930714928037322,0.045583669543409165,-0.0014372357235519218,-0.0020004372141035156,-0.002108593242852249,-0.005879826024533112,-2.3615794698450543e-05,-0.03288616271435115,-0.15019978455552638,-0.07884016817558563,-0.001118577652335695,-0.010746684171145956,0.02593253242575555,0.012693373032905223,0.023461831244932323,0.0034904571969083995,-0.0015594196974276404,-0.000709542075934877,-0.0015931803104252869,-0.002080688652850308,0.004051055256741876,-0.0028677049517593645,-0.012076354218886642,-0.04488866754805709,-0.08490873740909362,-0.12106259026370658,-0.11096896970781955,-0.15881418961630236,-0.051584203428267784,-0.19732858010687457,-0.11882237309328166
2018-08-21,-0.012340331863396633,0.08351499511180549,0.05422452528707744,0.033778197518545085,0.00793939336078786,0.009086963402429168,0.005810492605731928,0.0019434043209699918,0.0002751058017598969,-0.017804636677274093,-0.10221803818904451,-0.050961311239479556,0.007486460511694955,-0.0034104808488839566,0.02268656629201941,0.01534517027915161,0.019117682992717395,0.008168926826396769,0.008026177822454628,0.00485630865751278,0.007558044409757159,0.007288406723982159,0.010032495331776007,0.0062627013791794655,-0.005044622206174114,-0.027054912808389453,-0.054919196082491815,-0.08067411832115863,-0.07449852391006573,-0.10889972496466142,-0.03427868600714312,-0.1371713054477146,-0.08209970678911412
2018-08-22,0.08918888276013748,0.08735961889788453,0.06437260874287176,0.018804823554204948,0.004119166215901693,0.004159450718682993,0.0014144701751872546,-0.0007829529664282001,-0.00031786176839343483,-0.014226898386636341,-0.06698559590588864,-0.033833539424488045,0.0038742633745062114,-0.004050212167445129,0.012349987479620683,0.008478402964571252,0.010606829661601758,0.0031792513205436044,0.00393213372803114,0.002968760411218222,0.0035196939578391686,0.004145072270680099,0.005150994542509224,0.0030692934310308693,-0.006223547667364215,-0.018599958524988896,-0.036576198314905106,-0.0533636771446148,-0.048792267105307374,-0.07075105147349021,-0.0226820847520021,-0.08826807427575971,-0.053741473449478626
2018-08-23,0.08817991811282673,0.05845228752811149,0.0845783140491528,0.021214816889128702,-0.014010512107409964,-0.01699498906618994,-0.020171933379155387,-0.02336228746453776,-0.0015714909884708324,-0.0403746204563881,-0.09756174789693765,-0.05274373884027946,-0.01577480192842806,-0.022429014463139534,0.0033720700362616838,-0.006700119983380641,0.003893304918587267,-0.01582745441370559,-0.01449612755043598,-0.009477675779246889,-0.015514916154592365,-0.018756355072890567,-0.0135664491565158,-0.019129853848077676,-0.028664990822150276,-0.03923592761521366,-0.0628498734432122,-0.0807310666826216,-0.07227831339969153,-0.10093363242984488,-0.03406576003649212,-0.12156836745538573,-0.0766678706198416
2018-08-24,0.10643169275683147,0.15946385844888558,0.1114055916912197,0.032323825625952075,-0.014462422565683752,-0.01937450932685003,-0.017336292003796494,-0.021125408776579608,-0.0012021826894681453,-0.03921674973333111,-0.12014938110402262,-0.06361268286058408,-0.015287099041491873,-0.02019790059261961,0.012045289007983703,-0.0033846928343939098,0.01084190170098065,-0.011522673156018884,-0.014483162033254024,-0.009178533155616305,-0.016016489364856074,-0.01818209224217456,-0.01187142437937864,-0.018057544498170763,-0.02602574484714874,-0.042533723145231704,-0.0739965153417111,-0.09859726773039323,-0.08841431197503329,-0.12506456203831964,-0.041792636193716426,-0.15157721404257796,-0.09466415281253522
2018-08-25,0.06270299486499997,0.07216308963492295,0.06910284940287041,0.03658494846678787,-0.017671442888664995,-0.02382096416361475,-0.01976088716874358,-0.02387364031488322,-0.0012450922375976485,-0.0396308820705095,-0.11063219867242531,-0.06068846097570102,-0.01874623417590282,-0.02062529200311995,0.013310877607346802,-0.003540850142618327,0.01261792612661979,-0.014364150216263619,-0.0186342275996824,-0.011258878393255975,-0.019243955318419975,-0.02231290927286711,-0.013174272619599728,-0.02176370085980454,-0.02822151563457087,-0.041194226829017744,-0.07010142933846304,-0.09102848910958332,-0.08286219576271699,-0.11533006751620789,-0.03948653430493524,-0.14023595955366167,-0.08735894401582171
2018-08-26,0.06786003172283313,0.0882981647597818,0.07850170371309743,0.029672811102611735,-0.025174782685174257,-0.03132124900472869,-0.02934757577304629,-0.03334379499850145,-0.00124211340546528,-0.0461802708027624,-0.11827040071546306,-0.06698406878924008,-0.026522537092681375,-0.029032333188074706,0.0034438523526726015,-0.013245171168364026,0.00505540154558896,-0.02407442288340415,-0.02605357495723659,-0.01585637086823007,-0.026825282397248646,-0.031949521113865544,-0.022988636825468294,-0.03141314388879953,-0.03872227239900372,-0.04755042753692754,-0.07785146998633537,-0.09856020015819666,-0.08973848440666465,-0.12192322969531351,-0.04212981895353499,-0.14520803830669285,-0.09175674994168137
2018-08-27,0.035069110359715015,0.06767679641273776,0.07357817814752465,0.018690390243481996,-0.0064665989644181465,-0.008959779605742272,-0.010080531835140386,-0.013457115262866045,-0.0006084893027855642,-0.02108436140985385,-0.06831356251455271,-0.03615388350824015,-0.007437055635384067,-0.011698121057955646,0.0070381141631400785,-0.0005092212247364003,0.006358552739724743,-0.006896550843969784,-0.006438098556329486,-0.004369426530600388,-0.007128540506511349,-0.009368537271904268,-0.004599660217646277,-0.009058737510041937,-0.018768871226351774,-0.023699337701223417,-0.04068679179138179,-0.054864649438306635,-0.05042936208862692,-0.0708253163749113,-0.023412818644869066,-0.08726716001917989,-0.053416619734109716
2018-08-28,0.049080251687221445,0.0651581948883031,0.03559403111190177,0.012668278103252106,-0.005309083490427469,-0.007250515397015415,-0.011359463414276108,-0.013906891731118106,-0.0009311212474673406,-0.01781425302108512,-0.039684505931850765,-0.020852857534987557,-0.007029236994008592,-0.010771875928976252,0.0052684288831172195,-0.0024174961552807517,0.003041005172219021,-0.008634781447838987,-0.005958091332027256,-0.0037760859503075395,-0.006538882065065958,-0.009471237659199735,-0.006605706005138916,-0.009688495017244078,-0.019804009442954868,-0.015720198985637406,-0.025025344072491684,-0.032092900402235,-0.028703414094009894,-0.04039624993708261,-0.013118655696756262,-0.04910886744904334,-0.030994223034418233
2018-08-29,0.0306878220679363,0.05039397542592313,0.028550422955816224,-0.002511030904846242,0.0012997759057080671,-0.0001712560124763248,-0.001887565925704789,-0.0038137430571856257,0.00019152235208223326,0.001182418257703155,0.008728941461790521,0.007298847885714703,0.0010652871192240454,-0.0017928733427231929,0.0014930080681142914,0.0017841037233985446,-0.0005734498508136454,-0.0016771435604692186,0.0008885066065067448,0.001037997481056152,0.001060200707494315,0.0007084382877830345,0.0005530514235463357,0.0007544080444349769,-0.008820992489780188,0.0026229349677583023,0.006025446566459832,0.008087842187936308,0.00815352153415431,0.009987291210114732,0.004280158899298965,0.010461668046940709,0.0065783421251586205
2018-08-30,0.08368632186803637,0.019593651536913132,0.049166244972809636,0.00013559855115730102,-0.022361723941433393,-0.027521312029559358,-0.02807940274622271,-0.030258127065052598,-0.0016108031583179638,-0.030051109396816322,-0.03138588204058124,-0.01828524535519538,-0.023435608643804784,-0.024519939123090733,-0.008290429926468187,-0.017309717539122655,-0.008729639516771748,-0.024016672697200647,-0.023428793753979882,-0.014343285100927675,-0.023513621380105043,-0.029386126111576278,-0.023245928667744664,-0.0286940150803033,-0.035723965866389186,-0.021819281721018175,-0.028314076442772063,-0.02787752877564209,-0.022200631226214778,-0.029054949243144,-0.010443404189435531,-0.03100878213710671,-0.02282431465945815
2018-08-31,0.05108243567949181,0.08419699282988446,0.0458076951476493,0.0006474780725055732,-0.008323127650815406,-0.011122272841386227,-0.012556416383322796,-0.014427215776553481,-0.0014416290460790293,-0.013871537190279485,-0.007072172601586324,-0.003931936479488307,-0.009633587125507622,-0.010825800875271518,-0.0015171151295976237,-0.004996000124540008,-0.0029170475013093147,-0.010291455914699673,-0.008313745367292272,-0.005338632480289244,-0.008990168147120947,-0.01305179370925528,-0.008395655595331952,-0.012116087746539606,-0.01911413680363368,-0.007131564191122486,-0.008065943857517984,-0.00700045790248538,-0.004611953946056957,-0.0062610692960705094,-0.001975086313505514,-0.006413281731867689,-0.005292191375459628
2018-09-01,0.024412667856011854,-0.006292771662991174,-0.002095053419322331,-0.020983392648131982,-0.01317723409581865,-0.01782308040842177,-0.021050140178216676,-0.022375937055127082,-0.0021314393495766026,-0.006510053233071744,0.05621599181596141,0.030233363707822924,-0.015040282198778065,-0.012851737069773606,-0.016633442076466814,-0.018594094963460723,-0.017370671152709072,-0.01991794990219405,-0.013494332861079114,-0.009471174347423469,-0.01456933588151029,-0.019463684347786447,-0.01882714971840412,-0.019483600585341893,-0.025510575397412083,0.008229068686204618,0.02508823982693335,0.044066385716003666,0.04404414838322701,0.06265184479373549,0.020303688421506354,0.07926359996755512,0.04599606815524648
2018-09-02,0.005139477921430953,-0.01835942417434803,-0.009730604398993018,-0.056211592451758406,-0.05591647890194847,-0.06807332208018095,-0.06907881582415924,-0.0703212606134187,-0.0024208134332705336,-0.024252267226129238,0.1315354988795292,0.06046259917114908,-0.06152644998431208,-0.04595135944834302,-0.06084636245228984,-0.06570395180646453,-0.052828878087125254,-0.06587038330240406,-0.05787408175016603,-0.03801147623309239,-0.060053094255554086,-0.07191059711310317,-0.06724188527940604,-0.07085080976259335,-0.0692831703427877,0.005526889554601233,0.04543991052349661,0.09834168689738802,0.09594140667561835,0.14918417476229795,0.0417032363744223,0.20559173033873415,0.10714872162430862
2018-09-03,-0.1016669964233176,-0.04971906207213669,-0.023932590471220355,-0.06108767540714055,-0.039809082123084316,-0.047051371700479905,-0.05354677044651801,-0.05348921895629181,-0.0020745260034784607,-0.005315928218195154,0.16155101952604856,0.07953062405054556,-0.04572800523032772,-0.033460994374246766,-0.05631509981951647,-0.055280978951289285,-0.05049065677094481,-0.05316727509772168,-0.04112818843094216,-0.02771416704656963,-0.043103885918725084,-0.052584563100595304,-0.0534947338670122,-0.05195440179966523,-0.0540424332555031,0.022231973384466624,0.06893820278841052,0.12413270550265103,0.11966405532657583,0.17865357395566583,0.053331313116656766,0.23698260792732828,0.13062261300164213
2018-09-04,0.015232249049826377,0.019843315439482662,0.003318352061786397,-0.055656502991943725,-0.05298915652129773,-0.06464304894597461,-0.06758045029089683,-0.06896670994065139,-0.0033672948108902645,-0.022962828030616816,0.14062128126137186,0.06611809863116432,-0.0589268510997553,-0.04508710100040769,-0.05958490727966274,-0.06312574832220778,-0.052808872223293925,-0.06540100414187844,-0.05460881594171211,-0.035943845979326206,-0.0571857477394655,-0.06860787789479132,-0.06541421685333197,-0.06809523393064539,-0.06900266538797073,0.009336488733773685,0.051314561891735146,0.10598497470902046,0.10326516682874735,0.15854518389003522,0.04581766664531776,0.2164649540968003,0.11505047885214854
2018-09-05,0.0036995358696224243,0.01748661545828926,0.004420993587550548,-0.05527481894464792,-0.05004376374642483,-0.060622558428675845,-0.06480694056021392,-0.06551604195550542,-0.003098017123493335,-0.017271929913663147,0.14620088950342117,0.06893483009604306,-0.05581954331289355,-0.04179229939163361,-0.05647452032049719,-0.061715696663878696,-0.050562364404590575,-0.06234640192814567,-0.05149731509470593,-0.034663864773277396,-0.05419890631166465,-0.06545551513461856,-0.06308999083828404,-0.06387862562932393,-0.06583319966617858,0.012603573378454117,0.05691056162629238,0.1103238332361931,0.10686209658094074,0.16345406539972837,0.047300943129735984,0.22100653191530828,0.11917495065181131
2018-09-06,-0.02496391234521737,-0.05265993733093044,-0.012782805540326514,-0.06341969395176683,-0.05674643401691437,-0.06762335053927337,-0.07316280212148207,-0.07400586562903744,-0.0029578945613817353,-0.0221042625725012,0.14743202811530232,0.06886191106126915,-0.06315878505186075,-0.049964777346424384,-0.06474406645886181,-0.06912153065266786,-0.05812243298295824,-0.07086887672822921,-0.05820360716397902,-0.03898894915682553,-0.060801777599270856,-0.07203855205814798,-0.07119277383676022,-0.07226336801896209,-0.07489476573841596,0.008462186095656854,0.05298312975628061,0.11061299915995182,0.10765327185884122,0.1669571914665271,0.04798832184951222,0.2268629397333619,0.1212049043924323
2018-09-07,0.003139698486651484,0.02705349744471904,0.005791877676564046,-0.053102019404014676,-0.04930098415520382,-0.059226278929439914,-0.06395347837297471,-0.06525891118552885,-0.003274023380546017,-0.02136637164529187,0.1296898372938203,0.06089384763913289,-0.05478747601221053,-0.043446743218377826,-0.05574747651967001,-0.0603858634598593,-0.04986858174887784,-0.06172824622618537,-0.050704982041814915,-0.033775294843379676,-0.05292104669886536,-0.06325012982350812,-0.062210588161615434,-0.06340822034383937,-0.06517277382301796,0.007927706899579631,0.04751772033302141,0.09733191700054829,0.0950298583101447,0.1466862621698152,0.04195238200614367,0.20216583167311372,0.10637583996134332
2018-09-08,-0.05540347132607396,-0.04515578505780512,-0.03740765408202081,-0.04626112081139322,-0.019135211864138135,-0.024393535695932538,-0.02807995336902014,-0.02870831123753999,-0.002540801739002655,0.007070896044378531,0.14860297033239936,0.07674317489169151,-0.02191673382392434,-0.014444529420368113,-0.033628303878152487,-0.029466563393281575,-0.03228149455074192,-0.02863048318605177,-0.019380621489493894,-0.01364785595875014,-0.020418201712529616,-0.02602786172533733,-0.027746295294842998,-0.026034321651627817,-0.031009040697520085,0.030421884576326146,0.07365952298123209,0.11718797186629033,0.11066789233825602,0.16214655830796124,0.05006942559534977,0.21094939205819685,0.11893642372722872
2018-09-09,-0.05236330393879488,-0.01725855597641157,-0.012517377675551758,-0.046225897376061496,-0.037946315330282886,-0.046155713537735586,-0.04902438610039243,-0.051159648871852426,-0.0022115758481072354,-0.016750292544895018,0.10138994132386288,0.04860111366927011,-0.041816422085590034,-0.03479761660434022,-0.045700642437290696,-0.04632506469332043,-0.04048324743055994,-0.047617071869323326,-0.03898994779106365,-0.026159029145312356,-0.04075846803883998,-0.04884066412005842,-0.04758269276971413,-0.048691296863708246,-0.053660278048043075,0.006063265725683979,0.036711436384099315,0.07628598548695138,0.0754205012355443,0.114700250518462,0.03304112894416278,0.1563796738439628,0.08309777066883199
2018-09-10,0.0122497907549457,-0.016347806913009855,0.0010584397195471478,-0.03729406453020504,-0.036153413139343726,-0.04482358369849434,-0.04881955694705198,-0.05018028533042518,-0.0017985257302758721,-0.0194325221806233,0.08552966451553612,0.04091255378412395,-0.040247680649683794,-0.03505372696332761,-0.03981230177330852,-0.042917250145441045,-0.03604087147899756,-0.04661658291452131,-0.036887674243134626,-0.024712743128013415,-0.03885859229742324,-0.048259558235552134,-0.04608544944982788,-0.04779391085436657,-0.05298871110409505,0.0025586555954735246,0.029563919485245727,0.06416858543261572,0.06353523705468363,0.09771509084586534,0.027113025744200197,0.13261068602435344,0.07053547841764374
2018-09-11,-0.004290883114042909,0.025444773302531587,0.0036565394112229774,-0.040100232410821945,-0.038299954626777044,-0.048073895109339126,-0.05225213374413773,-0.05445168500169947,-0.002482169031329621,-0.022494121905802206,0.09327141701294946,0.045158573783128965,-0.04280218847160396,-0.03721503742141893,-0.04192649464447543,-0.04573733622732797,-0.039069692718080695,-0.05012495891933503,-0.0394305164784751,-0.026146141128093287,-0.041632619025768904,-0.05123868724464279,-0.048816236447480676,-0.05131014566170548,-0.056879051802094814,0.002813773266727123,0.03205307832615715,0.06979523819745737,0.07067681845844238,0.10637476882257602,0.030872540058851133,0.14304720406661678,0.07764029833802955
2018-09-12,0.009107917579697755,-0.006660730515452092,-0.022675769644112737,-0.04325545395899392,-0.028217662848816733,-0.033966382527615004,-0.04176717489583511,-0.043520214577678885,-0.002380845740993287,-0.012882473398054076,0.10413538936825113,0.051597437071524276,-0.03302385788294634,-0.029963188331273944,-0.03969113219815131,-0.03907908779576452,-0.037146857881029526,-0.04132192092953465,-0.028583802500362115,-0.019491464453808227,-0.03033066258904012,-0.037224651699392076,-0.039091736516654464,-0.03867894908579513,-0.04806702446252705,0.010014655750690752,0.04213866124547364,0.07972883409919944,0.07789427372089304,0.11673716801617277,0.03425657227827313,0.1539967977737383,0.08459856780483843
2018-09-13,-0.012664435241181327,-0.050745198060686114,-0.011856479024124825,-0.04931461842511364,-0.03588011121472423,-0.043922463163160806,-0.046686684820058076,-0.04815868825177846,-0.0016299763165739851,-0.010837493071344184,0.11334901955123951,0.053989954688726804,-0.03976034720536573,-0.031636399744887335,-0.04576970225867827,-0.045198101110979806,-0.04052232564136945,-0.04542901513842956,-0.036492613027840314,-0.02440774908525138,-0.038753011684513915,-0.04771181844373166,-0.04480753797840187,-0.046360852130868345,-0.051875214083216235,0.011860213988638494,0.04586804159110466,0.08634488933787103,0.08226045009431626,0.12626007784427262,0.03681918204863285,0.16828051915433306,0.09176821699559994
2018-09-14,0.0429458902273591,0.03293188527853216,0.009455900631369177,-0.03562354566675522,-0.039159981335815885,-0.048052669500418276,-0.05121456764520153,-0.053530914453779964,-0.002936971946306303,-0.023630581738014023,0.08311208411035113,0.038871403665906946,-0.04441699199565452,-0.03610170025647452,-0.03871064450676428,-0.04462275465095485,-0.03552259969991992,-0.04854950157265551,-0.040224285464598886,-0.02683519030919257,-0.042775442927159624,-0.0534836813228757,-0.04791505347972436,-0.05210135229938858,-0.056215376038185084,0.00013349119106642604,0.02706763808165776,0.06172503134002986,0.06132728615806767,0.09499090864828978,0.02653417600948771,0.13110682601616416,0.06798883368250912
2018-09-15,0.020985637877040702,0.006936761734027168,0.009940931608018863,-0.020705975060995325,-0.03150626052672223,-0.037917162021188666,-0.042570677279971214,-0.04480352148721156,-0.0022828278585394677,-0.02318128826550403,0.046450045600140356,0.021494174144559192,-0.0360422875349616,-0.03278767170042259,-0.02752012301489189,-0.034751208266089684,-0.026081556940877288,-0.04002672168021704,-0.03224892230811586,-0.02149861816996612,-0.034391182772814055,-0.04251691941269442,-0.03883843112152826,-0.04215369588250203,-0.04905533941089087,-0.0067250356043470445,0.00926894560071793,0.03361429046207546,0.03567990142827485,0.05610147391580019,0.014751890077365696,0.08199846335428636,0.039340477371397974
2018-09-16,-0.058222105471285555,0.007527073560201991,0.0050331433832789445,-0.03065619100778368,-0.0235791786826276,-0.028210404343435986,-0.03573569361789245,-0.037362047790459485,-0.0021090281227677346,-0.01757046253127766,0.053414006685553815,0.026213229634302355,-0.02712306820144998,-0.027621408066737036,-0.029228926648860565,-0.029977187634733227,-0.02753772847416484,-0.034254616250951685,-0.023687492963320622,-0.016574331845293777,-0.02537859459784908,-0.031011977254607952,-0.03223219470535543,-0.03143302208250306,-0.042966832823511915,-0.0007730257757089613,0.01625247436220108,0.039796038398371536,0.04084364263432624,0.06195259228633798,0.01753613513797288,0.085499085670716,0.04398420412908018
2018-09-17,0.030190795078975263,-0.005268269205542945,0.0064774924620788115,-0.017852411106390242,-0.020972678339974554,-0.025508889643351296,-0.03159787895265875,-0.0338472773668211,-0.0020678204446958524,-0.01798218179742032,0.0342844984686718,0.01490699752346251,-0.024748118096924898,-0.02397082378221338,-0.020437116517715886,-0.025605852026321745,-0.019593057143829935,-0.029537729558707444,-0.0214842785372511,-0.014700037712805702,-0.022769968226384957,-0.02721212131195294,-0.028524014572526884,-0.02868144624777713,-0.03965012098327225,-0.004896096805518724,0.007577351566204389,0.024860394186800267,0.025691942238888228,0.040596568727996406,0.01088731914542714,0.05698239593757629,0.02818568191022634
2018-09-18,0.027683981118057293,0.04222604468861846,0.02111394360219195,-0.0165622348316609,-0.029323054620263633,-0.03728065836853952,-0.03699678315569758,-0.03995011587588356,-0.0023505702468208747,-0.02268607904840625,0.032884886305882155,0.014197978753093032,-0.03175919594271844,-0.027862248154497078,-0.022619649773853112,-0.027745450422649753,-0.02076888728025435,-0.03387518175720169,-0.029598487063539736,-0.01981239315119776,-0.031719392582884844,-0.03992281064976755,-0.03255340435310039,-0.03825583768206453,-0.04397734227010197,-0.00676545258473471,0.0037934920522649427,0.023162016104405048,0.02488824450179905,0.04018574206356244,0.010455241717830077,0.05756127005141861,0.027427962521981247
2018-09-19,-0.0243563325629772,-0.00776544503674496,-0.026420568424420605,-0.02261057235103466,-0.013052230665709116,-0.015361143364941654,-0.023059495434351557,-0.024886129764773262,-0.000558750337200209,-0.002787492828941751,0.05472133751826499,0.028038952227839548,-0.0165306862314664,-0.015283655477527821,-0.01957246604566132,-0.019769456022376748,-0.01894678730037184,-0.02224411062205996,-0.013036162800923753,-0.00933981825776975,-0.014797998062345089,-0.01822922111541529,-0.021031322417688198,-0.01925784017970174,-0.029146636940799258,0.007261698401835659,0.023921860805700728,0.04338389401406969,0.04155526068575366,0.06172339063205682,0.019016987160715832,0.0813418602649995,0.04491290589960043
2018-09-20,-0.004450890088273003,-0.03699667287739642,-0.005376679090915992,-0.03453882236528768,-0.018039313298331788,-0.021384791197238684,-0.03191545989705169,-0.03332666200977297,-0.0009030792191060399,-0.011828830775478139,0.054176832757505324,0.027331111320912704,-0.02238327593046711,-0.024224546400389773,-0.0314319454329978,-0.027976077487374223,-0.028400844410673365,-0.0311960904069369,-0.018207756724144097,-0.01285945054992658,-0.019474624975219196,-0.024586994939963525,-0.028958687343918932,-0.026037035655202285,-0.038494858631806274,0.0015523828196902418,0.019178204601876025,0.04149768276265734,0.041299878465980676,0.062012661713942784,0.018425951499366693,0.08510282481800768,0.04449771912367743
2018-09-21,0.003776855989734281,0.035148904774852774,0.008710689676572217,-0.017725162545539835,-0.022400061675744116,-0.028011759943483188,-0.029897323031051748,-0.03282679555164325,-0.0019738181354309603,-0.016789605540112145,0.03782721319578197,0.018261103148544382,-0.02511649770591114,-0.022595054625405453,-0.020159669819900177,-0.024567979404388634,-0.019022417363502814,-0.02854122893898155,-0.023009041916255413,-0.015497989883304975,-0.02462778135257319,-0.030609233697919496,-0.026703546640445275,-0.03041768241679173,-0.03496214741520909,-0.0021257514853936974,0.011070203443527937,0.02804269080824599,0.02872611595434697,0.04486998031629744,0.012697301709181671,0.06250741669244064,0.031200705247160343
2018-09-22,-0.029781799692854587,-0.00046624545662391864,0.0017557831855758248,-0.006830141538547885,-0.0073335867923205456,-0.009854004095178817,-0.012050960385755852,-0.013665379927194484,-0.000731197185069495,-0.0049451824597769685,0.02066630322536393,0.010913264251478871,-0.008177678339280329,-0.009582024754185644,-0.007021070121002726,-0.009046302520476187,-0.0073574238377063965,-0.011474174939875978,-0.007618083023499682,-0.004989778788437427,-0.00763219178137516,-0.009958641512263297,-0.009943963869300632,-0.009798640312889203,-0.01750620245127295,0.0010703511408083344,0.007818491878875141,0.016374503157752685,0.016080396237994954,0.024136255163699438,0.007612416147670646,0.034241694633241636,0.01687317842434825
2018-09-23,-0.00032830161523866863,-0.008696690028087595,-0.016137348392012345,-0.009918482169806472,0.005038329105039097,0.004971142891659379,0.0013746245674178443,0.0006948102501581251,-0.0002922770073775875,0.002058505143889574,0.015410595079322556,0.010481892987447358,0.004458605879608631,0.000513547848422391,-0.0037886219135632913,0.0016855849850646958,-0.0037181344957775884,0.0008502102821354995,0.005132120971990932,0.0030020644268559473,0.004650087040799278,0.004868646780128216,0.003278414680214207,0.004839228100394759,-0.004375499389005277,0.006293244107186051,0.010542582069744158,0.014105577524686552,0.013507315910530929,0.017425383506765552,0.006792558084876887,0.021827724818381355,0.012025694576007181
2018-09-24,-0.0061675460718778235,-0.024568225824262768,-0.007662664570295519,0.000725113429044022,0.006208228765379668,0.005128973934452515,0.007231584522900292,0.006308189465087821,-0.0006057474808519222,0.0037139678613004414,-0.0031873554952118375,0.0008741603583188132,0.00691102461925001,0.004704832320422033,0.005911562530106866,0.007747950191135722,0.004322654638933443,0.007332712242161736,0.006230717239379402,0.004558180892919594,0.00637004321515396,0.0069523136811175945,0.007567300225171418,0.00771938400162971,0.0017991773230029058,0.003390577618222738,0.002869190216912898,-0.0005649977604088955,-0.0005966539252373337,-0.0030298320251021713,4.186331210516888e-05,-0.005878662648538757,-0.0029002414710429156
2018-09-25,0.0578717283924961,0.04403066573824521,0.02250408842719794,0.004110559221967532,-0.009023593704739596,-0.01150681860330168,-0.013236602874213688,-0.01506699214985622,-0.0005813805974170805,-0.015432756090235719,-0.023500854705492458,-0.012313415094071503,-0.010174366336384466,-0.01358005221459043,-0.0012231382286378434,-0.007729030021945545,-0.0022069818549036078,-0.011521973712707911,-0.009356525458413145,-0.0061623345323056355,-0.00982591907324526,-0.013525705885667705,-0.010588930207536151,-0.013170620840301813,-0.01900679895853023,-0.012871509964825556,-0.018107423169308134,-0.019369111475305623,-0.01586991266392494,-0.021693097140597455,-0.007608659118186682,-0.02399452015610552,-0.017619820702525324
2018-09-26,0.03845516557899842,0.04819828542106001,0.028393240657726675,0.006596583601648535,-0.009285213926577995,-0.012648577750563087,-0.008891576952814026,-0.0101441617355702,-0.001011720981242803,-0.012217003905739729,-0.023531400439370742,-0.011985000220561481,-0.008876413848725248,-0.008577258634632065,0.0007269814769358026,-0.004804111117882333,0.00024494025566716243,-0.007292343136365472,-0.009510192448832852,-0.005740404239436596,-0.009727412480675213,-0.011682529412198939,-0.007094999955485311,-0.0109861692416926,-0.013221790191495941,-0.01086871348049693,-0.016624758509735216,-0.018783503741394664,-0.015634924788387277,-0.02156378845178845,-0.008332996803356826,-0.024187513910418623,-0.018207327587141425
2018-09-27,0.0367884100618053,-0.012432627109820219,0.011758023936269938,0.0011852895243900836,-0.0010851992740503746,-0.0004060247501171214,-0.004945158342259208,-0.006132054518230845,0.0005496972045738365,-0.00546638133278865,-0.019426959138639788,-0.009579119343462672,-0.0017590426435809547,-0.005201373454722713,-0.002001948485768512,-0.002970095609520366,-0.0010815631035550055,-0.004643530888955934,-0.00040918745975737636,-0.0010246705746927987,-0.0011706468538239534,-0.0011392281359349592,-0.003495361818629602,-0.0023245044728668063,-0.009208071364837403,-0.006843806327989792,-0.012562755449864996,-0.015608483375208296,-0.013120362699721314,-0.018408909805638213,-0.006411983451786914,-0.020242820764986885,-0.015279007610875675
2018-09-28,0.03615729705409206,0.044215280434003766,0.014528904642464072,0.008513244157822916,-0.004671892708355922,-0.00623724047683923,-0.0031741311700471306,-0.004578539495268726,-0.0008395163190790811,-0.009943647517484777,-0.021143562628883394,-0.010798902227529439,-0.003956905369605579,-0.004136000945518248,0.004621045416737394,0.0010412697451108361,0.003572051947447067,-0.0019525666822453047,-0.004720634840370923,-0.002520048548436904,-0.0043207459724084645,-0.005107329884253294,-0.0017883806053404783,-0.004842657964704067,-0.006485428199690446,-0.008447057317154302,-0.014972439609713284,-0.01704881262384787,-0.013866771705383307,-0.019494536473406637,-0.006656777158497699,-0.021713631865392397,-0.016521933044477244
2018-09-29,-0.04006644393983061,0.011634649823347942,0.010817119279357948,0.00812417870191684,-0.002068378233920735,-0.0038579482039485433,-0.0007451416433248426,-0.0019241965393306988,-4.5484623976577154e-05,-0.0019138422070955248,-0.009179466654504568,-0.003969321868219744,-0.0018654743033049332,-0.00047892186545321164,0.005687202910759896,0.0010321506370513471,0.00494452263479328,-5.094522141124713e-05,-0.0020356152352078993,-0.0009690518153376478,-0.0025726864852684272,-0.004092005797990517,-0.00018023892032204003,-0.002712246897704773,-0.0033084119310924365,-0.0018166235882874915,-0.00403192358272797,-0.006212864378169887,-0.005784788905922156,-0.00836492751582855,-0.002750619106898,-0.009820109088958695,-0.007710471874824876
2018-09-30,0.011612163643583676,-0.010162562004095635,-0.014576402224368104,-0.0007197312693512833,0.0063404453170710084,0.008704477269839769,0.006443134798802023,0.005902261048912116,0.0008614556677037181,0.00668920043038194,-0.0028985579084507642,-0.0003000569168225553,0.006635944593551102,0.0047178137759630685,0.0022703985959311446,0.0066608954284363975,0.002103790055541843,0.005824820382941039,0.006539027587735132,0.004634446911994772,0.006845657532998335,0.007100143068255645,0.007533303930027675,0.006960930613653993,0.0034187509538619785,0.0033999072681523876,0.0018668365827390805,-0.0002715760723785247,-0.0013958609838319684,-0.00210741845107106,-0.00048356302479094876,-0.003097745239848848,-0.0029901589466308684
2018-10-01,-0.005515190278800948,-0.024709086383389273,-0.007491905255183913,-0.0008687795060466167,0.009957028164484072,0.011284390531034324,0.009483606507583175,0.009602645588064599,9.043855875153402e-05,0.005693052708787505,-0.0009563547417617002,0.003032446879655204,0.010846919389930617,0.006901683464508442,0.0043090747139319,0.009042910229615822,0.0031476647599673058,0.008467423622488349,0.00987840131978975,0.006639833715045877,0.010117416958526526,0.012093265361787786,0.010040295958371045,0.012000922756984759,0.007116692472948809,0.004553709789493432,0.003910750436245595,0.0015781032425836727,0.002295106418444289,-8.471216798315122e-05,0.0014996628536871153,-0.0007220859714142472,-0.0009211226828111189
2018-10-02,0.023772680062673263,0.036571655403871674,0.018125173677772704,0.00871346532240865,-0.004035305116771563,-0.004606638032177202,-0.0049262801200479584,-0.0060644665895228655,-0.0002589129605651645,-0.009367286508241849,-0.02259380969309473,-0.011633770143855138,-0.004899106939655932,-0.005110280039114142,0.00400743702041136,-0.0006227850062285137,0.0030745046202171147,-0.003678519942179529,-0.004135511337263272,-0.0028841233431042093,-0.00475106490112361,-0.007448260979075509,-0.0033051874183381478,-0.006624612563018495,-0.007137889261042456,-0.008665870526154862,-0.0145505805099031,-0.017623386589617596,-0.015354709165613064,-0.02144479306596973,-0.007354337080904827,-0.02361115396917886,-0.01798374532361476
2018-10-03,0.024051678384202784,0.03321496038731701,0.016802753656166125,0.007952050702780156,4.201058557621688e-06,-0.0022966178477306087,0.002328960771750784,0.002032210582190608,0.00031857066558623376,0.0014502685222875418,-0.011796464950134755,-0.004504617296419748,0.0009191168313164392,0.002383655193838171,0.007591929359563506,0.004435907960426515,0.006104032985732329,0.0028848655114697883,1.323676884220267e-05,0.00046117134824748735,2.921810462315951e-06,-0.0014289262199366586,0.0027340048113861926,0.0006435046974537784,0.0012704315495373208,-0.0007083581214152682,-0.0040123549990092044,-0.007777476544136815,-0.00754922020491063,-0.011173193557119395,-0.003426673403139032,-0.01329553720025404,-0.009395244311926731
2018-10-04,-0.044902532239082436,-0.06912212433177967,-0.04005669005611464,0.0025456224052670486,0.014229620926214123,0.016938508063362907,0.015137735851268394,0.01572154669263141,0.0011114841481460285,0.01567007303414769,0.005593978291038877,0.005388408594888834,0.014521464377952912,0.013213870825358853,0.008342299451237878,0.012681465438423226,0.0075659583490942,0.01383227656709233,0.014934160617212497,0.009260118242174542,0.015177204990928969,0.01775798978324457,0.014294094654771605,0.017199061395248034,0.013685526835353143,0.010321585423940682,0.010350575003931736,0.007193232451292886,0.005787767589689056,0.005366128655307574,0.0033928838957996512,0.004619205549813543,0.0035184474717174417
2018-10-05,-0.0334273719114638,0.016792935363636314,-0.004364327888880896,-1.7245923376189392e-05,0.014217508907627815,0.01762075403207497,0.011759894488225342,0.011776567870828517,0.00015134739271645733,0.007300325239065171,-0.00011314026740224155,0.0029633413499500585,0.013821508094020865,0.0077696571665706315,0.006447775839089509,0.010049449868194968,0.003893880128229258,0.010789974857611165,0.0153617761864151,0.008771656431208363,0.01497377695250742,0.01663507698622772,0.011977670935928053,0.01578487152234735,0.010024730657015368,0.005445338175921559,0.005101259746352227,0.0027174842395769616,0.0022729454818023833,0.0006117087116720062,0.0013172915527711975,-0.0005668780030978482,-0.0005227340807758551
2018-10-06,0.07138329007620274,0.056962706484013914,0.04007400380162748,-0.016987693517436675,0.0207383961636823,0.025705147135592316,-0.013450959396070475,-0.014891204756481535,0.0019027536572346904,-0.12826276016212823,-0.1382927192833634,-0.05678490145505292,0.01339195303642319,-0.06332334114182459,-0.022218034027112605,-0.0026281128212707707,-0.03454708849446941,-0.018874435891339598,0.02291457379022077,0.010556822267121587,0.019520867351049336,0.019547146012178846,-0.0016499591214825433,0.013201101212902225,-0.034147546547707464,-0.09656110880545477,-0.3215363366286447,-0.12780383168892703,-0.07294599709647158,-0.10700808673114685,-0.03398424743213043,-0.11224247367206293,-0.07986201636036583
2018-10-07,0.0719508046348043,0.0717260660086545,0.0487309022127406,-0.026336649730058188,0.022161605553738955,0.028745669839764787,-0.01785477061773033,-0.01870638199089362,0.0020230290032072773,-0.15761334334044333,-0.17351790480176157,-0.07361572732803949,0.0129519424938076,-0.08067208750506971,-0.032943208461042595,-0.006612183409822355,-0.04540286736229149,-0.024513269720360498,0.024231687874104086,0.010704696404329953,0.02095396903186793,0.024259944701394254,-0.0051877067287563845,0.014931309433948492,-0.04159707416310887,-0.12234584203727976,-0.3834905675366616,-0.16128019427212958,-0.09496773289130782,-0.13710944351004173,-0.04406872747197088,-0.1433895034585809,-0.10260252113585455
2018-10-08,0.08026197908886774,0.047833371845907635,0.03794127458009792,-0.023173219543195362,0.03382077141583414,0.041946787148794996,-0.005447305021634523,-0.006780225083288312,0.003230268328615319,-0.14752601826626144,-0.16095084458535425,-0.06432521575430439,0.025285475875969965,-0.07159315148946128,-0.02549267253175295,0.004247421184784568,-0.039504593872742376,-0.013829407819017389,0.036321891759210224,0.0189297886461528,0.03334237206817203,0.037977616686011295,0.00710018694265635,0.02783088319039469,-0.029940581039133402,-0.11306358410392618,-0.376037486457804,-0.14952920492525154,-0.08331325460890622,-0.12374257701386633,-0.037961303958761704,-0.12938692631294124,-0.09210800293677164
2018-10-09,0.08348393111726067,0.09495495483324608,0.055538675200920075,-0.017910644430156292,0.024187969682663457,0.03025498191901832,-0.014633645437899764,-0.01612695743894399,0.0010634254474381304,-0.16185161989812258,-0.17436524543959742,-0.07296615119392769,0.015806959405316512,-0.07845610633237143,-0.024015663431955936,-0.0013092329916339907,-0.03957323940459023,-0.021105295559975683,0.026526416931801577,0.012766527725160218,0.023637865164772915,0.025583620604056872,0.00040391000107486974,0.016481083675417157,-0.03984193086648968,-0.12126917415479503,-0.38795812314534633,-0.16115058983091282,-0.0934979234268362,-0.13615806689306206,-0.0434465878654405,-0.14270585102683211,-0.10224186135965734
2018-10-10,0.10866363920392545,0.09427317204116825,0.060939608923608425,-0.01912891711872522,0.0261709464663058,0.03345395778306089,-0.011905704970248307,-0.014164214007844103,0.0011022837319094592,-0.15199297950449045,-0.16337404154330107,-0.06910611209577233,0.017850012242572138,-0.0736794931964857,-0.024624585082576367,0.00016115988329120276,-0.03841203746954699,-0.01822110667335271,0.02853616869355265,0.014067270948688796,0.026291146226163836,0.028120067105591673,0.002746759710849034,0.019288988734097384,-0.03610926787356039,-0.11437632481636022,-0.36707761429033425,-0.15131704176786176,-0.08832996820527377,-0.1279553130815009,-0.04115724914858513,-0.13315472733657696,-0.09624357256834178
2018-10-11,0.03055620707520849,-0.011591725885967167,-0.005067933713573207,-0.02084181166784127,0.04108855782249984,0.05105525955444534,0.00719032697382153,0.006309066475405523,0.002909197834883711,-0.12733541518887068,-0.1419798667963826,-0.054906468371032226,0.0348507711268479,-0.057472820221568334,-0.017352097022506285,0.014374664851446006,-0.03166967895299777,-0.0011644339656230092,0.043542640840567394,0.024195007545803726,0.04151853806054125,0.04725188718626475,0.018914828808846984,0.03850297664956356,-0.01660387781284219,-0.09836715836590375,-0.34405505630334804,-0.1312306686241834,-0.07135411180746587,-0.10733424287065674,-0.03201873438487279,-0.11257236976455154,-0.07942855372045887
2018-10-12,-0.009806322645572685,0.06333396028299158,0.025694191050889142,-0.019462007331258135,0.0363315061302553,0.0444094606985157,0.006086999719417285,0.005295734367256166,0.002844667372772373,-0.11560291506885563,-0.12653399405452634,-0.04796053950569205,0.03125791191333397,-0.05212709296004222,-0.016148582376787363,0.013167391366098494,-0.029505629672866185,-0.0015633314410334147,0.03919748823927124,0.02147635643265744,0.03684013577796789,0.041238226790892916,0.01675894471022854,0.03422579360172525,-0.015537987075475415,-0.08805211781748046,-0.3157088634177094,-0.11651914791915956,-0.06186284537041923,-0.09441450784944976,-0.028323890640291616,-0.09878123238054097,-0.06996583060542043
2018-10-13,0.06451629465447306,0.04467752338880852,0.03474289873008788,-0.006036243419335285,0.01735441065820738,0.021060517435526727,-0.008197918286642292,-0.010224061644285834,0.0013289765735177521,-0.10463519574012192,-0.12292987742604211,-0.05085569558456685,0.011454966405141617,-0.05053859162338181,-0.0128434622429765,0.001787456699327154,-0.023570017358081213,-0.012562153915826713,0.01889475979988949,0.009387900375034638,0.017031630021759447,0.018092688513432858,0.0014737167911225886,0.011320161642233076,-0.025229466513609466,-0.08007208056572838,-0.26753419268991924,-0.11181434930395273,-0.06553555868371497,-0.0964037243058223,-0.030673726062161972,-0.1016816720780908,-0.07285255982622107
2018-10-14,0.03923063229863496,0.037524976317574676,0.02386493263068464,-0.008314465162853502,0.019352927021097994,0.024166755241583182,2.6304983228087053e-05,-0.00021135731720859732,0.0023811846618236507,-0.07436237012405507,-0.09608437582630991,-0.03942879657303807,0.01595103597646948,-0.034908897312187236,-0.009081254084359447,0.00675902906023218,-0.017055608426999196,-0.004109448731208036,0.020019383763549097,0.011301207677117139,0.01985327233440722,0.023879775841349076,0.0072105788055928,0.018731674609366127,-0.012690441926332952,-0.06049989635048606,-0.20433271521492932,-0.08674501001672692,-0.0515014484923381,-0.07588026847502831,-0.023334111895534804,-0.08003741169048961,-0.056494712928316794
2018-10-15,-0.00592889992922115,-0.019275384580126936,-0.018445236563042162,-0.008234071047440672,0.03127862754330509,0.03921293253084901,0.012621239574103882,0.012320479744063917,0.002849333797573017,-0.060072328155759656,-0.07377543479050559,-0.02452471065410755,0.028158033413603196,-0.024240804306856194,-0.0034752554121075066,0.015681076161203695,-0.012843123357682451,0.007274166474584416,0.03333663963788869,0.018632059906592485,0.03245940378749731,0.03675435278188447,0.01880106508354551,0.03147121512093509,-0.0005627707777540181,-0.04789289279390611,-0.18644607751687006,-0.06684846282354713,-0.03468909222626119,-0.055003633940116536,-0.01580795969837941,-0.05825509248271121,-0.041241097872781
2018-10-16,0.047473414724381456,0.054086166741470564,0.029886698824952873,-0.01352510521663793,0.026681263506558455,0.03228270684086176,0.0020351768789126368,0.0006418317261915144,0.0010129888750762817,-0.09523729335241733,-0.1052154934733857,-0.039642052556931574,0.02183327108451009,-0.04315063971159253,-0.012050377019243275,0.008108031165887949,-0.023135902796032504,-0.004132510965849434,0.028268781722841158,0.015507932705884464,0.026617741168659375,0.028018902245579014,0.010243986210378845,0.022662140468485543,-0.015244045163577802,-0.07100645465790478,-0.2384980963756703,-0.09553054792984177,-0.05269003110637153,-0.08074886216141793,-0.023894366308704562,-0.08540389262381283,-0.06062777044813009
2018-10-17,0.04128523266918194,0.0563524925886029,0.03368120865076326,-0.009053260171726288,0.02069143180235263,0.02434465776426335,0.0010199953525941534,-0.00027913643485177886,0.0008884675456070449,-0.08390354862967915,-0.0949374922905113,-0.03583343445599496,0.016845382367303447,-0.03659850226579575,-0.008496217971450134,0.007255962392925437,-0.018641456552771274,-0.0030703007821954267,0.02193924274938149,0.011606993725968037,0.020415364681301302,0.024249013282262293,0.007741377107759166,0.018855591214440654,-0.012990812906190937,-0.06276143198343516,-0.21757545737656217,-0.08600689333692202,-0.047548770913560766,-0.07249971217802169,-0.021802345059827626,-0.07633722464527508,-0.05443303706011893
2018-10-18,0.004387704232854321,0.006190768435289466,0.02123935177653813,-0.013920679707334571,0.014823727815323373,0.0170015262798137,-0.007265589843013842,-0.00809640344294967,0.00137153631633898,-0.08745596837464031,-0.10313748085813106,-0.041168631134175904,0.010635021622655986,-0.043580636291943385,-0.016883727235910584,-0.0017420703620378102,-0.024162881926323248,-0.011180066664236913,0.015979293182402543,0.007804492395626046,0.014848751804656501,0.016137934332504617,-0.0005110698459240837,0.012002018446157928,-0.020895141375284254,-0.06757196236299438,-0.21801166962963206,-0.09277765898299577,-0.05387911255824799,-0.08041631465323047,-0.025081079316735828,-0.0855915671346068,-0.06128661795222209
2018-10-19,0.06064442090142504,0.0771820038462095,0.04013700713374154,-0.01059416873239775,0.017171401141791758,0.021874054190170966,-0.006091462739534019,-0.006927529388400799,0.0012995695792919666,-0.0842759538734974,-0.10163717737930049,-0.040729368889001506,0.011346536200492233,-0.04201519029322517,-0.015528431654375563,-1.8540078088176887e-05,-0.022221809894458506,-0.010424489597985401,0.01799912683548636,0.008752496329745027,0.015945215894794213,0.017253543073057525,0.0011053020478088982,0.012198989646260058,-0.0202718035951784,-0.06517076471770977,-0.21423663147828265,-0.09092968740975287,-0.05401743911866319,-0.0803186595937569,-0.025375946000310456,-0.08535542428179799,-0.06123021554092123
2018-10-20,0.024288848014074382,0.024720695623996924,0.021576466682986368,-0.0013060785663308039,0.01481393055219075,0.018637426500631566,-0.00025656740618984486,-0.0007603787461348451,0.0005658856137795709,-0.061173920300615116,-0.07763051611556016,-0.029589286793545593,0.012499923304491864,-0.027439955886049933,-0.0051476964037716995,0.004231731182048708,-0.012124099409520047,-0.0034802953582791694,0.0159906478507222,0.008775835076700803,0.014987853032633799,0.015640665239366136,0.004844850824778331,0.012323097447060208,-0.011094556468494035,-0.046449195082150986,-0.15697815202653942,-0.06787322208520082,-0.03988960964105518,-0.06060995064892113,-0.01887203981282089,-0.0648238345225387,-0.04653577133485479
2018-10-21,0.05276184572860698,0.0275659910010632,0.020871615950071032,-0.0029480489074013385,0.0033026981890665517,0.0033296063454069844,-0.00873376781122174,-0.00935680928482944,0.0002522136532038625,-0.046209506587178005,-0.06594992577054981,-0.02936642157140194,0.0009561044185432502,-0.02451296486760827,-0.008155802716500293,-0.0016669840858165585,-0.01103844728460975,-0.009399498112262705,0.003925075883634814,0.0013713735104010638,0.0026038823923239343,0.00250709560726096,-0.0035277666802295826,0.0002834129434567956,-0.015253344625911028,-0.03744143132712422,-0.10595614396623147,-0.05700949123691027,-0.0383130719557044,-0.05486715061567823,-0.01800763334304663,-0.05918595449537841,-0.04287739775774627
2018-10-22,-0.005524174205743619,-0.02292461998831315,-0.017967781302840418,3.488458073726738e-05,0.02192376547559416,0.024798041398001718,0.016934180193931486,0.016841394046205476,0.001498421740790808,-0.0207019696700191,-0.035578905063771,-0.009795772028400465,0.021901110090972214,-0.003941876907518645,0.004684433315734833,0.016668532872878394,-0.00035083974836661963,0.013341503056464829,0.023088803829512134,0.013920989655860971,0.02302794724370294,0.025424963501906223,0.018857975784495256,0.024378303714361966,0.010081414449582068,-0.017439648954667913,-0.08335228843874987,-0.029669377276960656,-0.015396533834810397,-0.026360964400145903,-0.006497198647063958,-0.02895388444995402,-0.019970181961573925
2018-10-23,0.04848269396097482,0.02359895937667063,0.01515845154486802,0.00796677502915788,0.006208513289377511,0.006464140500697842,0.006684424744279068,0.006264239647636079,-0.00033590744823512136,0.006682596971595937,-0.008782455169622358,-0.0008727943428918176,0.00620273641066138,0.007113539491034437,0.009126693550855602,0.0055144112139450625,0.0075675244565479955,0.006582527984711224,0.0065257401469756005,0.0036443117490874144,0.006348668254278896,0.00747827484448423,0.006325911344529385,0.006896716763586497,0.006259555341168621,0.0046667147899335975,0.006111870964107998,-0.0027852524634418194,-0.003496687933699801,-0.007276316348384881,-0.0015863918313711405,-0.00991746680431079,-0.0076405930176812005
2018-10-24,0.015513275943400018,-0.0014245370193857927,0.0007243809092966439,0.02375474385458916,-0.005203388140416543,-0.007535772996525599,0.01505487419219135,0.015444742973309703,-0.0012319307714114085,0.07613741539023759,0.05742066649194092,0.023646735903728455,-0.0005755038920343125,0.04353974411307959,0.026273159882270896,0.010518225309186668,0.03010903452136778,0.018967231249430228,-0.006488802199352624,-0.001745882556892416,-0.004716334607158738,-0.004078026775326056,0.009041586025769396,-0.0005142346637413789,0.0263859270983966,0.054000940023697964,0.1799062681525525,0.059001920136990314,0.02811529109798479,0.04161463798521492,0.012747919854051068,0.04112923719274993,0.027864492274568182
2018-10-25,-0.09594847933040314,-0.06619005114420033,-0.029326548198890617,0.020316174344587584,0.00040476252504362265,0.001226282949263376,0.023265747337017768,0.02467513446393828,-0.0007191903343303588,0.08797038510855042,0.06818238570588224,0.029368478915342482,0.006219128931314562,0.05219540122012223,0.02606863674081028,0.015380092477168242,0.03155756861521297,0.02596321462384843,-0.0004956451797468731,0.0022329878104156244,0.002044845903893607,0.0055503662953716075,0.015184301453608088,0.008654702069285017,0.03444711382751375,0.06311626458834822,0.20078715649650677,0.06920260029726322,0.03455457692883327,0.05035425242945646,0.015978669116752425,0.05041644944474388,0.034930857552004056
2018-10-26,0.02752197292368989,0.024284677673684623,0.0011205687485634404,-0.17497167340932704,-0.025453296622465277,-0.028465349939208906,-0.06699896648964258,-0.059129838893750154,0.00021893119837409122,0.0172659283922633,0.0836158391004096,0.03456239299650813,-0.03732817625462411,-0.05564097826593321,-0.26880648396542844,-0.09801956027479679,-0.1693269947861884,-0.08277186049934186,-0.02533583466017486,-0.021742224863270525,-0.02891761732441071,-0.03531475314617882,-0.07295794882549611,-0.04060961409954592,-0.05936444723370826,0.01115302942398048,0.21364668640520149,0.0718960174058972,0.046455777673268216,0.06583795027215415,0.021856984206996444,0.06785528733084718,0.04871246865231201
2018-10-27,-0.005726049482927949,-0.0115451333189401,-0.006737870993095048,-0.1755870319263435,-0.028475020467973938,-0.031968376795111254,-0.06753912712569932,-0.05832929177455851,0.00033323621770176004,0.03241262019428456,0.10078562710755919,0.04223463180407746,-0.040102261338178145,-0.050680715839293754,-0.2779879531252565,-0.09956788336214621,-0.1696447880048059,-0.08326764535860735,-0.028235321784921535,-0.023876531504367488,-0.0324183778845167,-0.03803367596078141,-0.07511304562603982,-0.043027717919491636,-0.05672590756696779,0.020908693798882716,0.2573073630000424,0.08789531658112863,0.05657788886792551,0.07964838078988142,0.026607427724027428,0.08231464285816396,0.058914398768920684
2018-10-28,-0.008958738828588922,-0.00588001347024895,-0.003634647725342018,-0.1857304815859191,-0.039913569641892487,-0.04366745894883758,-0.07764833040080947,-0.06927820781170002,-0.0004869191180366291,0.04244882686075228,0.10900891708998757,0.0414400852252097,-0.0515458659631897,-0.05179254813819748,-0.2926266436658169,-0.1133277821541639,-0.17800295839120098,-0.09234416313158829,-0.04009846073124793,-0.031052885407449438,-0.043718817959789824,-0.051645003580668515,-0.0873841664027637,-0.05685879043851679,-0.06382672012704305,0.02698986266540704,0.29951564537177394,0.0961686069320266,0.05709148670600772,0.08267947457688567,0.025975075439855406,0.08512026139511282,0.059883738507648054
2018-10-29,0.012904331201621341,-0.004915769036688704,0.01340591819214243,-0.17613701104807453,-0.042991394608757595,-0.049394824362509894,-0.08026363311861129,-0.0721862546116346,-0.0009018915398186778,0.034217548913664686,0.09636217852310451,0.0354520031548707,-0.055046490829984286,-0.05293363070116571,-0.2782919039591114,-0.11160802094776005,-0.17224647846421112,-0.09409161481612838,-0.04344801411344967,-0.033123705581110365,-0.047602005027673755,-0.05720022921234739,-0.08843637608354597,-0.06149380901660232,-0.06648986855529711,0.02162655705875179,0.2717881771604693,0.08454304671349593,0.04898586629481757,0.07226563986664629,0.021832473616616593,0.07463259037298098,0.052667030633105995
2018-10-30,0.01257281606387354,0.03365281582607752,0.016153282054903073,-0.20741757783524287,-0.03705931176565495,-0.04148791788850984,-0.08690848188980176,-0.07772750874601482,-0.00055665229553122,0.01272224798968343,0.08886758725194562,0.03493448311992431,-0.051601927705029325,-0.07205646064266613,-0.3227709736525622,-0.12363392070830563,-0.2041682455022542,-0.1052360944339797,-0.03657074950933067,-0.03054433280512529,-0.04198138089149565,-0.05083552563240031,-0.09496851608641006,-0.05676228038718634,-0.07686384238020653,0.00628738916884745,0.24134206508575407,0.0764788017329557,0.04824748757991889,0.06852792375610701,0.02242339453306356,0.07087528494790322,0.05010207401841852
2018-10-31,-0.010193253726448267,0.025558793029115456,0.012160953912780196,-0.2030421301449182,-0.03096048610818336,-0.034149433106923865,-0.08384455648665175,-0.07470669984010907,0.0007211731322476211,0.00018125644410460495,0.06945771710933475,0.027884555906513658,-0.04625103610620022,-0.07546083242885941,-0.31170256236775734,-0.11755342514100331,-0.20051040203062076,-0.10252832989182951,-0.029956328359746227,-0.02671866083449685,-0.03576826978766334,-0.04231803178501181,-0.09092279018195566,-0.050625145288851016,-0.07623713038465023,-0.005031378243902651,0.19077519778833155,0.05829488251728036,0.03907179474621655,0.053985199653299176,0.0179559318459989,0.0559924423040723,0.04000847837751298
2018-11-01,0.010345416202965918,-0.016127274564140908,0.006229095240811648,-0.19484178216488246,-0.03436925062594357,-0.038396388478193565,-0.08352153252262647,-0.07459812470815634,0.0002261907940577975,0.0030680693718529994,0.06701963167861891,0.025268621770870265,-0.04967652218117694,-0.07241705989880713,-0.3003896448966937,-0.1168074230638118,-0.19173043124907174,-0.10060994766986327,-0.03366230081830768,-0.028850186121188948,-0.03966474684792439,-0.047831393149387225,-0.09027119423633827,-0.0551328264125616,-0.07515697411233606,-0.002871892038776025,0.19670511776315683,0.05660997012674359,0.03513446027761239,0.05027946539694975,0.015839858221068443,0.05143651797273444,0.03661323007397262
2018-11-02,-0.0002950463126161947,0.013801880896680588,-0.005961107370521468,-0.14639235847028065,-0.019866348111750476,-0.022039879441483556,-0.05077446594483496,-0.04334295729151035,-8.84225762206962e-05,0.034717408483987335,0.08345413334517963,0.03546730650936336,-0.029300540745930508,-0.03521775357633613,-0.2205259471864466,-0.0809433414905385,-0.13826992118467096,-0.06406338448406797,-0.01951677542095324,-0.01732305534495963,-0.022681839181188046,-0.026836961668168513,-0.059212741757893816,-0.03133879849473479,-0.04128430234527336,0.022785372411584365,0.21602357620321597,0.07444652948078989,0.04697838840112686,0.06532528991863511,0.021931501481377385,0.06727207756382884,0.04777429372936748
2018-11-03,0.021744003643910197,-0.010942777387627167,-0.0034573829358640986,-0.11552311319656401,-0.02250743572836929,-0.026810042671124634,-0.04857586402845696,-0.04360015220112986,-0.0006943929825089512,0.01961565693038943,0.060076001345202044,0.024050134287304736,-0.030657632589745038,-0.03584372402361454,-0.1896190661251985,-0.06991080764716173,-0.11385501091936057,-0.05849396417868006,-0.022194174364599323,-0.018407192161591368,-0.025411841005780644,-0.030863104299448274,-0.053391882381162915,-0.034256298267054675,-0.0416864567667344,0.010917831208261694,0.17612152715779347,0.05309254648320453,0.032346415308230014,0.045645307220656406,0.014448047780073026,0.04686174815744545,0.03245248209781959
2018-11-04,0.0019213124158391122,0.002937190029584258,0.0015852429639684473,-0.12576051249015072,-0.02492221794802152,-0.028158577942125618,-0.04990359212554463,-0.04472876012118299,-0.000238317807700561,0.029821564472743905,0.06792874392683619,0.025520962119487105,-0.033535348009393985,-0.03269905232348069,-0.19682602810132277,-0.07513574387586974,-0.11991185275644423,-0.06029600031794461,-0.024935119792575122,-0.020150641042807393,-0.02816894795121616,-0.032375885560127195,-0.05789771556589892,-0.035703794719820436,-0.04108101969779435,0.017626601920071927,0.19851271615157629,0.06117401011866056,0.03416507898340123,0.05077795607239407,0.015829958946755873,0.05176100663386496,0.03637702977695619
2018-11-05,0.03331037936802517,0.0019799636634821502,0.013811144468920547,-0.11890255988653475,-0.024669972455766558,-0.027618262350121252,-0.04967061936234026,-0.04398365841073234,-5.559929132914476e-05,0.02689737168962421,0.06346050832137913,0.024056652298720376,-0.03272549955520206,-0.03292654716565124,-0.18449720397011374,-0.07290097778747917,-0.11468712703787858,-0.058984748370518446,-0.024586008268223363,-0.018920638540914563,-0.02757307487666664,-0.030747299129510058,-0.056288947855763695,-0.0344776592562391,-0.04082758770903775,0.015960351056746685,0.1818605756961107,0.05639677563600406,0.033096369778519964,0.048012502733409214,0.015303254563517221,0.0494082474850582,0.035059799516644695
2018-11-06,0.010497631493165885,0.004479781986726532,-0.01540734003042458,-0.15042350941853813,-0.01911107095373321,-0.02082148480598356,-0.055737001875102145,-0.04854968981311725,0.00044141023993956213,0.015385440270341869,0.06580865862726644,0.02738807990758918,-0.03032455709514892,-0.04645437917705101,-0.22710165749111835,-0.08290620735016525,-0.144838938652736,-0.06940070213927463,-0.017991123867144115,-0.017068095710948583,-0.022593291722363535,-0.027856101314123787,-0.06066360434766368,-0.03363098961049271,-0.0486615951267139,0.008368868109983829,0.16847987206554027,0.057251880621771,0.037172288255205764,0.052281296453014235,0.017718846402000683,0.05408433967256402,0.03840852712118803
2018-11-07,-0.05438078573123321,0.009414570058023486,-0.005264477757137935,-0.1424638600180209,-0.008288472547835823,-0.006905351563822215,-0.04432404849813162,-0.037509950859339725,0.0011258256174242476,0.00042387042846285067,0.048594458429826126,0.02145864663971094,-0.01805124925581314,-0.04745402843603793,-0.2115205666057549,-0.07022468983628223,-0.13702293347885952,-0.05943381437615732,-0.007480676584813217,-0.009585850690260264,-0.010076509884658691,-0.01256618976938384,-0.04928649566344282,-0.01878945291803606,-0.04189835735766708,-0.0024443879006375013,0.11158346921780933,0.040045214518263116,0.028957006090214083,0.03956271414637769,0.013580872096370081,0.040868254985337714,0.030041991837064092
2018-11-08,0.008372338191278436,-0.02729319807432577,-0.003841466430885454,-0.07980862933425777,-0.01720832937446411,-0.018481827652324274,-0.03868892781418006,-0.035188251598181175,0.0001396517793059715,0.0055979550286207784,0.025021482089063223,0.006635663019984565,-0.023622078491507992,-0.03136009286026731,-0.13404951138846263,-0.05080719056112256,-0.0799711949825334,-0.04549844193930497,-0.01677861571167257,-0.013825322470712406,-0.01970109074712016,-0.022901239768153836,-0.0400968145095808,-0.025851964193803312,-0.03494246790777744,-0.0011339743745019486,0.09649535999303686,0.02235821520008911,0.010418231168979553,0.016572478134965134,0.0041764533541289355,0.016968038182120893,0.011680295121681894
2018-11-09,-0.004334618883262771,0.010783947699467037,0.0032878208855917634,0.12466380296860091,-0.007075818968350411,-0.011236790508036462,0.04050992255603673,0.03677581446291297,-0.0019470042377400059,0.07903414523349461,0.01806956931493116,0.0036996831812616073,0.004332851173568446,0.07670720450758524,0.17724105691742142,0.05409139660502257,0.12673474347242575,0.05593779121755382,-0.009663758679231785,4.687303891544777e-05,-0.005194898255620177,-0.004457321927178626,0.036970399905582596,0.004994553445104503,0.05195749105304396,0.056002347387858066,0.11007809604805925,0.02683385909381168,0.0019715763607803063,0.007233135977978773,0.00041692835937823247,0.005127472577669027,0.002076819477334624
2018-11-10,-0.027263220026683726,-0.02728111069299081,-0.018507926528361196,0.12360681548245693,0.008429740970642344,0.007817833074033054,0.06021537583157599,0.05663986311317082,-0.0016108873996169375,0.09755089976861253,0.045976066278791215,0.0207658315102582,0.021420968313713946,0.09342751066558493,0.1872053336712156,0.06879591065011592,0.13355607152436347,0.07366170985159955,0.006733251411187228,0.010807785265877593,0.01196538431561874,0.016048154494644546,0.054873768876440465,0.02460784596624836,0.0717072266651136,0.07357836502253405,0.135117560296402,0.05134471108777886,0.022736037040988737,0.03284517925851412,0.01056550372897854,0.03268887724330819,0.022821741273646445
2018-11-11,-0.0326854119097888,-0.027157161731387564,-0.01845944781996156,0.1360341850117157,0.004612489486164624,0.004400866777203009,0.06291979504292951,0.05893511664673993,-0.0011545057222308586,0.1091518375444318,0.04378642117139867,0.016711399515809983,0.02024431055987434,0.10060754660424287,0.2035331198165061,0.07259591064681696,0.14670622189902627,0.07807280587559795,0.0025220158935666723,0.009041366912692084,0.009058681043320268,0.014517529877161076,0.05635469759931618,0.024094972449986447,0.07532943463186825,0.07855482920229544,0.1459509938907789,0.05119270724228908,0.017912706468787398,0.029023292527969424,0.00745789775650844,0.02826442845364241,0.017818032811019197
2018-11-12,-0.034276374523720086,-0.0326379859419396,-0.006918288599416715,0.1337712971679513,0.0019431132179956734,0.0008018158337158946,0.05982245019664963,0.055650869942729685,-0.0017272909555554605,0.09975161023614583,0.04070423131328068,0.015794564308376557,0.017743953061223117,0.09618871323848903,0.19668432419862217,0.0694024858417596,0.1423264988203433,0.0745666081156721,0.0005205859693910853,0.007834578821203012,0.006175712486207925,0.00962318646170098,0.053509783580527305,0.02013457823323102,0.071568691970007,0.07361498402218321,0.130374734260978,0.04710414132961501,0.01681856274714318,0.0274156563201237,0.007529617415370282,0.0265668348240089,0.01753022794269506
2018-11-13,-0.08472793384141324,-0.04859620658275432,-0.05120461664960748,0.1357613872150963,0.01910538336159166,0.020505235139745892,0.0738128865026099,0.07018214534451654,-0.00017140497853832906,0.10289388246886262,0.04521884995091637,0.023065576782421715,0.033909925720453295,0.10196735537043129,0.20627304975841376,0.08425200902818197,0.14809772779544872,0.08614701193482836,0.01805299440049879,0.018470161325422414,0.023510687447412987,0.0285168835565545,0.06854344698180448,0.038472652163966004,0.0826980351821233,0.07709674832387196,0.1130797361826709,0.050852607734026854,0.025633651150346104,0.03479220079230908,0.0119534318269127,0.03401440748154568,0.02378955278825412
2018-11-14,-0.014311325878501554,-0.01199828642885592,-0.012092482752234032,0.12027853477987567,0.016501551270259835,0.01866213429322716,0.06234170533957221,0.05777210046103972,-1.0010400970076697e-05,0.06916568468248367,0.013018712282437228,0.007638416220646131,0.029533149884408694,0.0794128393345958,0.18433014296154196,0.07298393007119615,0.12829241421436008,0.0735492250363207,0.01566894743941886,0.015806818375735904,0.020909211357743374,0.02550050296826445,0.059708164667872765,0.032918335216599225,0.06695873158112893,0.05052905897016361,0.04306368013177053,0.01976502105857521,0.006711397910787416,0.008790872128238666,0.0032118934211175323,0.007841886551528177,0.004958199392515776
2018-11-15,-0.03871808661702033,-0.05586485612868645,-0.019793225997991826,0.12952050903417303,0.009093966605292417,0.008620641881767513,0.055826018075285276,0.050626737841668344,-0.0007705844918355353,0.06210673583583404,0.003810609975913278,0.0007707171303176589,0.021879088524402828,0.07588023986941916,0.1946047036872732,0.0724166870483008,0.13542603939431994,0.06920592353253656,0.007947318601729,0.011663632821013792,0.012536938001972864,0.016195209473759853,0.05481402799765404,0.024854865949427502,0.06085215356571568,0.04587610649919327,0.03461965271106463,0.011718014908169039,-0.0019211855749109812,-0.0006589443428242822,-0.0012750067493021433,-0.0019853431009835276,-0.0019678947275805214
2018-11-16,0.01929236346706024,0.01907580387002857,0.0013384160176839188,0.10654440031021177,0.008690986354887483,0.009571728620618872,0.045089053622811015,0.0413965409811583,1.0715211251621781e-05,0.05041908540312375,-0.003761046732281651,-0.0022484883296227665,0.018935594115917276,0.06153614658035611,0.15952001439443464,0.05678782009526303,0.10900068012406372,0.05590256019092651,0.00815911305495535,0.009997619308980946,0.011537920816684219,0.015204178948419708,0.043735864899342815,0.021275393920242358,0.04970767378340035,0.03450731886195305,0.021010547881534336,0.004273746862245353,-0.0052353696268969685,-0.006251812339138259,-0.0029933791234701226,-0.008031744537487858,-0.006425182847573652
2018-11-17,-0.03194339114253486,-0.0414117114336244,-0.03313931434399642,0.12231812755740516,0.029250207774307313,0.03295532057319317,0.07620183072579471,0.07235773702110304,-0.0004092658055411628,0.08179736160484907,0.033106580586725144,0.02098442186275662,0.0427635440339594,0.09209683972355709,0.1991741546484529,0.08536818200768052,0.1360713896619862,0.08657936812992222,0.02907505970253421,0.024296665752251496,0.03352301146918565,0.04069162023858416,0.07296326168927643,0.047819979798718215,0.08123281626509164,0.0632759174872796,0.05669475493173515,0.038040594895708026,0.022247629830032107,0.02812522682234538,0.010459115364220692,0.0279006978414591,0.020197806346357556
2018-11-18,-0.003340391503759458,-0.02156787396157848,-0.01704629228757515,0.13744862582343517,0.012385148395213244,0.01330050803875249,0.0606027895423491,0.05577206296625281,-0.0004139094583669826,0.06745292899133097,0.0035827622737466904,0.0013085770388328772,0.024892857214374214,0.08233555920581725,0.2075257379500576,0.07671582755897195,0.14380214738606747,0.07487212336629145,0.010882230252327632,0.013421432422855872,0.01576044945611521,0.020836338121575853,0.05938310568440149,0.028380765273481323,0.06633707401641657,0.0484881335028596,0.03339950140987735,0.011891099199387098,-0.0025586132537318562,-0.0010131767653935124,-0.0016051838966812209,-0.0020034207565281883,-0.002072574367357305
2018-11-19,-0.006808569856114814,-0.030359777579662683,-0.008754106853280005,0.11420537004293212,0.006563536556387935,0.006424728573202643,0.0435026155142495,0.040129449055354684,-0.00017940664722893018,0.04971237495957729,-0.002624232430635883,-0.0014858369519110681,0.016629972558816892,0.06067794880108224,0.16668200503837882,0.05909523030722319,0.11602319439096369,0.05586001248635005,0.005523406699595353,0.00849985090837091,0.009181478410162333,0.011935882871772682,0.04361322003603707,0.01846566981009712,0.048317119781184026,0.03450355076601971,0.021042096260550498,0.004674953009185856,-0.004996685187832028,-0.005264906288778626,-0.0029690995548188326,-0.006773551207465663,-0.005162234416565307
2018-11-20,-0.07373950284097353,-0.008188577660155794,-0.012290665926132741,0.14173359672268226,0.009340840517471527,0.009738781801328736,0.05638315532830044,0.05122322059034623,-0.0013663428103051582,0.06008484871212971,0.0012326874400786874,0.0006737787193247987,0.021328693998593273,0.07771448302336026,0.20769335360455368,0.07440260707715633,0.14422026746298547,0.07154083839792502,0.007965708981781283,0.011196864372026086,0.01216938598707884,0.015188989103218198,0.055448236461806154,0.02386171552605454,0.06196926674024391,0.04523518886239053,0.02975143218107945,0.009630209724605562,-0.0029251432461408675,-0.002445803992520664,-0.0016329123786761694,-0.003959959661488099,-0.003548548433645197
2018-11-21,0.007219754043922204,0.005645371567900644,0.0007535551212131489,0.12036466497116116,0.011196456670023261,0.012118072535239518,0.052435075135683164,0.048880146056550444,-0.00032764402601041337,0.061280992379431076,0.007559202441044022,0.003579255496172292,0.022020396833507167,0.07202340106186493,0.1786935627861094,0.06501554155328086,0.12459737513517144,0.06480773854267863,0.010106719777493112,0.011762056211998662,0.013944032611852583,0.020014777004669543,0.050565131799243566,0.025825701000799246,0.05782146667102772,0.04341796284141027,0.03090457515649862,0.01347377240739315,0.0013565852858204626,0.003789516532053838,0.0005126871787357601,0.0026001482578354995,0.0011072444713583114
2018-11-22,-0.02578716599894489,-0.05138595176874065,-0.016585842745828156,0.11522119643573585,0.011121449734287303,0.013684629494356374,0.05056448390138139,0.046655345590190876,0.00012948484870811683,0.05505780900017706,-0.002382833703479766,-0.0015114634284785211,0.02199453730575514,0.06698417960977714,0.17136090991967498,0.0624130368187877,0.1189864701838399,0.06240624945143066,0.009958108523467088,0.011296954117522814,0.01452482925007311,0.02073073724394477,0.04855289195487522,0.025508519457680734,0.054235985106643035,0.03744907644961012,0.023428174647455613,0.0055895789301745324,-0.004629158316610038,-0.005269579694593851,-0.0026443479291783,-0.006792397567655151,-0.006066249859471462
2018-11-23,-0.008208514849945262,0.017108445623022977,0.0030449186524113734,0.06031809575792154,0.002374848996795483,0.0028436887621205997,0.024172356489657727,0.022600649771465992,0.0007825241457656654,0.029187281844469837,-0.003084386105329943,-0.003012633091447133,0.008379386538146369,0.03363073810093198,0.08760454209606754,0.029429646711864876,0.06092357589707239,0.029958826124516058,0.0017633548432008557,0.003975679418949459,0.0045665540069682225,0.007936053736228152,0.022288725551870964,0.010313843780411483,0.02664891286306581,0.018178552210838344,0.010346233457101247,0.0007572561794706445,-0.00491207678084038,-0.005307699914416967,-0.0022502583882104688,-0.0062191027963021854,-0.005136216410893013
2018-11-24,-0.03217657692437781,-0.03574030622047856,-0.02871676215223277,0.05868681340088807,0.023326123963244072,0.027437968289505104,0.045899301273652604,0.04511755946006257,0.0013704322265493118,0.052890275932491036,0.03102302467782536,0.018524822143227482,0.029988458954411417,0.05323663074106003,0.10147884512303455,0.04860285424238627,0.06993055472532816,0.049819078009455765,0.022731337758249797,0.017587936466158638,0.025708333302908965,0.030919212140411528,0.044087261782870556,0.03402450230349707,0.04843737660655852,0.039744309683237944,0.039927834286985174,0.03132187610663628,0.021553066158191452,0.027680997893316572,0.010900949633909049,0.028649335368530277,0.02141079097360965
2018-11-25,-0.022695788565839425,-0.017635297080604555,-0.011047544846649457,0.05941963948022592,0.004737119799318457,0.006631071612845041,0.02483878610551719,0.023628822143520505,0.0008088765987605365,0.030733273927434485,-0.003522020521460926,-0.0033973154010252435,0.009841105184680288,0.03492198198298594,0.09080276717281466,0.030911036162648564,0.061974860650348816,0.031093710515797863,0.0044115596137756325,0.005171673379677759,0.007088798447315803,0.009166240911576177,0.023826116936057556,0.011576823359579139,0.027871803383874887,0.01908029095137594,0.010762619478616267,0.0005021151976659274,-0.004814968984023042,-0.005625221690442513,-0.002415056153287113,-0.006111027697829859,-0.004758308071673471
2018-11-26,-0.04991167906644112,-0.030779688809028077,-0.010984880406029518,0.05105084436410312,0.011669163159387116,0.015685593585385682,0.028385763388633894,0.02718141418157553,0.0011111032684582394,0.03587593842240544,0.007823084571491576,0.004412123194391289,0.015617833891647651,0.0363706038444187,0.07874517070074767,0.0314097854361964,0.055650667014186674,0.03270596612126594,0.011267987110192834,0.008897471572908286,0.012986643912056728,0.01758111860618102,0.027090412897390337,0.01867743331308051,0.030346014624737627,0.02320493590905966,0.018425061162325562,0.010060518457795098,0.00422448249723691,0.005419190878691064,0.0019638581188200868,0.0051874023221637105,0.0038197040557701456
2018-11-27,-0.009125206039350964,0.0021788406333547172,-0.006486161357901328,0.07272604418106354,0.008553191846652078,0.010263357326645442,0.034205284320745065,0.03187045288184187,0.0005517305169234396,0.04097923704421813,0.00635137252116517,0.0033876576301148376,0.01547142234699598,0.04516049481181946,0.10488414608218373,0.03918842722072391,0.07433016672241936,0.04042569506605561,0.007775811820738869,0.008133405693229475,0.010507367048306016,0.015286836759062913,0.032607197760326834,0.017954369552038624,0.036639530516402154,0.027524820774684027,0.02093930902273744,0.010371506903327147,0.002410329709830054,0.003981835705813748,0.0008050564635834571,0.0037245884025015976,0.0019767158874754998
2018-11-28,-0.043000093152886144,-0.032780530141904705,-0.037633231369561315,0.06461960686349677,0.021231435264653875,0.026741944833814202,0.041981541140616585,0.041165018025967726,0.0019947009436336316,0.05191756971584353,0.019839812575855948,0.012459061927067397,0.02620964175717333,0.050012317675897165,0.10366635787872698,0.04605962302628471,0.07201703417777328,0.046865186155957105,0.020774350939941993,0.01579605769226422,0.023479948472412637,0.02924320844072111,0.040725786942940566,0.031198183825003056,0.04465730946041783,0.03500952273097339,0.03266864103594921,0.022051484759880207,0.012928041946400922,0.016589109577762013,0.006281994993096933,0.017150818145655222,0.012091556858119764
2018-11-29,0.011180149702914477,-0.03897834330797186,-0.0106639940587027,0.04983979004794836,0.012981352700615586,0.016503411476573564,0.03058319464447538,0.029964522188514902,0.0020016583632394003,0.041477948340734073,0.012491189854131335,0.00699721936985398,0.017712101774850275,0.03832530570857706,0.0796898273398865,0.03478526823442252,0.05611050101889189,0.03511578444273796,0.012441930861491812,0.010594290913637098,0.01472876052231964,0.01973895643076773,0.030078942899590306,0.02111631002637419,0.033096729944761094,0.026232704374661964,0.022445842877889238,0.014260986384055188,0.007472707683207662,0.010038904335795648,0.0034958536504510937,0.009818142257400039,0.007707072790616702
2018-11-30,-0.0010241698819258478,0.01795806122442478,0.002235094092945644,0.009260143728309522,0.003612297395152453,0.006840722007528536,0.00511628340141268,0.004864113222348958,0.0012352067141444916,0.009688459979351194,-0.002402128445604982,-0.0020332445673467703,0.0035845617494748203,0.006364573141200462,0.0115175657467681,0.005650310918001426,0.008969420733436392,0.005259324557801352,0.0035267654562011566,0.002643994993788349,0.004084954734469311,0.005922076114233714,0.004746049591259016,0.004049007050176042,0.005245845994804377,0.0033447619736426404,0.0008195594983308278,-0.001568675652657466,-0.0029487502694607315,-0.00297101172569351,-0.0016575110796782273,-0.0028536467671411714,-0.001970950828304711
2018-12-01,0.022883266657673634,0.005361541368545571,0.010236012417904247,0.005534225580636469,-0.004112512379559045,-0.003971877682899934,-0.006170404184672999,-0.00571489051665619,0.001541291088130059,0.0002381817414158031,-0.010545065287374792,-0.006897526956145465,-0.004982698105783001,-0.0038148205532599158,-0.000763288753695394,-0.005525753411563213,-4.043730462921502e-05,-0.005552765726062485,-0.00440600612606179,-0.003059584826359263,-0.004697560183810919,-0.003963806042245999,-0.005868165570520685,-0.004794434397807319,-0.005152725301207066,-0.005031261706140988,-0.007523295212462718,-0.009150686210153284,-0.008538865861045982,-0.01001575976159567,-0.0039593644752535795,-0.010872034165781605,-0.007812064621300685
2018-12-02,0.02800921841749397,0.010622994513182013,0.00995686939932868,-0.0023512416846041737,0.0024181784865205578,0.005220960070529597,-0.0008790731427644379,-0.00028593763743038164,0.002032805633098119,0.007179450882539425,-0.00493790096232279,-0.0033818376096853933,0.0014541000539957476,0.00016041035693673913,-0.0035825788489622923,-0.002173169266045013,-0.0017415718596727932,-0.0010988962852144606,0.002539571295916273,0.0012030347190205386,0.0023580161204206362,0.004737294610589693,-0.0007562730338316707,0.002318590417212422,-0.0005139599388185682,-0.0009806498316091705,-0.0037240040398843397,-0.005076978963381329,-0.004530331476594244,-0.005631527455258005,-0.0017892037195658499,-0.005747172571767933,-0.003736369174805058
2018-12-03,-0.07428212494620245,-0.034041214005006815,-0.014094081359676972,-0.0010285905488792342,0.01348601498109788,0.017460469784942312,0.012095589639678828,0.013592566368635298,0.001984513438499332,0.020171662987606826,0.012813938048082582,0.008673282238564894,0.013577119293298523,0.011659470885104698,0.0045105313317170825,0.009784522966752066,0.004355420152591864,0.010529671082008937,0.014288864310816626,0.008434348018824108,0.01446231953066827,0.02005023392715947,0.012150891877047579,0.016904819959854638,0.012575562027329864,0.01081884361722659,0.012760069399290863,0.011718725815338319,0.010391936451909759,0.012164226577455453,0.004863700094809668,0.012944734552738701,0.010242395796018341
2018-12-04,0.02166372101685295,0.0220186461255724,0.014421330701734014,0.000975350019357298,0.002953744169570468,0.004785007852051197,-0.0027038647126609305,-0.0015664123211681276,0.0015923386098082304,0.003137769684035341,-0.005908571913953627,-0.0036213046572400507,0.0007673710896899758,-0.0013814184539097478,-0.003438932447257977,-0.003019400757809857,-0.0018137666855858232,-0.00244914996642868,0.0029491566460544405,0.0010767844275703098,0.0024294108477353285,0.004057507573574111,-0.0015365777061768782,0.0018027585244115112,-0.0018629410135607334,-0.0025306094604058416,-0.0045335222124508094,-0.005088184015735742,-0.004424270717399518,-0.005751585597436086,-0.0022546631172695917,-0.005856082331084996,-0.00451731730514382
2018-12-05,-0.02477025303178415,-0.020007450792486853,-0.027692174558690514,-0.002725676208576999,0.013274702182363226,0.01766354994033718,0.010750142232946716,0.011927416696157303,0.0018783024374264083,0.017221894297982782,0.01393788086911544,0.008166222401488751,0.012761412533711733,0.009935890412971679,0.0008196959481590049,0.005832654485174634,0.0011682205290709884,0.008940390556594421,0.013764282763403912,0.007705546036170574,0.014064576011532992,0.018155818646365656,0.009310165361400577,0.01597568719875664,0.011030550140734322,0.009414387255739953,0.012795554464786344,0.01242073885775478,0.010031841005549916,0.012470334166966227,0.004978097863579538,0.013453926329208757,0.010726699186470215
2018-12-06,-0.010968761752970272,-0.04309865202270302,-0.007497583040771083,-0.0054212201126278,0.013088692173478892,0.017024008228415138,0.00905127903811831,0.010207559252426593,0.0020460667792040845,0.012920180294650585,0.006239288784289106,0.00510497844274127,0.011798718455828508,0.007378359943234732,-0.0004979752925042824,0.006430247293778575,-0.0003986409088089597,0.007324995114866617,0.013588291903990246,0.007967105565030034,0.013110896951870288,0.014764261184648872,0.008613976831716089,0.012930183284108073,0.008928902038663367,0.00589779459820831,0.00679952404302379,0.005688071112383082,0.005733974902534615,0.005566984913564295,0.0026285644886871276,0.005650846297002706,0.004729529238186814
2018-12-07,0.006414470879524921,0.019150134033126005,0.005332601637811685,0.0011127629424860785,0.003775743978658023,0.005904155518123251,0.0005570073047976484,0.00032182916733258793,0.0012903223853853636,0.005220110707989593,-0.00041711813359501804,-0.0003219669935517662,0.0023313280932037253,0.0017306991114951487,-0.0010296057799961862,0.00033043554147038634,0.0003210056383101308,6.709055665006976e-05,0.003686474606994672,0.001404546165180894,0.003568473886114217,0.005498520172240617,0.0008263748008087527,0.002744915749726573,0.00094793843355608,0.0010059605876104882,2.6212030713660777e-05,-0.0005353914869280866,-0.000526430765368661,-0.0007027011411106324,8.068708706628532e-05,-0.0002722908207385781,-8.570345097425047e-05
2018-12-08,-0.019277939067704253,-0.005357475339827407,-0.0023126752745129173,0.002929481885011261,0.011284777219707701,0.015034198681319092,0.00950234777544138,0.010359928791825901,0.0018689986481223997,0.014628986063801067,0.008106147529324778,0.005440916529798241,0.011241450420490592,0.00850458006550762,0.004447961863841628,0.006894819685052529,0.004251903165885196,0.008010698694177107,0.011868500098097812,0.006844734729554307,0.012080315054405766,0.015105269189366352,0.009033918143484124,0.01325055585921131,0.009570605522544184,0.007635883182306458,0.009297817915715415,0.008165826030764064,0.006916008371322964,0.007892730601563555,0.003547887815291991,0.008202082120647288,0.00624170310050746
2018-12-09,-0.056443146059685034,-0.03284420256340681,-0.02810389379165053,-0.008327480293945477,0.01913803942561258,0.02572283185518298,0.016519184350845723,0.017962014371995256,0.0025371894583751478,0.02140978726475377,0.01609464938162919,0.010657433742749115,0.019087223201553687,0.01279398151545467,0.00015755651039498866,0.010699957022226,0.0004709273000464975,0.013563798694570769,0.019858915759940626,0.011830372821498791,0.019845988808621467,0.024916817868528323,0.01510753071031079,0.022469662816048935,0.015700124666996256,0.012532510162839886,0.01586828394514613,0.0147604218212208,0.012892988947155182,0.015485341303583589,0.0065085767970701385,0.01589704104022645,0.012465652866834986
2018-12-10,-0.006567185003870139,-0.037916172690831175,-0.01820841311448144,-0.0020593037681736113,0.020102839010192497,0.02534489600754153,0.017452736106136218,0.018828392440179975,0.0021891936066837183,0.02344000748390081,0.020574796693245467,0.012945930907110418,0.02005059086807215,0.01567267244508308,0.00536837200063589,0.012820959189058753,0.004327958693109757,0.015177484980191855,0.02119308618662104,0.012735622333586013,0.021035691104185794,0.025881160037539413,0.01648156482076028,0.02377519992017459,0.01760742925013255,0.014517463806756817,0.019365307774577012,0.018390853418651137,0.015548838935320516,0.01905336331748882,0.007791092544536582,0.01958131170826209,0.015041201077372612
2018-12-11,-0.009221914320842442,0.012899728739161453,0.006489579355755559,0.004265464716850964,0.00724336155843434,0.009433405183067123,0.007049095605473473,0.007251443557757753,0.0009380387391540642,0.009247493940232054,0.00478230962710698,0.003795588362324113,0.0074368633920964084,0.00611195138092846,0.0047720508640993016,0.005912331324045006,0.0037301101965446413,0.005720754256469007,0.007390105228429829,0.004595833764880375,0.008037118417150305,0.010419452166955168,0.006583689575871077,0.00909776515229943,0.0064255036159049555,0.004885639879224968,0.005190473218193621,0.004698230291919477,0.004684166389615996,0.005068226339400479,0.00282422108134206,0.004921768257263241,0.004301450477766089
2018-12-12,0.035859983390990426,0.02672743965618866,0.021972212542634335,0.00652867833193671,0.003572806600579644,0.004505339218019877,0.003516540365504343,0.0036999151890867075,0.0008698566300887242,0.00900607200025405,0.0011109020434248624,-0.00047781138454923894,0.003615717920567659,0.005032295709143912,0.004575568535347537,0.00330048647329099,0.004507118458080643,0.0034748633302953045,0.0034290355197305424,0.0019420432808215555,0.0038834649966545953,0.006428608814176506,0.0030990952724758714,0.0052889713469799204,0.004635496256549428,0.003181234943945732,0.0026284498245707035,0.0013774365498762837,-0.000239956803612588,0.0007692766321968728,-2.346310896624478e-05,0.0005449346210631608,0.0008054041615078352
2018-12-13,-0.004830886567822083,-0.032885324883454636,9.982962391733945e-05,-0.0008239993895762984,0.011196940767407959,0.015922827123956356,0.009205049521838168,0.009737229953694934,0.0021653266176585952,0.015407010435526244,0.00789362987633672,0.004237894905391097,0.010911700975656006,0.008360100213293956,0.0023463468739275406,0.007390655623643087,0.0026502863082115504,0.008040230663080017,0.011316274519412714,0.006762832937001306,0.011589334777760326,0.01479076173969851,0.00934658571134032,0.012871616482517409,0.009395714929250213,0.007128998740430011,0.008305105071387745,0.007251288635810482,0.004936265768188323,0.006776587589693979,0.002587208266014921,0.0076750907303898925,0.005503186263391117
2018-12-14,0.03177737100025683,0.02253493493558197,0.00739019703462714,0.003464547595149211,0.004162739879327582,0.005556887524097813,0.0016646211757391782,0.0019836937453018657,0.0009793650654416435,0.0056905287253844845,-0.0005520882302745278,-0.00044182071087295327,0.003293731723560178,0.00206607841247101,0.0024865598303606498,0.0008734568039496793,0.0018489932015341992,0.0015037419337646796,0.003753353011828627,0.001938772404254922,0.0037918510485690504,0.005348505676957475,0.0014049794672675493,0.003663693356608396,0.001980192833074786,0.0011268402484576612,0.0006252087493094175,-0.0004783529478625444,-0.0009918607821379766,-0.0009406378532933838,-0.00015929533909542215,-0.0005334421746135595,-0.0009010207898783781
2018-12-15,0.014295179265750265,0.0023607777075254077,0.009498364407032925,0.007350241130414344,0.0005694817563757226,0.001411214390720043,0.000719981615836455,0.0007143568569946505,0.0006096029182363812,0.004648083036414619,-0.0017680825767791102,-8.900648238470883e-05,0.0004664659219990597,0.002430798300777859,0.003985878584449172,0.001480439639146643,0.00399676585748369,0.0010913084483042586,0.0009034248828478179,0.0003113100381802643,0.0006567543565788961,0.0023065302692989085,6.991703399409725e-05,0.0009595670709501292,0.0011569885863647045,0.0008629097334799477,-0.0002704612310081937,-0.0010392389061945433,-0.0003041825731632623,-0.0010294037135718526,-0.0004088790844344696,-0.001720985476519073,-0.0005431761574753816
2018-12-16,-0.08555815640297866,-0.03753286450777319,-0.030839498119674087,-0.004900169462351241,0.024052369152003372,0.029376890261079442,0.02582254841988914,0.026916503254797775,0.0020320840192550684,0.03167195436905453,0.03146770781369401,0.01989742843999398,0.025323575916579227,0.022702604682137917,0.00920777566549639,0.018218830918096767,0.007607411894681467,0.02247892629672954,0.024305619978422694,0.016158873284404685,0.025769571000058278,0.03196381873093479,0.022995197699004894,0.030033843224327523,0.025577455278766575,0.022664251672967,0.029537783272776192,0.028570256901582287,0.02361975902688081,0.02957046515220559,0.012158912456822435,0.030787204434296278,0.023413205870250014
2018-12-17,0.008561468470280017,-0.027121111343862896,-0.008097801855787049,0.0005246351843955684,0.016103782670940998,0.019571859646952145,0.015602431377589395,0.01659039675831468,0.0008244508504118286,0.01803665343773601,0.017970923198478,0.012588734141133706,0.016474219538129553,0.01406471744637372,0.006903297084579781,0.012398243045285954,0.005551055680104315,0.014025203448600365,0.016247892548358678,0.009867480380249502,0.016921836779849226,0.01983016530964843,0.015052651425078759,0.019143016317359596,0.015391699876248369,0.013016042605573652,0.017156703582367427,0.016161180318001733,0.014409951251889671,0.01713103365258206,0.007191645083760652,0.017823564272883747,0.013443858530843992
2018-12-18,0.009042091744447145,0.018047995914539428,0.011474985371724719,0.00557940536096968,0.0014823013730698165,0.0015793076234447885,0.0029956683328628366,0.0027801789621569504,0.00033538348726066164,0.003632140935263095,0.0038530748682852334,0.0015304481432358112,0.0020655330104236333,0.003156763996627454,0.004211192214624404,0.00245561403700408,0.0036516813953646476,0.002444824452452347,0.0016301253749624323,0.0009293840646626231,0.0019731938978786445,0.0014999836261241721,0.0024237786283351306,0.002117640316953384,0.0027437670936241907,0.002437671330695501,0.003356077952688885,0.0036748869562603184,0.002594564528725899,0.0035535784579373932,0.0010514579398487693,0.00384577017547875,0.0035146567019559427
2018-12-19,0.00270503715540249,0.013803753792073437,0.008761624858093064,0.0009868715784646653,0.012256699472978324,0.015705282097439266,0.010919171254560803,0.011686550221025568,0.0006996781858932266,0.013340399336807232,0.011015317259666979,0.0076387279535812995,0.012271976216086186,0.009354859878562808,0.005272918515469627,0.008798725163101059,0.004229956691194303,0.008937438666674366,0.01325722992230253,0.007308249078046576,0.012452383515427398,0.015616512492552323,0.00963717661430715,0.014140995744129489,0.010549083232812784,0.0087961741524157,0.011178360437262391,0.0100446902169636,0.008290186510865105,0.010076593333118092,0.004134111328373713,0.010427901522260955,0.008001726452572319
2018-12-20,-0.03997966340115422,-0.06746282322006714,-0.03687258311397468,-0.004310504594134142,0.018702607965829603,0.022639780123038317,0.0204655756130722,0.02186384052494983,0.0015994940025221283,0.025718951554531227,0.026923064185586654,0.01773308782530858,0.019308892264531547,0.017816693795649208,0.005715788925398109,0.013299100909389535,0.004725679567039324,0.0175667994245865,0.01991507477765057,0.011883167590409785,0.019934343143403883,0.023838583231760246,0.018008209458368302,0.02329837605428627,0.020150567522876212,0.018487734411059147,0.02470222473643909,0.02447117026856323,0.02096421396037229,0.02564475703492075,0.010998303417266856,0.02701536239991646,0.02095369147510932
2018-12-21,-0.009917770149797592,0.009741355791552072,-0.005546526441815895,-0.002756169940599721,0.015457970806014742,0.01798814459922138,0.016895824573207523,0.01799529216620943,0.0006986421362894882,0.01880696684166801,0.024146266293115854,0.015527307444575792,0.015948064461726474,0.01480249890666426,0.0053173737687139955,0.011492657724046099,0.003951971926583179,0.014722317311626654,0.015744459249557547,0.01021002382606214,0.01670317651629046,0.01972751455765624,0.015054495379536625,0.020034400214460273,0.016517316881147437,0.014875095629352408,0.020813551298733596,0.022004690129461935,0.019291539425368615,0.02295266343254661,0.009055017061156079,0.023841614870378613,0.01827484613396546
2018-12-22,-0.03525403890342815,-0.005886453456168598,0.0021700225396739845,0.005415332869044794,0.008013820546969086,0.00904975288576182,0.009550561952763973,0.00955552808105183,-0.0007306572254345648,0.008670420235034134,0.01099530936322187,0.006895179840241757,0.008597428119826075,0.008002389384883438,0.0070087139574654955,0.007803316835485259,0.006055142809206456,0.008444743665468657,0.008283905907030173,0.0053447774903829055,0.008365693316842263,0.010675647959538162,0.009107435970979516,0.010491856568576688,0.009024557009242429,0.007648929039671219,0.009261613583938733,0.009764456160708276,0.007884196691397172,0.009820367677288703,0.003811693296723521,0.01008125688739181,0.007191432029884481
2018-12-23,0.008029723488838236,0.0068893714072840355,0.010065473273569067,-0.000945897690388738,-0.0010882731696228258,-0.0007131011340630877,-0.004041340050861801,-0.003923022346613496,0.0003357045323160908,-0.0026318578118832057,-0.004127747331583424,-0.0026976157311375815,-0.002880135964490549,-0.003787699993546371,-0.002960286552073773,-0.0036017994559932967,-0.0022472264623187854,-0.004209601223193656,-0.0004466482726082077,-0.0017939807678241475,-0.0017721399387286378,-0.0029172779683547625,-0.003705200496185057,-0.0033884602799358157,-0.004173309619748859,-0.0033209997941258487,-0.004354328472368903,-0.0038915061794888572,-0.0037271358687783382,-0.003953128326514843,-0.00159181057562711,-0.004217287029316748,-0.0031693476321488965
2018-12-24,-0.009449986839458191,-0.022668706543172767,-0.002485345139702074,-0.0022937203215602033,0.014582247043133675,0.017616895737055493,0.0161517044258123,0.01700805060932146,0.0008969485055301263,0.01784683875078515,0.024108598764206828,0.014998266398703978,0.015436550913618952,0.013216271958442919,0.007604165786494921,0.011919238401749391,0.004784442359096512,0.01366492596952007,0.015013694648968881,0.009358503041587992,0.015425880357795721,0.017488778639102993,0.01446972013182594,0.017623541304472745,0.01557938858920386,0.014731496779984532,0.02149986216800522,0.02162242359413587,0.017959971651436923,0.022892874479798486,0.009303744853624174,0.024119479119375065,0.017834287034396528
2018-12-25,0.03905465133900007,0.025083602221681527,0.01800276702381372,0.005380282430473689,-0.00037701187750312687,-0.0010708636974244474,0.0028785679522356964,0.002903208026272234,-0.0004609525145659414,0.0021083991806870963,0.006196884515137076,0.003489680117962024,0.0014591832466145742,0.002967599673853923,0.0047446008097598025,0.0029662305084607135,0.0033597723813099853,0.0029244816879726208,-0.00015760596494729384,0.0006678737344912496,0.0002924492322229355,0.00033820672560539816,0.0028156365151247678,0.0014814007762149473,0.0028689622897403546,0.003518142863961534,0.004876218065663925,0.0055119787208983695,0.004664174307436338,0.005680000630814123,0.0020521030458073852,0.0061557981745498465,0.004355981934262232
2018-12-26,0.019540078383261328,0.024225720264397843,0.01868324812388078,0.001267495346548723,0.005960215591200857,0.007604228791685763,0.005103015985750581,0.005985186665805979,5.076542500592751e-05,0.00541247108979596,0.00761286101488808,0.005521714987800704,0.0062216952219724675,0.004847349002240264,0.0027182690764009365,0.0030824021583730024,0.002174837961651003,0.004748987883575732,0.006101175643103159,0.0039010689599778083,0.0063170424779783,0.007874213951835962,0.004049106190589254,0.006936722969386189,0.005419064211615421,0.004899947997985876,0.0064932767081845215,0.007158957163078424,0.006523166439850847,0.007478578539698984,0.003635448267488369,0.008248201184254178,0.00617858906364166
2018-12-27,-0.009462330499673932,-0.06156348455517927,-0.03173799458789498,-0.004822008264228295,0.01563047558115797,0.01971025431654372,0.015224490006623922,0.016581395373286217,0.00099688923921241,0.0193475980343288,0.021978996910568444,0.014621315639474552,0.016626582179635935,0.012882279900331048,0.004550771166513812,0.010417425932849037,0.003389388823195579,0.01314402492246843,0.01678943534868882,0.010119503339483119,0.016574276313089758,0.020257489175936172,0.014295667489825803,0.019093083068526973,0.015426615323640055,0.01443549960468804,0.020122350976694275,0.020089650200078246,0.01810907408093391,0.02184715505525059,0.009141344739541424,0.022418842046514047,0.01677660501269222
2018-12-28,0.016525065904525665,0.015445318287392892,0.0014705476469550522,-0.0002981697965861822,0.00917726304104042,0.011790510357926701,0.010502899084263717,0.01093144042553007,0.0002588757126649928,0.011806497348155531,0.014060026204220458,0.008677501511270039,0.009815498895742772,0.008856034087242412,0.004314134650963641,0.0072021235729407,0.003215991231890314,0.0091608259475325,0.009413086072138496,0.006095140247440807,0.010297534244039083,0.013498426535432095,0.009720656181832451,0.012653023424114451,0.010000511651989305,0.008982661280451332,0.011859581802565819,0.012403130090631542,0.010702552735768775,0.013291524509909594,0.005020952250980315,0.013598286501594892,0.010657905211304572
2018-12-29,-0.04777479698896162,-0.0036854498987750617,0.004419101952729321,0.00420504922866094,0.00820584946595441,0.009706295769533154,0.010508179307455437,0.010672446736929094,0.0003523648292433161,0.01278828283006265,0.01462513051337607,0.009050282689313072,0.009093611466470364,0.010089841200644933,0.007714070963929842,0.008309610117059663,0.005796827863532823,0.009284343066536138,0.008682689467408503,0.005565358996940439,0.009204740928697793,0.01076045376391003,0.00923894412667862,0.011222048089854239,0.010508055350246496,0.010055433165701011,0.012940581407112184,0.013273360702514244,0.011388389307825856,0.013431190733510215,0.00534332570987317,0.014438715634757257,0.010772334034924095
2018-12-30,0.022189035999294227,0.005455325283544236,0.006150298449182874,-0.0004695445430892657,0.001655480641351718,0.0014241449147303815,0.0016132969181577768,0.0019160471666476535,0.0005547543944353824,0.004891557689908825,0.004295819455786128,0.002681140965832126,0.0012560626561380535,0.0020448518965536047,0.0007873742132692799,0.001538764572496909,0.000414344905078264,0.0014274973541068547,0.0013281749220483974,0.0009332670473310619,0.001412605292624806,0.0014127274059889672,0.001688693179640192,0.00117181335428936,0.0021551178148628836,0.0022655998496524297,0.002899793028632599,0.003325400950072203,0.0029298428894207382,0.0033536006583091784,0.001608503099037743,0.004132723118204673,0.0026721078761600126
2018-12-31,-0.04153629372340643,-0.056903746119797795,-0.03710827043553907,-0.0015423000430899354,0.017029925825739294,0.021586932300789268,0.01800390754494548,0.018677392200143455,0.00017090723693780063,0.01829662172098819,0.022028137478127263,0.013895165865240422,0.01734496850536112,0.015518089721487863,0.007427710754196977,0.013610879272634454,0.005624018829744355,0.015895241159404883,0.017697765342991428,0.011086870498990523,0.018161442725727284,0.021385770121196874,0.016776941959668612,0.02012158405873817,0.017611590681423667,0.015701870456326244,0.020390203859468475,0.02020322685827895,0.01665071038486528,0.020605207056393127,0.008200729681260436,0.021554423040608246,0.016152093676184975
