pipe,n1,n4,n31,n54,n105,n114,n163,n188,n215,n229,n288,n296,n332,n342,n410,n415,n429,n458,n469,n495,n506,n516,n519,n549,n613,n636,n644,n679,n722,n726,n740,n752,n769
p1,-0.0010643005,-0.0010643005,-0.0010681152,-0.7384796,-0.19220734,-0.21833038,-0.4501915,-0.42616653,0.0,-0.45567322,-0.25502396,-0.16523743,-0.27126312,-0.50567245,-0.7194977,-0.50860214,-0.7000313,-0.5077591,-0.19075775,-0.15037537,-0.22060013,-0.2616005,-0.44129944,-0.30577087,-0.45778656,-0.36658096,-0.3573799,-0.2682762,-0.18370819,-0.22453308,-0.0961647,-0.22808075,-0.16984558
p2,-0.0010604858,-0.0010566711,-0.0010643005,-0.7399521,-0.19923782,-0.22613525,-0.46299744,-0.43723297,0.0,-0.45934296,-0.25701523,-0.16653442,-0.2812004,-0.51216125,-0.71741295,-0.54684067,-0.6985321,-0.51981735,-0.19771576,-0.15624619,-0.2285881,-0.27062225,-0.46360397,-0.3158989,-0.46777344,-0.36948013,-0.36019897,-0.27038956,-0.18513107,-0.22628784,-0.096912384,-0.22985458,-0.17116547
p3,-0.0009098053,-0.00090789795,-0.00091552734,-0.64045715,-0.17911911,-0.20367432,-0.4209671,-0.40202332,0.0,-0.46223068,-0.25845337,-0.16749191,-0.2526703,-0.495636,-0.66335106,-0.4559784,-0.6687393,-0.46913147,-0.17780685,-0.13972092,-0.20565414,-0.2443695,-0.4040451,-0.28598404,-0.43654633,-0.37184143,-0.36233902,-0.2719841,-0.18615723,-0.22752762,-0.09745407,-0.23111343,-0.17210007
p4,-0.0009803772,-0.0009765625,-0.0009841919,-0.67053986,-0.21989441,-0.24873734,-0.48849106,-0.45573425,0.0,-0.4384079,-0.2457161,-0.15917969,-0.310318,-0.4976883,-0.65254784,-0.61125183,-0.6377144,-0.52780914,-0.21813965,-0.17408752,-0.25185013,-0.29575348,-0.5578575,-0.34263992,-0.47704315,-0.35274887,-0.34412766,-0.25835037,-0.17703247,-0.21638489,-0.092674255,-0.2198143,-0.16369247
p5,-1.1089935,-0.7075615,-0.53510666,-0.4824257,-0.1258812,-0.14331436,-0.28718185,-0.27289963,0.0,-0.2869568,-0.16696548,-0.107788086,-0.17576218,-0.317379,-0.4270172,-0.31785202,-0.41887665,-0.31999207,-0.12509155,-0.09770584,-0.14409637,-0.17103195,-0.27962494,-0.19835663,-0.29220963,-0.23342133,-0.22986221,-0.17354202,-0.120708466,-0.14770508,-0.063179016,-0.15020752,-0.111839294
p6,-0.9433727,-1.3426437,-0.82702255,-0.48339844,-0.12610245,-0.14356232,-0.28769684,-0.2733879,0.0,-0.2874756,-0.16725159,-0.107975006,-0.17607498,-0.31795502,-0.42784882,-0.31843567,-0.41967773,-0.3205719,-0.1253128,-0.09788132,-0.14435196,-0.1713295,-0.2801323,-0.19869995,-0.29273224,-0.23383331,-0.2302742,-0.1738472,-0.120918274,-0.14795685,-0.06328964,-0.15047073,-0.11203766
p7,-0.75211906,-3.055441,-0.6192627,-0.48258972,-0.12592697,-0.14336014,-0.28726196,-0.27299118,0.0,-0.28704453,-0.16701508,-0.1078186,-0.17581177,-0.31747437,-0.42715645,-0.31795883,-0.41901398,-0.32009506,-0.12513733,-0.097732544,-0.14414597,-0.17108536,-0.27971268,-0.19840622,-0.29229736,-0.23348999,-0.2299385,-0.1735878,-0.1207428,-0.14774323,-0.06319809,-0.15026093,-0.111881256
p8,-0.9488182,-0.54896927,-0.40463638,-0.4819069,-0.12577438,-0.14318848,-0.28689957,-0.27264404,0.0,-0.28668213,-0.1668129,-0.10768509,-0.17559433,-0.31707764,-0.4265728,-0.31753922,-0.4184456,-0.3196907,-0.12498474,-0.0976181,-0.14396286,-0.17087555,-0.27936172,-0.19816208,-0.29193115,-0.23319626,-0.22964859,-0.17337418,-0.12059784,-0.14756775,-0.06312561,-0.15007019,-0.11174011
p9,-0.0010604858,-0.0010566711,-0.0010643005,-0.737278,-0.20688248,-0.23457718,-0.4754219,-0.44779587,0.0,-0.46178055,-0.25832367,-0.16737747,-0.29196167,-0.5165405,-0.715271,-0.59641266,-0.696846,-0.5292511,-0.20527649,-0.16271591,-0.23723602,-0.28024292,-0.48975754,-0.32653046,-0.47673798,-0.3713951,-0.362072,-0.27178574,-0.1860733,-0.22743607,-0.097400665,-0.23102188,-0.1720314
p10,-0.0009288788,-0.00093078613,-0.00093460083,-0.66031265,-0.17749405,-0.20173645,-0.41568375,-0.39494324,0.0,-0.4340515,-0.24328613,-0.15763855,-0.25030136,-0.4746666,-1.782795,-0.46150208,-0.65605927,-0.46635818,-0.1761818,-0.13864899,-0.20371628,-0.2417984,-0.4040146,-0.2826271,-0.42594147,-0.34941864,-0.34074402,-0.25582886,-0.17528915,-0.21424484,-0.09176636,-0.21764374,-0.16207504
p11,-1.3417645,-0.567646,-0.41220093,-0.48191833,-0.12577438,-0.14318848,-0.286911,-0.27264404,0.0,-0.28668976,-0.16681671,-0.107688904,-0.17560196,-0.31707764,-0.42658615,-0.31755066,-0.41845703,-0.3196907,-0.124988556,-0.09762192,-0.14397049,-0.17087555,-0.27936554,-0.19817352,-0.29193878,-0.23320389,-0.22966003,-0.17337418,-0.12059784,-0.14756775,-0.06312561,-0.15007782,-0.11174393
p12,-0.7957535,-3.8597012,-0.66013336,-0.48275375,-0.12595749,-0.1434021,-0.2873497,-0.27306366,0.0,-0.28712845,-0.16706085,-0.107852936,-0.17586517,-0.31758118,-0.4272995,-0.318058,-0.4191475,-0.32019043,-0.12517166,-0.097766876,-0.14418411,-0.17113495,-0.27980042,-0.19847107,-0.2923851,-0.23355865,-0.22999954,-0.1736412,-0.120780945,-0.14778519,-0.06321716,-0.15030289,-0.111904144
p13,-0.9623985,-1.0104675,-1.3204575,-0.48401642,-0.12624359,-0.14371872,-0.28801727,-0.27370453,0.0,-0.28780746,-0.16743469,-0.10809708,-0.17626953,-0.31832123,-0.42837906,-0.31881714,-0.42019653,-0.32094574,-0.12545013,-0.09798813,-0.14451218,-0.17152786,-0.28046036,-0.1989212,-0.29307175,-0.23410416,-0.23052216,-0.17404175,-0.12105179,-0.1481247,-0.06336212,-0.15063477,-0.11215973
p14,-0.95531654,-1.4136429,-0.80953217,-0.48335648,-0.126091,-0.14355469,-0.28766632,-0.27336884,0.0,-0.28744888,-0.16724014,-0.10796738,-0.17605972,-0.31793594,-0.42781258,-0.3184166,-0.41964722,-0.32055283,-0.12530899,-0.09786987,-0.14434814,-0.17131805,-0.28011322,-0.19868088,-0.29271317,-0.23382187,-0.23025513,-0.17383194,-0.12091446,-0.14795303,-0.06328583,-0.15045929,-0.112026215
p15,-1.0669594,-0.88386536,-0.67090607,-0.48295593,-0.1260109,-0.14345169,-0.2874565,-0.27316666,0.0,-0.28723907,-0.16712189,-0.10789108,-0.17592621,-0.3176918,-0.42747307,-0.31818008,-0.41931915,-0.32030487,-0.12522125,-0.09780121,-0.1442337,-0.17119598,-0.2799034,-0.19854355,-0.29249573,-0.23364258,-0.23008347,-0.17370605,-0.12082291,-0.14784622,-0.06323624,-0.15035248,-0.111953735
p16,-0.9943676,-1.1490479,-0.7982254,-0.4833603,-0.12609863,-0.1435585,-0.28767014,-0.27336884,0.0,-0.28744888,-0.16724396,-0.10796738,-0.17605972,-0.31793594,-0.4278164,-0.3184166,-0.41965103,-0.32055664,-0.12530899,-0.09786987,-0.14434814,-0.17132187,-0.28011322,-0.1986885,-0.29271317,-0.23382187,-0.23025513,-0.17383194,-0.12091446,-0.14795303,-0.06328583,-0.15045929,-0.11203003
p17,-1.000248,-1.0562668,-0.88516617,-0.48366928,-0.1261673,-0.1436348,-0.28783798,-0.27352524,0.0,-0.28762054,-0.1673317,-0.10803223,-0.1761589,-0.31811523,-0.4280815,-0.31860733,-0.41990662,-0.32073593,-0.12537384,-0.09792328,-0.14442062,-0.17141342,-0.28026962,-0.19880295,-0.292881,-0.23395538,-0.23038101,-0.17393112,-0.120975494,-0.14802933,-0.06332016,-0.15054703,-0.112091064
p18,-1.000248,-1.0562668,-0.88516617,-0.48366928,-0.1261673,-0.1436348,-0.28783798,-0.27352524,0.0,-0.28762054,-0.1673317,-0.10803223,-0.1761589,-0.31811523,-0.4280815,-0.31860733,-0.41990662,-0.32073593,-0.12537384,-0.09792328,-0.14442062,-0.17141342,-0.28026962,-0.19880295,-0.292881,-0.23395538,-0.23038101,-0.17393112,-0.120975494,-0.14802933,-0.06332016,-0.15054703,-0.112091064
p19,-1.0654411,-1.1273994,-1.1455956,-0.48477936,-0.12641907,-0.1439209,-0.28841782,-0.27408218,0.0,-0.28821182,-0.16766739,-0.10823822,-0.17651367,-0.31877518,-0.42902756,-0.31927872,-0.42082977,-0.3213997,-0.12562561,-0.09812546,-0.14470673,-0.17175674,-0.28084564,-0.19919205,-0.2934723,-0.2344284,-0.2308464,-0.17428207,-0.12121582,-0.14832306,-0.063446045,-0.15084076,-0.1123085
p20,-1.0466919,-1.1083679,-1.1420364,-0.48457718,-0.12636948,-0.1438675,-0.288311,-0.27397156,0.0,-0.2881012,-0.16760635,-0.10820389,-0.176445,-0.31866074,-0.428854,-0.31914902,-0.42066193,-0.32128143,-0.12557602,-0.09808731,-0.1446495,-0.1716919,-0.28074265,-0.19911957,-0.2933693,-0.23434067,-0.2307663,-0.17421722,-0.12117386,-0.14826584,-0.06341553,-0.15078735,-0.112270355
p21,-0.92895126,-0.963665,-1.0570488,-0.48391724,-0.12622452,-0.14369965,-0.28796387,-0.27365112,0.0,-0.28775406,-0.16740799,-0.108078,-0.1762352,-0.31826782,-0.42829323,-0.31875992,-0.4201126,-0.3208809,-0.12543488,-0.097976685,-0.14448166,-0.17149353,-0.28040695,-0.19889069,-0.29301453,-0.2340622,-0.23048782,-0.17400742,-0.121025085,-0.14809418,-0.06334686,-0.15061188,-0.11213684
p22,-1.0246277,-1.0835762,-1.1073914,-0.48461914,-0.12638092,-0.14387512,-0.28833008,-0.27399826,0.0,-0.2881279,-0.16762161,-0.10821152,-0.17646027,-0.3186798,-0.4288864,-0.31918335,-0.42069244,-0.3213005,-0.12558746,-0.09809494,-0.14466476,-0.17170334,-0.28076935,-0.19913101,-0.29338074,-0.23435593,-0.23077774,-0.17422867,-0.12117767,-0.14827347,-0.06342697,-0.15079117,-0.1122818
p23,-1.0381145,-0.7810135,-0.6254883,-0.4828415,-0.12598419,-0.14342499,-0.2873993,-0.27310944,0.0,-0.28717804,-0.16708755,-0.10786438,-0.17589188,-0.31762695,-0.4273758,-0.3181038,-0.4192238,-0.32024765,-0.12519073,-0.09777832,-0.14421082,-0.17116165,-0.2798462,-0.1985054,-0.2924347,-0.2335968,-0.23004532,-0.17366791,-0.1207962,-0.1478157,-0.06322479,-0.15032196,-0.11192322
p24,-1.0420227,-0.788002,-0.6388588,-0.48291397,-0.12599945,-0.14344025,-0.28743362,-0.27314377,0.0,-0.28722,-0.16711426,-0.10787964,-0.17591476,-0.31767273,-0.42743492,-0.31815338,-0.41928482,-0.3202858,-0.125206,-0.097797394,-0.14422607,-0.17118454,-0.27988434,-0.19852829,-0.29246902,-0.23363113,-0.2300682,-0.17369843,-0.12081528,-0.14782715,-0.06323624,-0.15034103,-0.11193848
p25,-1.0476074,-1.1078949,-1.1287117,-0.48471832,-0.1264,-0.1438942,-0.28838348,-0.27404785,0.0,-0.2881775,-0.1676445,-0.108226776,-0.17649078,-0.31874084,-0.42897606,-0.31923294,-0.42077637,-0.32136536,-0.12560654,-0.0981102,-0.14468765,-0.17173767,-0.28081894,-0.19917297,-0.2934456,-0.2344017,-0.23081589,-0.174263,-0.12120056,-0.14830399,-0.0634346,-0.15082169,-0.11229324
p26,-0.8619232,-0.8667221,-0.88946915,-0.48387527,-0.12620926,-0.14368057,-0.28792953,-0.2736168,0.0,-0.28762436,-0.16738129,-0.1080513,-0.17621613,-0.3182106,-0.42824745,-0.3187294,-0.42006683,-0.32084656,-0.12541962,-0.09795761,-0.14447021,-0.17147446,-0.28037262,-0.1988678,-0.29297256,-0.23400879,-0.23043823,-0.17397308,-0.1210022,-0.14806366,-0.06333542,-0.15058136,-0.11211777
p27,-1.0589733,-1.1175537,-1.1362,-0.48484802,-0.12643433,-0.14393616,-0.28845596,-0.2741089,0.0,-0.28824615,-0.16769028,-0.10825729,-0.17653275,-0.31881714,-0.42908478,-0.31931686,-0.42088318,-0.32143784,-0.12563324,-0.09813309,-0.1447258,-0.17177582,-0.28089142,-0.19921112,-0.29351044,-0.23445892,-0.23087311,-0.17430115,-0.121227264,-0.14833832,-0.06344986,-0.15085602,-0.11231995
p28,-1.1166496,-0.8217201,-0.66558456,-0.48301315,-0.12601852,-0.14346695,-0.28749084,-0.273201,0.0,-0.2872734,-0.16713715,-0.10789871,-0.1759491,-0.31773758,-0.42752266,-0.3182068,-0.41936493,-0.32034683,-0.12522888,-0.09781265,-0.14424896,-0.17122269,-0.27993774,-0.19856644,-0.29252625,-0.23366928,-0.23011398,-0.17372513,-0.12083435,-0.14785767,-0.06324768,-0.15036774,-0.111961365
p29,-0.78736305,-0.7913971,-0.80506897,-0.48420715,-0.12628174,-0.14377213,-0.288105,-0.27378082,0.0,-0.28780365,-0.16748047,-0.108119965,-0.17631912,-0.31840897,-0.42852783,-0.31891632,-0.42033768,-0.3210411,-0.1254921,-0.09802246,-0.14455032,-0.17157364,-0.28054428,-0.19897842,-0.29314804,-0.23414612,-0.23057556,-0.17407608,-0.12107468,-0.1481514,-0.06337738,-0.1506691,-0.11218262
p30,-0.78736305,-0.7913971,-0.80506897,-0.48420715,-0.12628174,-0.14377213,-0.288105,-0.27378082,0.0,-0.28780365,-0.16748047,-0.108119965,-0.17631912,-0.31840897,-0.42852783,-0.31891632,-0.42033768,-0.3210411,-0.1254921,-0.09802246,-0.14455032,-0.17157364,-0.28054428,-0.19897842,-0.29314804,-0.23414612,-0.23057556,-0.17407608,-0.12107468,-0.1481514,-0.06337738,-0.1506691,-0.11218262
p31,-0.990221,-1.0409279,-1.0561523,-0.48476028,-0.12641144,-0.14390564,-0.28840256,-0.27407074,0.0,-0.28820038,-0.16765594,-0.10823822,-0.17649841,-0.31875992,-0.42900848,-0.31926346,-0.4208107,-0.32138443,-0.12561417,-0.09812164,-0.1446991,-0.1717453,-0.280838,-0.19918442,-0.29346085,-0.23441696,-0.23083878,-0.17427444,-0.12121582,-0.14831543,-0.06344223,-0.15082932,-0.11230469
p32,-0.9454613,-0.9914551,-1.0041924,-0.48469162,-0.12639618,-0.14389038,-0.28837585,-0.2740364,0.0,-0.28816223,-0.16763687,-0.10822296,-0.17647934,-0.31872177,-0.42894936,-0.3192253,-0.42075348,-0.32134628,-0.12560654,-0.098098755,-0.14468002,-0.17172623,-0.2808075,-0.19916534,-0.2934227,-0.23439026,-0.23080444,-0.17425156,-0.12119675,-0.14830017,-0.0634346,-0.15081024,-0.11228943
p33,-0.8089447,-0.8386917,-0.8420372,-0.48460007,-0.1263771,-0.1438713,-0.28832245,-0.27398682,0.0,-0.28811264,-0.1676178,-0.1082077,-0.17644882,-0.31866837,-0.42887497,-0.3191681,-0.42067719,-0.32128906,-0.12558746,-0.098091125,-0.14466095,-0.17170334,-0.2807579,-0.19913101,-0.2933731,-0.23434448,-0.23077393,-0.17422867,-0.12117767,-0.14827347,-0.06342697,-0.15079117,-0.11227417
p34,-0.00082969666,-0.000831604,-0.0008354187,-0.5822296,-0.15845108,-0.18014526,-0.3699875,-0.35176086,0.0,-0.38648224,-0.21743774,-0.14085388,-0.22315598,-0.42207336,-1.9712791,-0.40925598,-0.579998,-0.4144554,-0.15729523,-0.12362671,-0.18179703,-0.2158432,-0.3590889,-0.25204468,-0.3793106,-0.31153107,-0.3040886,-0.22842407,-0.15671921,-0.19153976,-0.08205414,-0.19462585,-0.14495087
p35,-0.0008983612,-0.00089645386,-0.00090408325,-0.61354065,-0.22224045,-0.25033188,-0.46974182,-0.43903732,0.0,-0.40989685,-0.23027802,-0.14915466,-0.3117981,-0.46837997,-0.59799576,-1.1953278,-0.58543015,-0.50141144,-0.2204094,-0.17834854,-0.2536354,-0.29545212,-0.5471115,-0.33961487,-0.45554733,-0.33002472,-0.3222046,-0.2419548,-0.16594696,-0.2028389,-0.0868721,-0.2060852,-0.1534729
p36,-0.0009899139,-0.0009918213,-0.000995636,-0.6901665,-0.20885468,-0.2364502,-0.4701805,-0.44116974,0.0,-0.4407692,-0.24696732,-0.15999985,-0.29441452,-0.4959526,-0.6705055,-0.7198715,-0.65420914,-0.51597214,-0.20721054,-0.16503525,-0.23923874,-0.28160477,-0.5048027,-0.326931,-0.46592712,-0.35465622,-0.34592438,-0.25969696,-0.17792511,-0.21747208,-0.09314728,-0.22092438,-0.16451645
p37,-0.0011806488,-0.0011787415,-0.0011863708,-0.8235321,-0.1900444,-0.21586227,-0.444561,-0.42076874,0.0,-0.44895935,-0.25141907,-0.16289902,-0.26815414,-0.4984398,-0.7072849,-0.50422287,-0.68831635,-0.50110626,-0.18860626,-0.1486969,-0.21809769,-0.25860214,-0.43663406,-0.30217743,-0.45178223,-0.3612442,-0.3522377,-0.26443863,-0.18111801,-0.22137833,-0.0948143,-0.22488403,-0.16746521
p38,-0.0010414124,-0.0010414124,-0.0010490417,-0.7207985,-0.1892662,-0.21502304,-0.44339752,-0.4201851,0.0,-0.45313263,-0.25364685,-0.16434479,-0.26708603,-0.5005722,-0.8270645,-0.49840164,-0.6974869,-0.49933624,-0.18784714,-0.14801788,-0.21722794,-0.25767517,-0.4335556,-0.3012085,-0.45191956,-0.36457443,-0.3554268,-0.2668152,-0.18272018,-0.22333145,-0.095653534,-0.22685623,-0.16893005
p39,-0.0010280609,-0.0010299683,-0.001033783,-0.72652435,-0.19003677,-0.21588898,-0.4451294,-0.42161942,0.0,-0.4528618,-0.25349426,-0.16424942,-0.26818466,-0.5013199,-0.71858406,-0.50148773,-0.6989136,-0.50162125,-0.18861389,-0.14864731,-0.21812057,-0.2586937,-0.4357376,-0.3023758,-0.45319366,-0.36434555,-0.35521698,-0.26665497,-0.18261337,-0.22320557,-0.09560013,-0.22673035,-0.1688385
p40,-0.0010643005,-0.0010643005,-0.0010681152,-0.7384796,-0.19220734,-0.21833038,-0.4501915,-0.42616653,0.0,-0.45567322,-0.25502396,-0.16523743,-0.27126312,-0.50567245,-0.7194977,-0.50860214,-0.7000313,-0.5077591,-0.19075775,-0.15037537,-0.22060013,-0.2616005,-0.44129944,-0.30577087,-0.45778656,-0.36658096,-0.3573799,-0.2682762,-0.18370819,-0.22453308,-0.0961647,-0.22808075,-0.16984558
p41,-0.0010032654,-0.0010032654,-0.0010070801,-0.70243454,-0.1863594,-0.21175003,-0.43673325,-0.4143982,0.0,-0.4514656,-0.25274277,-0.16376495,-0.26294327,-0.49608612,-0.76465034,-0.4879837,-0.6941452,-0.49095917,-0.18496704,-0.14567566,-0.21390915,-0.25380325,-0.4257698,-0.2967186,-0.44636917,-0.36326218,-0.35414124,-0.26586914,-0.1820755,-0.22254181,-0.09531021,-0.22605515,-0.16833878
p42,-0.0009994507,-0.0009994507,-0.0010032654,-0.7028122,-0.19883347,-0.22597504,-0.47216797,-0.44545746,0.0,-0.45990753,-0.25727463,-0.16669083,-0.2808838,-0.52599716,-0.6863823,-0.50837326,-0.670578,-0.54299927,-0.19733047,-0.15531921,-0.22834015,-0.27116394,-0.45272827,-0.31755066,-0.4779129,-0.36982346,-0.3605919,-0.2706604,-0.185318,-0.22651291,-0.097011566,-0.23008728,-0.17133331
p43,-0.0009937286,-0.0009918213,-0.000995636,-0.70482254,-0.20365524,-0.23146057,-0.48578644,-0.45673752,0.0,-0.46483612,-0.25995636,-0.16842651,-0.28783035,-0.53349304,-0.6881275,-0.51834106,-0.67268753,-0.5648651,-0.2021141,-0.15909195,-0.23392105,-0.27781677,-0.46411896,-0.32546234,-0.48877335,-0.37374115,-0.36439514,-0.27350616,-0.1872406,-0.22886658,-0.09801483,-0.23246765,-0.17311478
p44,-0.0009727478,-0.0009689331,-0.0009765625,-0.6891136,-0.2074852,-0.2358818,-0.50006866,-0.46767807,0.0,-0.46434402,-0.25966644,-0.16824341,-0.29340744,-0.53831863,-0.6736603,-0.5168495,-0.6595459,-0.5941849,-0.20591354,-0.16193008,-0.2383995,-0.28334808,-0.4712715,-0.33229065,-0.49890137,-0.37329483,-0.3639984,-0.27319717,-0.18703842,-0.22862244,-0.09790802,-0.23221588,-0.17292023
p45,-0.0009613037,-0.000957489,-0.0009651184,-0.6599846,-0.21751022,-0.24740982,-0.53751373,-0.49425125,0.0,-0.46167374,-0.25821304,-0.16728592,-0.30801773,-0.54377747,-0.64660454,-0.5181503,-0.63474655,-0.6759529,-0.21585083,-0.16946793,-0.25009537,-0.2976303,-0.49319458,-0.3497162,-0.5217285,-0.37106705,-0.36193466,-0.27162552,-0.18598557,-0.22734833,-0.097351074,-0.23093033,-0.17196274
p46,-0.0009613037,-0.0009613037,-0.0009689331,-0.6762924,-0.20112991,-0.22870636,-0.48146057,-0.4545021,0.0,-0.46138,-0.25802612,-0.16716766,-0.2842903,-0.5411339,-0.66189766,-0.5013275,-0.64855194,-0.55662155,-0.19961548,-0.15689087,-0.23108673,-0.2747574,-0.4543457,-0.32221222,-0.4884758,-0.37088394,-0.36169052,-0.27145004,-0.18585205,-0.22716522,-0.09728241,-0.23074722,-0.17182922
p47,-0.0008773804,-0.0008735657,-0.00088119507,-0.6158562,-0.22864151,-0.26016998,-0.58374023,-0.5213089,0.0,-0.4499588,-0.25193787,-0.16318893,-0.32435226,-0.5405731,-0.604887,-0.5162926,-0.59571075,-0.73667526,-0.22688293,-0.17790985,-0.26309204,-0.3133316,-0.5240898,-0.36870956,-0.5414276,-0.36167526,-0.35295868,-0.26491165,-0.18148422,-0.22184372,-0.094997406,-0.22535324,-0.16780853
p48,-0.0009613037,-0.0009613037,-0.0009651184,-0.6754303,-0.20674515,-0.23509979,-0.49967957,-0.46762848,0.0,-0.4618988,-0.2583351,-0.16736984,-0.29240417,-0.5400467,-0.6609688,-0.5094986,-0.6478081,-0.5979271,-0.20518112,-0.16123962,-0.2375946,-0.28253174,-0.46777344,-0.3314972,-0.49928284,-0.37130737,-0.36210632,-0.2717743,-0.18606949,-0.22743988,-0.097400665,-0.23102951,-0.17203522
p49,-0.00091552734,-0.00091171265,-0.00092315674,-0.6400986,-0.17814636,-0.20255661,-0.41843414,-0.39933014,0.0,-0.45645523,-0.2553177,-0.16545486,-0.2512703,-0.49054718,-0.6632786,-0.45467758,-0.668663,-0.46668243,-0.1768341,-0.13898468,-0.20451736,-0.2429924,-0.40226364,-0.2843094,-0.4332199,-0.36722183,-0.35788727,-0.26864624,-0.183918,-0.22478485,-0.096279144,-0.22833252,-0.17002869
p50,-0.000831604,-0.000831604,-0.0008392334,-0.57982254,-0.22170639,-0.25254822,-0.5697937,-0.51423645,0.0,-0.43341064,-0.24297333,-0.1573677,-0.31450272,-0.52669144,-0.5703316,-0.4879532,-0.5626373,-1.1173439,-0.22002792,-0.17198563,-0.25525665,-0.30477905,-0.49286652,-0.35948944,-0.53473663,-0.3484459,-0.34023666,-0.2553711,-0.17504883,-0.21398163,-0.09162903,-0.21738815,-0.1618805
p51,-0.00078582764,-0.00078582764,-0.00078964233,-0.5593529,-0.2140503,-0.24385452,-0.548996,-0.49588394,0.0,-0.4185295,-0.23490143,-0.15213013,-0.30348969,-0.5081787,-0.55023193,-0.47075272,-0.54288864,-1.0674248,-0.2124443,-0.16600037,-0.24641037,-0.29423523,-0.47525024,-0.34690475,-0.5158005,-0.3366089,-0.32878494,-0.2468071,-0.1692543,-0.20689774,-0.08860779,-0.21020508,-0.15653229
p52,-0.00078582764,-0.00078582764,-0.00078964233,-0.5593529,-0.2140503,-0.24385452,-0.548996,-0.49588394,0.0,-0.4185295,-0.23490143,-0.15213013,-0.30348969,-0.5081787,-0.55023193,-0.47075272,-0.54288864,-1.0674248,-0.2124443,-0.16600037,-0.24641037,-0.29423523,-0.47525024,-0.34690475,-0.5158005,-0.3366089,-0.32878494,-0.2468071,-0.1692543,-0.20689774,-0.08860779,-0.21020508,-0.15653229
p53,-0.00061416626,-0.00061798096,-0.00061798096,-0.44247818,-0.14848328,-0.16926956,-0.3519554,-0.3430214,0.0,-0.54956436,-0.51431274,-0.27330017,-0.20915985,-0.46396255,-0.44742584,-0.34298706,-0.45003128,-0.38255692,-0.1474495,-0.11493683,-0.1706047,-0.20375824,-0.32091522,-0.23915863,-0.38211823,-0.44205475,-0.90356827,-0.48532104,-0.33140564,-0.4284706,-0.16998291,-0.4446869,-0.32844543
p54,-0.0005016327,-0.00050354004,-0.00051116943,-0.35757446,-0.121730804,-0.13886261,-0.2868042,-0.27975845,0.0,-0.4322014,-0.88471985,-0.34350586,-0.17105865,-0.37410355,-0.3614769,-0.27882767,-0.36367416,-0.310997,-0.12092209,-0.09405899,-0.13978577,-0.16701508,-0.26140976,-0.19567108,-0.3111992,-0.39154816,-0.5675926,-0.60383224,-0.4494667,-0.61110306,-0.22570038,-0.64940643,-0.47388077
p55,-0.00046348572,-0.00045776367,-0.00046539307,-0.34794235,-0.11867905,-0.13539124,-0.27935028,-0.2725067,0.0,-0.41919708,-0.7113457,-0.34362793,-0.16670609,-0.36376953,-0.35173988,-0.27152252,-0.35387802,-0.30282974,-0.11789703,-0.091674805,-0.13627625,-0.16281128,-0.2546196,-0.19070053,-0.30306625,-0.38726807,-0.54141617,-0.70106506,-0.4514122,-0.62047577,-0.2222023,-0.6236038,-0.4496498
p56,-0.00043678284,-0.0004348755,-0.0004386902,-0.32891846,-0.11262131,-0.12849045,-0.26467514,-0.25824738,0.0,-0.39720535,-0.6897011,-0.35865402,-0.1580925,-0.34373093,-0.33247566,-0.25708008,-0.33451462,-0.28674316,-0.111881256,-0.086948395,-0.12929153,-0.1544838,-0.24121094,-0.18086624,-0.2871132,-0.36450958,-0.5146599,-0.56559753,-0.47809982,-0.64836884,-0.24155045,-0.7642441,-0.5309143
p57,-0.0007534027,-0.00075149536,-0.00075912476,-0.5636749,-0.1846466,-0.21033478,-0.44036865,-0.42845154,0.0,-0.5755272,-0.3189354,-0.20685577,-0.2607994,-0.58403015,-0.5712185,-0.43239212,-0.57452774,-0.48034286,-0.18331146,-0.14326477,-0.21228027,-0.253376,-0.40263367,-0.29795837,-0.4774742,-0.4619484,-0.44890213,-0.33670425,-0.22950363,-0.28048325,-0.12013245,-0.28476334,-0.21203995
p58,-0.00048446655,-0.00048828125,-0.00048828125,-0.35263824,-0.12015915,-0.1370697,-0.2829857,-0.27604675,0.0,-0.42607498,-0.83132935,-0.34427643,-0.16882324,-0.36886978,-0.35648155,-0.275074,-0.35865784,-0.30681992,-0.11936188,-0.09283066,-0.13797379,-0.16485214,-0.25792694,-0.19311905,-0.30704498,-0.387455,-0.55719376,-0.60934067,-0.4519577,-0.617424,-0.22589111,-0.6516609,-0.47206116
p59,-0.0004787445,-0.00047683716,-0.00048446655,-0.34679413,-0.11829376,-0.13494873,-0.2784691,-0.27165222,0.0,-0.4189148,-0.7713814,-0.34252548,-0.16616821,-0.36268616,-0.35057068,-0.27062988,-0.35271454,-0.30186844,-0.117507935,-0.09138107,-0.13582993,-0.16229248,-0.25379944,-0.19009018,-0.30213928,-0.3821907,-0.5457077,-0.6120453,-0.4508171,-0.6189728,-0.22423172,-0.64681625,-0.465477
p60,-0.0004196167,-0.0004196167,-0.0004272461,-0.32484436,-0.111312866,-0.12699509,-0.26151276,-0.25517273,0.0,-0.392231,-0.6794281,-0.35796356,-0.15623856,-0.33942413,-0.32835197,-0.2539749,-0.33036804,-0.28327942,-0.110580444,-0.085933685,-0.12778854,-0.1526947,-0.23832321,-0.17874908,-0.28367615,-0.3605423,-0.5076523,-0.56111526,-0.479084,-0.64992905,-0.24030304,-0.7863617,-0.52267456
p61,-0.00036239624,-0.00036239624,-0.00036621094,-0.27000046,-0.09357834,-0.10681915,-0.21878815,-0.21363068,0.0,-0.32310104,-0.5202484,-0.43982315,-0.13108826,-0.28143692,-0.2728939,-0.21208572,-0.2745781,-0.23656464,-0.092983246,-0.07213211,-0.10737991,-0.12833786,-0.199337,-0.15002823,-0.23721695,-0.31194687,-0.40583038,-0.4997177,-0.6083603,-0.6387863,-0.24816895,-0.54159164,-0.39582825
p62,-0.0003566742,-0.00035858154,-0.00036239624,-0.26846695,-0.093070984,-0.10625458,-0.21759033,-0.21245956,0.0,-0.32127,-0.5173073,-0.43696213,-0.13038254,-0.27982712,-0.27134323,-0.21090317,-0.27301025,-0.23525238,-0.09248352,-0.071746826,-0.106803894,-0.12764359,-0.19823456,-0.1492157,-0.23591232,-0.31023407,-0.40350342,-0.49689102,-0.6043663,-0.63485336,-0.24663925,-0.5384712,-0.3935547
p63,-0.00036239624,-0.00036239624,-0.00036621094,-0.27000046,-0.09357834,-0.10681915,-0.21878815,-0.21363068,0.0,-0.32310104,-0.5202484,-0.43982315,-0.13108826,-0.28143692,-0.2728939,-0.21208572,-0.2745781,-0.23656464,-0.092983246,-0.07213211,-0.10737991,-0.12833786,-0.199337,-0.15002823,-0.23721695,-0.31194687,-0.40583038,-0.4997177,-0.6083603,-0.6387863,-0.24816895,-0.54159164,-0.39582825
p64,-0.0004234314,-0.0004196167,-0.0004272461,-0.31283188,-0.10744095,-0.122600555,-0.25216675,-0.24609375,0.0,-0.37730026,-0.6458473,-0.35572815,-0.15074158,-0.32670975,-0.3162136,-0.24481583,-0.3181572,-0.27305984,-0.106739044,-0.08291626,-0.12333679,-0.14737701,-0.22980118,-0.17247391,-0.27350998,-0.34965134,-0.48605347,-0.56391144,-0.483078,-0.7173233,-0.23252869,-0.7055931,-0.4721794
p65,-0.00028800964,-0.0002861023,-0.0002937317,-0.2095604,-0.073467255,-0.08391571,-0.17095184,-0.1670456,0.0,-0.2467308,-0.35084915,-1.076561,-0.10271454,-0.21785355,-0.21185493,-0.16535187,-0.21316147,-0.18447113,-0.07301712,-0.056549072,-0.08426285,-0.10074234,-0.15567017,-0.11760712,-0.1852951,-0.25982666,-0.28808212,-0.34340668,-0.47332,-0.4005432,-0.24929428,-0.37143707,-0.29550934
p66,-0.00050735474,-0.00050735474,-0.00051498413,-0.3713417,-0.12605667,-0.14378357,-0.29730988,-0.28995132,0.0,-0.44765472,-0.5419197,-0.28619766,-0.17721176,-0.38853836,-0.37545967,-0.28919983,-0.37770462,-0.32253647,-0.12520981,-0.09743118,-0.14476776,-0.17295074,-0.27101898,-0.20269775,-0.3226204,-0.40838242,-0.5944443,-0.5845032,-0.35212326,-0.46050644,-0.17892838,-0.4718628,-0.34669876
p67,-0.0004749298,-0.00047683716,-0.00048446655,-0.3560524,-0.12121582,-0.13827896,-0.28541565,-0.27838135,0.0,-0.42214203,-0.5224457,-0.29076004,-0.1702919,-0.37186813,-0.3600521,-0.27760696,-0.36218262,-0.30950928,-0.12040329,-0.093647,-0.13918686,-0.16629791,-0.26021194,-0.1947937,-0.30960464,-0.41696167,-0.51802444,-0.7148094,-0.3509903,-0.45440292,-0.17874908,-0.459507,-0.33759308
p68,-0.0005168915,-0.00051498413,-0.0005187988,-0.38360214,-0.12999344,-0.14825058,-0.3068123,-0.29917908,0.0,-0.46393967,-0.59552383,-0.3011818,-0.18279266,-0.40146255,-0.3878498,-0.2985382,-0.3901558,-0.3329544,-0.12911606,-0.1004982,-0.14929962,-0.17835236,-0.27969742,-0.20906448,-0.33294296,-0.416008,-0.62852097,-0.58480835,-0.37585068,-0.49549103,-0.19068146,-0.5127411,-0.37680054
p69,-0.00023651123,-0.00023651123,-0.00024032593,-0.1783104,-0.06301117,-0.07199097,-0.14620972,-0.14295578,0.0,-0.21213913,-0.3296585,-0.42997742,-0.08799362,-0.18532562,-0.18025208,-0.14115143,-0.18136597,-0.15756989,-0.0626297,-0.048446655,-0.072250366,-0.08639145,-0.1330719,-0.10078812,-0.15849304,-0.21437836,-0.25826263,-0.30766678,-0.46945953,-0.37383652,-0.50156784,-0.35915756,-0.34991837
p70,-0.0004310608,-0.0004310608,-0.0004386902,-0.32331848,-0.11082077,-0.12644577,-0.2603264,-0.2540207,0.0,-0.39038467,-0.67598724,-0.35606003,-0.15553665,-0.33781052,-0.32681084,-0.25280762,-0.32881546,-0.2819786,-0.11009598,-0.085552216,-0.12721634,-0.15201569,-0.23723984,-0.177948,-0.28237534,-0.3590088,-0.5051117,-0.56054306,-0.47696304,-0.6528206,-0.23822784,-0.76662827,-0.51405716
p71,-0.00042915344,-0.0004272461,-0.0004348755,-0.3177719,-0.10903168,-0.12440872,-0.2560196,-0.24983215,0.0,-0.38375854,-0.66306686,-0.35749435,-0.15299988,-0.3319702,-0.32120132,-0.24858475,-0.32317734,-0.27726746,-0.108314514,-0.08415604,-0.12516403,-0.14955902,-0.23330307,-0.17505264,-0.27769852,-0.35318375,-0.49616623,-0.5446396,-0.47427368,-0.6272354,-0.24688339,-0.7537842,-0.5746002
p72,-0.00065612793,-0.00065231323,-0.0006599426,-0.48337173,-0.16121292,-0.1837349,-0.3831253,-0.37327576,-0.46268845,-1.6661797,-0.32048798,-0.20286179,-0.22732544,-0.50733566,-0.48885536,-0.37374878,-0.4915924,-0.41685867,-0.16007233,-0.12489319,-0.18527603,-0.22125244,-0.34938812,-0.25989532,-0.41609573,-0.43649673,-0.4705429,-0.3331833,-0.22761154,-0.2801094,-0.11886978,-0.2851944,-0.21215439
p73,-0.00065612793,-0.00065231323,-0.0006599426,-0.47894287,-0.15984344,-0.18218231,-0.37977982,-0.37002945,-0.38832474,-1.6470108,-0.31762314,-0.20105362,-0.22536469,-0.5027275,-0.48436737,-0.37043,-0.48708725,-0.41316986,-0.15871048,-0.123817444,-0.18369675,-0.21936417,-0.34631348,-0.25767136,-0.41246033,-0.43256378,-0.46617126,-0.33018494,-0.22559738,-0.2776146,-0.11781311,-0.28267288,-0.21027374
p74,-0.00064468384,-0.00064468384,-0.00064849854,-0.47062302,-0.15726471,-0.17925262,-0.37348175,-0.3639183,-0.2577057,-1.6111107,-0.3122406,-0.19766235,-0.22169113,-0.4940338,-0.47592926,-0.36418152,-0.4786148,-0.40623856,-0.15615082,-0.1218071,-0.1807251,-0.21582413,-0.34054947,-0.25347137,-0.40560913,-0.42515564,-0.45797348,-0.3245468,-0.22179794,-0.27294922,-0.1158371,-0.27791595,-0.20673752
p75,-0.0006504059,-0.00064849854,-0.00065231323,-0.46780014,-0.15639114,-0.17825699,-0.3713379,-0.3618431,-0.19694138,-1.5989532,-0.31041336,-0.19651031,-0.2204361,-0.49108505,-0.47306633,-0.3620491,-0.4757347,-0.40387344,-0.15528107,-0.12111664,-0.17971802,-0.21462631,-0.3385849,-0.25204468,-0.40328598,-0.42264557,-0.45519257,-0.32263565,-0.22051239,-0.27135468,-0.11515808,-0.27629852,-0.20553589
p76,-0.000623703,-0.00062561035,-0.00063323975,-0.46186066,-0.15454102,-0.17616272,-0.36683273,-0.3574791,-0.08033371,-1.5734863,-0.30657196,-0.19408798,-0.21780777,-0.48487473,-0.46704102,-0.3575821,-0.4696846,-0.39891815,-0.15345764,-0.11967468,-0.17758942,-0.21208954,-0.3344612,-0.24904251,-0.3983841,-0.4173584,-0.44934082,-0.31861496,-0.21780396,-0.2680092,-0.11375046,-0.27289963,-0.20301437
p77,-0.0004310608,-0.0004310608,-0.0004386902,-0.32331848,-0.11082077,-0.12644577,-0.2603264,-0.2540207,0.0,-0.39038467,-0.67598724,-0.35606003,-0.15553665,-0.33781052,-0.32681084,-0.25280762,-0.32881546,-0.2819786,-0.11009598,-0.085552216,-0.12721634,-0.15201569,-0.23723984,-0.177948,-0.28237534,-0.3590088,-0.5051117,-0.56054306,-0.47696304,-0.6528206,-0.23822784,-0.76662827,-0.51405716
p78,-0.0006504059,-0.00064849854,-0.00065231323,-0.46770096,-0.156353,-0.17821503,-0.3712616,-0.36176682,-0.50045776,-1.5986862,-0.3103447,-0.19646454,-0.2203865,-0.49097824,-0.47296715,-0.36197662,-0.4756317,-0.4037857,-0.15525436,-0.121089935,-0.17967987,-0.21457672,-0.33851242,-0.25199127,-0.40319824,-0.42255783,-0.4550972,-0.32256317,-0.22047043,-0.27129745,-0.11513519,-0.2762413,-0.20549774
p79,-0.00071907043,-0.0007171631,-0.0007209778,-0.5332184,-0.17650604,-0.20111084,-0.4206047,-0.4095993,0.0,-0.70328903,-0.35269165,-0.22314835,-0.24916077,-0.5591278,-0.5394497,-0.4109993,-0.5424042,-0.45817947,-0.17523575,-0.13685608,-0.20289993,-0.24224854,-0.38373566,-0.2848053,-0.4568138,-0.48085785,-0.5198631,-0.3669548,-0.25027847,-0.30805588,-0.1306839,-0.31359863,-0.23326492
p80,-0.0006198883,-0.00061798096,-0.00062179565,-0.44817352,-0.15026855,-0.17129135,-0.3562889,-0.3472252,0.0,-0.5567665,-0.52186584,-0.27708817,-0.211689,-0.46991348,-0.45319557,-0.3472786,-0.45581818,-0.3873253,-0.14921951,-0.11632156,-0.1726532,-0.20620346,-0.3248787,-0.24205399,-0.38682938,-0.44779205,-0.9183998,-0.49230957,-0.3360901,-0.43462753,-0.17237091,-0.4510994,-0.33316803
p81,-0.00045013428,-0.00044631958,-0.00045394897,-0.3374443,-0.42995453,-0.7945061,-0.38453674,-0.40190125,0.0,-0.2731781,-0.15556717,-0.100631714,-0.4151268,-0.3388443,-0.33358574,-0.3572998,-0.33117676,-0.3690796,-0.43868256,-0.2428627,-0.45782852,-2.2468529,-0.37366867,-0.61790466,-0.3779869,-0.22059631,-0.2164917,-0.16287231,-0.11224365,-0.13720703,-0.058776855,-0.13952255,-0.10391617
p82,-0.0004196167,-0.0004196167,-0.0004234314,-0.31617737,-0.47441864,-1.0882225,-0.35871506,-0.3713379,0.0,-0.25542068,-0.14573288,-0.09425354,-0.40782166,-0.3155632,-0.3125,-0.340065,-0.3102188,-0.34400177,-0.4912796,-0.24757004,-0.47453308,-1.1136475,-0.35495758,-0.5107155,-0.35006332,-0.2063713,-0.20265198,-0.15251541,-0.105163574,-0.12855148,-0.055072784,-0.1307373,-0.09737778
p83,-0.0006713867,-0.000667572,-0.0006713867,-0.4881668,-0.30917358,-0.36138535,-0.5730438,-0.6417122,0.0,-0.3997345,-0.22482681,-0.14554596,-0.4309044,-0.5085335,-0.48312187,-0.47234344,-0.47978973,-0.55181503,-0.30713654,-0.22827148,-0.35935974,-0.4770546,-0.4973297,-0.6450958,-0.5955391,-0.32146072,-0.3143654,-0.23601532,-0.16203308,-0.19807434,-0.08482361,-0.20126724,-0.14987946
p84,-0.00074005127,-0.0007362366,-0.00074386597,-0.5422287,-0.24873734,-0.28386688,-0.7283249,-0.595253,0.0,-0.43457794,-0.24369049,-0.15779877,-0.35417175,-0.5495491,-0.5358734,-0.49475098,-0.5312958,-0.6757431,-0.24684143,-0.19186401,-0.28703308,-0.34435272,-0.53357697,-0.40901566,-0.5983772,-0.34921646,-0.34116364,-0.25606155,-0.17556763,-0.2146225,-0.09190369,-0.21804428,-0.16236877
p85,-0.00077056885,-0.00077056885,-0.00077819824,-0.57543945,-0.2647438,-0.30275726,-0.6514549,-0.6946411,0.0,-0.4805603,-0.26831436,-0.17377853,-0.3771782,-0.62584305,-0.5704899,-0.512558,-0.5671387,-0.65345764,-0.26272964,-0.20318222,-0.30594254,-0.36956024,-0.5310745,-0.4429283,-0.78043747,-0.38551712,-0.37631226,-0.28229523,-0.19321823,-0.23619843,-0.101135254,-0.23992157,-0.17865753
p86,-0.0006656647,-0.0006637573,-0.0006713867,-0.48001862,-0.2874794,-0.32509232,-0.53370285,-0.49726486,0.0,-0.3733673,-0.21060944,-0.13633728,-0.4145279,-0.459095,-0.47311974,-0.5104332,-0.46830368,-0.530262,-0.28505325,-0.22584915,-0.33106232,-0.38403702,-0.64710236,-0.43844986,-0.48985672,-0.30068588,-0.29415512,-0.22095871,-0.15182114,-0.18560028,-0.07948685,-0.18861389,-0.14046478
p87,-0.0005264282,-0.0005226135,-0.0005340576,-0.39499283,-0.34342957,-0.39242172,-0.4509964,-0.4621315,0.0,-0.3174553,-0.17995071,-0.11645126,-0.51283264,-0.3950081,-0.3902645,-0.4204483,-0.3872223,-0.43260956,-0.34059906,-0.25226593,-0.40564728,-0.45785522,-0.4437256,-0.50569534,-0.43896866,-0.25601578,-0.2508812,-0.18857956,-0.12977982,-0.15864944,-0.06796265,-0.1612854,-0.120121
p88,-0.0007324219,-0.0007286072,-0.0007324219,-0.5486908,-0.27838135,-0.31856155,-0.68618774,-0.6789551,0.0,-0.4477272,-0.25082016,-0.162426,-0.39790726,-0.5727539,-0.54294586,-0.50855637,-0.53900146,-0.64180756,-0.2762413,-0.21292496,-0.32218552,-0.38918686,-0.5404625,-0.46653366,-0.6557617,-0.35962296,-0.3512802,-0.2636299,-0.18069458,-0.22089005,-0.09458542,-0.22440338,-0.16709518
p89,-0.0005264282,-0.0005226135,-0.0005302429,-0.39330673,-0.3123665,-0.34998322,-0.43383408,-0.43523407,0.0,-0.31129456,-0.17660141,-0.114276886,-0.44731903,-0.3834381,-0.3881035,-0.44046783,-0.38470078,-0.41968536,-0.30953598,-0.25202942,-0.3574829,-0.4054222,-0.46802902,-0.4513359,-0.41740417,-0.25115585,-0.2461319,-0.18504333,-0.12738419,-0.15571213,-0.06669617,-0.15829849,-0.11789703
p90,-0.00031471252,-0.00031280518,-0.00031661987,-0.24078369,-0.40734863,-0.3828163,-0.270504,-0.27539062,0.0,-0.19386292,-0.111312866,-0.071949005,-0.33186722,-0.23709488,-0.23790932,-0.27025223,-0.23614883,-0.2594452,-0.39507294,-0.25008774,-0.38422775,-0.35480118,-0.27946472,-0.32810974,-0.26078033,-0.15696335,-0.15443039,-0.116363525,-0.08035278,-0.098236084,-0.042087555,-0.09994888,-0.07444763
p91,-0.0005283356,-0.0005302429,-0.0005340576,-0.39957047,-0.31933594,-0.36024475,-0.44618225,-0.45018005,0.0,-0.31778336,-0.18014145,-0.116573334,-0.46596146,-0.39296722,-0.3944435,-0.439106,-0.3910942,-0.4302559,-0.3165474,-0.2511673,-0.36833572,-0.4211998,-0.4693222,-0.4722557,-0.4304886,-0.25631332,-0.2511444,-0.18878555,-0.12992096,-0.15881729,-0.06803131,-0.16145706,-0.12024307
p92,-0.00037002563,-0.00036621094,-0.00037384033,-0.2782669,-0.5210686,-0.5596428,-0.31428146,-0.32217026,0.0,-0.22450638,-0.12850952,-0.083091736,-0.37803268,-0.2758751,-0.274992,-0.30506516,-0.27298355,-0.3011284,-0.5248718,-0.24214935,-0.46625137,-0.48234558,-0.3176155,-0.4037819,-0.30448914,-0.18157578,-0.17848587,-0.13441086,-0.09275818,-0.113391876,-0.048583984,-0.11534119,-0.08591461
p93,-0.0007724762,-0.00077438354,-0.00077819824,-0.5602913,-0.28022003,-0.32127,-0.6572571,-0.84095,0.0,-0.46393585,-0.25948334,-0.16804123,-0.39930344,-0.5990486,-0.5550709,-0.51239395,-0.5515404,-0.6399689,-0.2781067,-0.21379471,-0.32434082,-0.39534378,-0.53673553,-0.47959518,-0.75634766,-0.372406,-0.36365128,-0.27285004,-0.18688965,-0.22847366,-0.09782028,-0.23208618,-0.17282104
p94,-0.0007686615,-0.00077056885,-0.00077819824,-0.57526016,-0.26503754,-0.3031006,-0.65120316,-0.69753265,0.0,-0.48056412,-0.26831436,-0.17378235,-0.377594,-0.6258545,-0.57032394,-0.5125694,-0.5669899,-0.65270996,-0.26302338,-0.2033844,-0.30628967,-0.37004852,-0.5310898,-0.44361877,-0.78484726,-0.38552094,-0.37631226,-0.2822914,-0.19321442,-0.23620605,-0.101135254,-0.23992157,-0.17865753
p95,-0.00031471252,-0.00031280518,-0.00032043457,-0.24744415,-0.4840889,-0.49111176,-0.27933502,-0.2859764,0.0,-0.19991302,-0.114746094,-0.07417297,-0.33833694,-0.24486923,-0.24455261,-0.2731552,-0.24279785,-0.2675171,-0.9663391,-0.22810364,-0.41169357,-0.425663,-0.28393555,-0.3570137,-0.27005768,-0.1618042,-0.15920639,-0.119953156,-0.08283615,-0.10126877,-0.043388367,-0.10303497,-0.07675171
p96,-0.0003414154,-0.00033950806,-0.00034713745,-0.2699623,-0.5141525,-0.595047,-0.30491257,-0.3127098,0.0,-0.21793365,-0.12483978,-0.080711365,-0.36540985,-0.26760864,-0.2667942,-0.29623032,-0.26485825,-0.29211426,-0.6740799,-0.2384491,-0.44496155,-0.5018234,-0.30825424,-0.39558792,-0.2953682,-0.17629242,-0.17333603,-0.13055038,-0.09011459,-0.11014938,-0.047195435,-0.11205673,-0.083473206
p97,-0.00037574768,-0.00037765503,-0.00038146973,-0.27980042,-0.50917435,-0.7044258,-0.31625366,-0.32482147,0.0,-0.22586823,-0.12927628,-0.08358765,-0.37590027,-0.2776909,-0.27652168,-0.30583572,-0.27450943,-0.30300903,-0.57772446,-0.24068832,-0.4554367,-0.5650215,-0.31847763,-0.4160385,-0.30674362,-0.1826706,-0.1795578,-0.13521576,-0.09331131,-0.11406708,-0.048866272,-0.11602783,-0.08642578
p98,-0.000333786,-0.00033187866,-0.00033950806,-0.26776505,-0.5254822,-0.5474739,-0.30229568,-0.3097458,0.0,-0.21610641,-0.12381363,-0.08004761,-0.36403656,-0.26526642,-0.264616,-0.2943573,-0.2626915,-0.28961182,-0.65514755,-0.23920059,-0.44600296,-0.4712181,-0.30621338,-0.38836288,-0.2926712,-0.17482376,-0.17190552,-0.12947845,-0.08937073,-0.10925293,-0.04681015,-0.11114502,-0.08278656
p99,-0.0003604889,-0.00035858154,-0.00036621094,-0.28032303,-0.50785446,-0.681736,-0.31684494,-0.32534027,0.0,-0.22626877,-0.12949753,-0.08372879,-0.3774109,-0.2781868,-0.27703285,-0.306427,-0.27501678,-0.30357742,-0.5366936,-0.24040985,-0.45928192,-0.5475769,-0.31914902,-0.41509247,-0.30727386,-0.18299103,-0.1798706,-0.13545609,-0.09346771,-0.11425781,-0.04895401,-0.1162262,-0.08657074
p100,-0.0003604889,-0.00035858154,-0.00036621094,-0.28032303,-0.50785446,-0.681736,-0.31684494,-0.32534027,0.0,-0.22626877,-0.12949753,-0.08372879,-0.3774109,-0.2781868,-0.27703285,-0.306427,-0.27501678,-0.30357742,-0.5366936,-0.24040985,-0.45928192,-0.5475769,-0.31914902,-0.41509247,-0.30727386,-0.18299103,-0.1798706,-0.13545609,-0.09346771,-0.11425781,-0.04895401,-0.1162262,-0.08657074
p101,-0.00033569336,-0.00033187866,-0.00033950806,-0.26835632,-0.5431633,-0.5215187,-0.30290985,-0.31020737,0.0,-0.21653748,-0.124053955,-0.080200195,-0.36598587,-0.2657776,-0.26519966,-0.29521942,-0.2632637,-0.2902069,-0.53948593,-0.23987961,-0.45212173,-0.4540367,-0.3071022,-0.3863678,-0.29320145,-0.1751709,-0.1722374,-0.12972641,-0.08954239,-0.10946274,-0.04689789,-0.1113472,-0.08294296
p102,-0.0004043579,-0.0004043579,-0.0004081726,-0.3018036,-0.48825073,-1.1337547,-0.34179306,-0.3524704,0.0,-0.24362183,-0.13920212,-0.09002304,-0.3971672,-0.30042648,-0.2982731,-0.32691574,-0.296093,-0.32762527,-0.51109314,-0.24551773,-0.47207642,-0.7967377,-0.34093094,-0.46726608,-0.33258057,-0.19695282,-0.19347763,-0.14564896,-0.10046387,-0.122802734,-0.05261612,-0.12490845,-0.09303665
p103,-0.0004043579,-0.0004043579,-0.0004081726,-0.3018036,-0.48825073,-1.1337547,-0.34179306,-0.3524704,0.0,-0.24362183,-0.13920212,-0.09002304,-0.3971672,-0.30042648,-0.2982731,-0.32691574,-0.296093,-0.32762527,-0.51109314,-0.24551773,-0.47207642,-0.7967377,-0.34093094,-0.46726608,-0.33258057,-0.19695282,-0.19347763,-0.14564896,-0.10046387,-0.122802734,-0.05261612,-0.12490845,-0.09303665
p104,-0.00034332275,-0.00033950806,-0.00034713745,-0.26535797,-0.5692024,-0.50097656,-0.29938507,-0.3064003,0.0,-0.21408081,-0.12266922,-0.079307556,-0.36264038,-0.26265717,-0.262228,-0.29249573,-0.26032257,-0.28684616,-0.52604294,-0.24096298,-0.44951248,-0.4398384,-0.30410767,-0.3796234,-0.2896576,-0.17319107,-0.17030716,-0.12827682,-0.08854675,-0.10824585,-0.04637909,-0.11012268,-0.082019806
p105,-0.00029945374,-0.00030136108,-0.00030517578,-0.22344208,-0.420578,-0.38897705,-0.25170135,-0.25680542,0.0,-0.18038559,-0.103832245,-0.067100525,-0.3087616,-0.22036743,-0.22081566,-0.24966812,-0.21923828,-0.24113083,-0.45918274,-0.23247147,-0.36748123,-0.34789276,-0.25872803,-0.3121338,-0.24266434,-0.14615631,-0.14391708,-0.10848236,-0.074962616,-0.0916481,-0.03927231,-0.093257904,-0.06946945
p106,-0.00029945374,-0.00030136108,-0.00030517578,-0.22344208,-0.420578,-0.38897705,-0.25170135,-0.25680542,0.0,-0.18038559,-0.103832245,-0.067100525,-0.3087616,-0.22036743,-0.22081566,-0.24966812,-0.21923828,-0.24113083,-0.45918274,-0.23247147,-0.36748123,-0.34789276,-0.25872803,-0.3121338,-0.24266434,-0.14615631,-0.14391708,-0.10848236,-0.074962616,-0.0916481,-0.03927231,-0.093257904,-0.06946945
p107,-0.0003414154,-0.00034332275,-0.00034713745,-0.25953293,-0.5068054,-0.45592117,-0.29251862,-0.2989235,0.0,-0.20922852,-0.1199646,-0.077552795,-0.35629272,-0.25654984,-0.2564621,-0.28733826,-0.25458527,-0.2803192,-0.47722244,-0.24326706,-0.4498062,-0.40943527,-0.29840088,-0.36553574,-0.28274155,-0.16932678,-0.16652298,-0.12543488,-0.08659744,-0.10585785,-0.04535675,-0.10769653,-0.08021927
p108,-0.00041770935,-0.0004119873,-0.0004234314,-0.3046913,-0.4896431,-1.2468681,-0.34505463,-0.35580063,0.0,-0.24590302,-0.14047241,-0.0908432,-0.4011345,-0.3033142,-0.30112267,-0.32997894,-0.29891586,-0.33078384,-0.50910187,-0.24733734,-0.47761917,-0.7940521,-0.34415817,-0.47083282,-0.3357849,-0.19878387,-0.1952591,-0.1469841,-0.101379395,-0.12392044,-0.053092957,-0.1260376,-0.093875885
p109,-0.00041770935,-0.0004119873,-0.0004234314,-0.3046913,-0.4896431,-1.2468681,-0.34505463,-0.35580063,0.0,-0.24590302,-0.14047241,-0.0908432,-0.4011345,-0.3033142,-0.30112267,-0.32997894,-0.29891586,-0.33078384,-0.50910187,-0.24733734,-0.47761917,-0.7940521,-0.34415817,-0.47083282,-0.3357849,-0.19878387,-0.1952591,-0.1469841,-0.101379395,-0.12392044,-0.053092957,-0.1260376,-0.093875885
p110,-0.00017356873,-0.00016784668,-0.00017929077,-0.12479782,-0.18865204,-0.18307114,-0.14044571,-0.14232254,0.0,-0.10105896,-0.058750153,-0.037914276,-0.17402267,-0.12197876,-0.12334633,-0.14407349,-0.12249756,-0.13458252,-0.18883133,-0.19773865,-0.1831398,-0.17467117,-0.14818954,-0.16621399,-0.13432312,-0.08208847,-0.08110809,-0.06124878,-0.042430878,-0.051883698,-0.02223587,-0.052833557,-0.039360046
p111,-0.0004043579,-0.0004043579,-0.0004081726,-0.30176544,-0.49077606,-1.059185,-0.34160614,-0.35186005,0.0,-0.24349594,-0.13913345,-0.089977264,-0.39964294,-0.30021286,-0.29822922,-0.32738876,-0.2960434,-0.32744217,-0.50836945,-0.24687958,-0.47934723,-0.7202225,-0.34140396,-0.46084213,-0.33218002,-0.19684982,-0.19338608,-0.14557648,-0.100414276,-0.122745514,-0.0525856,-0.1248436,-0.092983246
p112,-0.00040626526,-0.0004081726,-0.0004119873,-0.31246185,-0.48127747,-1.1407051,-0.35424805,-0.36616898,0.0,-0.2523346,-0.14401627,-0.09314346,-0.4060402,-0.31155396,-0.30881882,-0.33691788,-0.30656052,-0.3396759,-0.49944687,-0.24798965,-0.47646713,-0.98461914,-0.3515625,-0.496006,-0.34534454,-0.20391083,-0.20025635,-0.15071487,-0.10393524,-0.12704468,-0.0544281,-0.12921143,-0.096241
p113,-0.00042152405,-0.0004196167,-0.0004272461,-0.3205986,-0.45054626,-0.5562477,-0.36299515,-0.37270737,0.0,-0.25821686,-0.14729309,-0.095272064,-0.43307495,-0.31879044,-0.31679344,-0.34778976,-0.31442642,-0.34803772,-0.4496498,-0.25419617,-0.55717087,-0.5197792,-0.36333084,-0.46748352,-0.35269547,-0.2086525,-0.2048645,-0.15416718,-0.10629654,-0.12993622,-0.055667877,-0.13214111,-0.098423004
p114,-0.00041007996,-0.0004081726,-0.000415802,-0.31770325,-0.40650177,-0.45731735,-0.35946274,-0.36800766,0.0,-0.2557602,-0.14588928,-0.09435654,-0.43672943,-0.31547928,-0.31391525,-0.34584045,-0.31155777,-0.34459305,-0.40180206,-0.25299835,-0.5236244,-0.46647263,-0.36144638,-0.4418068,-0.3486519,-0.20664597,-0.2028923,-0.15268707,-0.1052742,-0.128685,-0.055130005,-0.13087082,-0.09746933
p115,-0.0005016327,-0.00050354004,-0.00050735474,-0.37928772,-0.32850647,-0.36790848,-0.4234314,-0.4289627,0.0,-0.30228043,-0.17157364,-0.11101532,-0.48723984,-0.37330627,-0.37447548,-0.42103577,-0.3713646,-0.40790558,-0.32548904,-0.2622757,-0.37799835,-0.4207077,-0.44032288,-0.4595108,-0.4093399,-0.24388504,-0.2390747,-0.17975235,-0.12375641,-0.15128326,-0.06480789,-0.15380478,-0.114551544
p116,-0.00046730042,-0.00046920776,-0.00047683716,-0.352314,-0.4075737,-0.6537361,-0.4025154,-0.42300034,0.0,-0.2855301,-0.16238403,-0.10504913,-0.4216957,-0.3550644,-0.34832,-0.3697281,-0.34581375,-0.38655472,-0.41231918,-0.24131393,-0.44789124,-2.5543098,-0.38711166,-0.70277405,-0.3975563,-0.23046875,-0.22609329,-0.17005539,-0.11714935,-0.14319992,-0.06134796,-0.14561081,-0.10844803
p117,-0.00070762634,-0.0007095337,-0.0007133484,-0.53009796,-0.25514603,-0.28878784,-0.580246,-0.5126152,0.0,-0.40427017,-0.22741699,-0.14723969,-0.36309052,-0.49300003,-0.52178764,-0.55558777,-0.51569366,-0.588089,-0.2530594,-0.20117188,-0.292984,-0.3435402,-0.8119011,-0.3977127,-0.5156174,-0.32531738,-0.31795883,-0.23876953,-0.16390228,-0.20035553,-0.085803986,-0.20357895,-0.15159988
p118,-0.0005264282,-0.0005226135,-0.0005302429,-0.39330673,-0.3123665,-0.34998322,-0.43383408,-0.43523407,0.0,-0.31129456,-0.17660141,-0.114276886,-0.44731903,-0.3834381,-0.3881035,-0.44046783,-0.38470078,-0.41968536,-0.30953598,-0.25202942,-0.3574829,-0.4054222,-0.46802902,-0.4513359,-0.41740417,-0.25115585,-0.2461319,-0.18504333,-0.12738419,-0.15571213,-0.06669617,-0.15829849,-0.11789703
p119,-0.00077819824,-0.00077438354,-0.00078201294,-0.56172943,-0.24832535,-0.282444,-0.6656761,-0.55779266,0.0,-0.43338776,-0.24305725,-0.15740204,-0.35321426,-0.5353737,-0.5536213,-0.524704,-0.5474129,-0.6669922,-0.24637222,-0.19334412,-0.28590012,-0.33999252,-0.60485077,-0.39985657,-0.5632019,-0.34838867,-0.340271,-0.25540924,-0.1751175,-0.21406937,-0.091667175,-0.2174797,-0.16194916
p120,-0.00053596497,-0.0005340576,-0.0005455017,-0.40166092,-0.3204918,-0.36177444,-0.4489746,-0.4530716,0.0,-0.3195305,-0.18109894,-0.117191315,-0.46817398,-0.39527512,-0.3965187,-0.4405899,-0.39315414,-0.43289185,-0.31770325,-0.25155258,-0.36990356,-0.42346954,-0.471447,-0.47530746,-0.4332199,-0.2577057,-0.2524948,-0.18978882,-0.13061142,-0.15965652,-0.06839371,-0.16230392,-0.12088394
p121,-0.00044441223,-0.00044250488,-0.00045013428,-0.3407898,-0.3946228,-0.45851517,-0.38649368,-0.3960724,0.0,-0.27422333,-0.15611649,-0.100990295,-0.4669304,-0.33913422,-0.33672142,-0.3683586,-0.33416367,-0.37060547,-0.39154434,-0.2537384,-0.49050522,-0.49544907,-0.38604355,-0.475235,-0.37541962,-0.22142792,-0.21728516,-0.16346359,-0.112636566,-0.13768387,-0.058986664,-0.14001083,-0.10428238
p122,-0.00044441223,-0.00044250488,-0.00045013428,-0.3463745,-0.38448715,-0.44299698,-0.3929634,-0.40238953,0.0,-0.27861404,-0.158535,-0.10256195,-0.47698212,-0.34471512,-0.34223175,-0.37413406,-0.3396225,-0.37682724,-0.38127518,-0.25365067,-0.47468948,-0.48134995,-0.39244843,-0.4720726,-0.38161469,-0.22493744,-0.22069931,-0.166008,-0.11437607,-0.13981247,-0.05989456,-0.14217377,-0.10589218
p123,-0.0007343292,-0.0007324219,-0.0007362366,-0.54768753,-0.25101852,-0.28620148,-0.7559395,-0.5887909,0.0,-0.43472672,-0.2437973,-0.15786743,-0.35742188,-0.54631424,-0.54087067,-0.50584793,-0.5358963,-0.66741943,-0.24908066,-0.19413757,-0.28949738,-0.34643936,-0.55846786,-0.41038895,-0.58984375,-0.34937286,-0.34130096,-0.25617218,-0.17564392,-0.21472168,-0.09194183,-0.21814728,-0.16244125
p124,-0.0005493164,-0.0005455017,-0.0005493164,-0.4145317,-0.33103943,-0.37935257,-0.47663498,-0.4894867,0.0,-0.33367538,-0.18884659,-0.12221527,-0.48659134,-0.4165802,-0.4096279,-0.43551254,-0.40644836,-0.4567871,-0.3284073,-0.24736023,-0.38723755,-0.45715714,-0.46079636,-0.5277481,-0.4648819,-0.26895905,-0.263443,-0.19796753,-0.13618088,-0.16647339,-0.071308136,-0.16921997,-0.12602997
p125,-0.00062942505,-0.00062561035,-0.00063323975,-0.46931076,-0.31020355,-0.3561859,-0.55737686,-0.574955,0.0,-0.3810501,-0.21475983,-0.13901901,-0.44844818,-0.48148727,-0.4641304,-0.4658661,-0.46072006,-0.53045654,-0.30782318,-0.23340225,-0.36118698,-0.436306,-0.49315262,-0.52189255,-0.54654694,-0.30669403,-0.3000641,-0.22533798,-0.15480042,-0.1892395,-0.08104324,-0.19231033,-0.143219
p126,-0.0007762909,-0.00077438354,-0.00078201294,-0.56674194,-0.26901627,-0.30702972,-0.8710022,-0.63859177,0.0,-0.453228,-0.25380707,-0.16436386,-0.38375854,-0.57325363,-0.5599899,-0.52497864,-0.5551033,-0.6807251,-0.26692963,-0.20739746,-0.31064606,-0.37281418,-0.57403564,-0.44348526,-0.63015366,-0.36405563,-0.35551834,-0.2668152,-0.182827,-0.22351074,-0.095703125,-0.22704697,-0.1690712
p127,-0.00074005127,-0.0007362366,-0.00074386597,-0.5422287,-0.24873734,-0.28386688,-0.7283249,-0.595253,0.0,-0.43457794,-0.24369049,-0.15779877,-0.35417175,-0.5495491,-0.5358734,-0.49475098,-0.5312958,-0.6757431,-0.24684143,-0.19186401,-0.28703308,-0.34435272,-0.53357697,-0.40901566,-0.5983772,-0.34921646,-0.34116364,-0.25606155,-0.17556763,-0.2146225,-0.09190369,-0.21804428,-0.16236877
p128,-0.00071907043,-0.0007209778,-0.0007286072,-0.5427933,-0.28131866,-0.32205582,-0.6742859,-0.6760483,0.0,-0.4430809,-0.24832916,-0.16080093,-0.4024124,-0.56653595,-0.5371208,-0.5055504,-0.53323746,-0.6324806,-0.27916336,-0.2148552,-0.32574844,-0.3937416,-0.5368118,-0.47234344,-0.6502037,-0.35593796,-0.3477211,-0.26097107,-0.17889786,-0.21870422,-0.09365082,-0.22218323,-0.16545105
p129,-0.00076293945,-0.00076293945,-0.00076675415,-0.56497574,-0.26315308,-0.30031586,-0.8317261,-0.63054657,0.0,-0.45313263,-0.25371933,-0.16430664,-0.3751335,-0.5741806,-0.5583706,-0.5191612,-0.55360794,-0.688221,-0.26111603,-0.20297241,-0.30378342,-0.3645401,-0.5637474,-0.43349075,-0.6293869,-0.3639412,-0.35541153,-0.26672363,-0.18276978,-0.22343063,-0.09567261,-0.22697449,-0.16901398
p130,-0.00077056885,-0.00077056885,-0.00077819824,-0.55379486,-0.24518967,-0.27991486,-0.64944077,-0.5946312,0.0,-0.44422913,-0.24881744,-0.16113281,-0.3489151,-0.5633545,-0.54739,-0.49266052,-0.5426903,-0.74824905,-0.2433281,-0.18899536,-0.28294373,-0.33980942,-0.5166626,-0.40398788,-0.6099243,-0.35684967,-0.3485222,-0.26153946,-0.17923737,-0.21910477,-0.09382248,-0.22259521,-0.16575623
p131,-0.00075149536,-0.00075149536,-0.00075531006,-0.55846786,-0.26138687,-0.2984085,-0.7781601,-0.6310921,0.0,-0.44976425,-0.2519188,-0.16313553,-0.37259293,-0.57128143,-0.5521126,-0.51215744,-0.5475731,-0.67759323,-0.2593689,-0.20139694,-0.3018074,-0.3625183,-0.552845,-0.43149948,-0.62976074,-0.36128235,-0.35284805,-0.26480865,-0.18146896,-0.22184753,-0.09499359,-0.22537231,-0.16781616
p132,-0.00074386597,-0.00074386597,-0.00075149536,-0.55265045,-0.27591324,-0.31567383,-0.6854553,-0.68203354,0.0,-0.45141602,-0.2527771,-0.16368484,-0.39416504,-0.57806015,-0.54691315,-0.5096283,-0.54296494,-0.6484146,-0.2737999,-0.21121597,-0.31922913,-0.38549805,-0.5406952,-0.46193314,-0.6618042,-0.3625145,-0.35406494,-0.26571274,-0.18209076,-0.22259903,-0.09531021,-0.22613525,-0.16838455
p133,-0.0006046295,-0.00060272217,-0.00061035156,-0.4496193,-0.3315239,-0.39809036,-0.52264404,-0.5693283,0.0,-0.36665344,-0.20687103,-0.13389969,-0.4431343,-0.46328354,-0.44480515,-0.4475441,-0.44166946,-0.50315475,-0.32983017,-0.23583603,-0.38591385,-0.58529663,-0.47094345,-0.9202194,-0.5328369,-0.2951851,-0.28891754,-0.21699142,-0.14913177,-0.1823082,-0.07807922,-0.18527985,-0.1379776
p134,-0.00076675415,-0.00076675415,-0.00077056885,-0.5566292,-0.27206802,-0.3111725,-0.6856537,-0.6789055,0.0,-0.45484924,-0.2545929,-0.16487122,-0.38838577,-0.5829849,-0.55088043,-0.5100136,-0.5469017,-0.65689087,-0.2699852,-0.20852661,-0.31464386,-0.37973785,-0.5400734,-0.45470047,-0.66553116,-0.36522675,-0.35668182,-0.26765823,-0.18338776,-0.22418594,-0.09598923,-0.22774506,-0.16959
p135,-0.0006713867,-0.000667572,-0.0006713867,-0.4881668,-0.30917358,-0.36138535,-0.5730438,-0.6417122,0.0,-0.3997345,-0.22482681,-0.14554596,-0.4309044,-0.5085335,-0.48312187,-0.47234344,-0.47978973,-0.55181503,-0.30713654,-0.22827148,-0.35935974,-0.4770546,-0.4973297,-0.6450958,-0.5955391,-0.32146072,-0.3143654,-0.23601532,-0.16203308,-0.19807434,-0.08482361,-0.20126724,-0.14987946
p136,-0.00076293945,-0.00076675415,-0.00076675415,-0.5622635,-0.26548767,-0.30348206,-0.681118,-0.663044,0.0,-0.45962143,-0.25715637,-0.16653824,-0.3786049,-0.5900345,-0.5564995,-0.50935364,-0.5524788,-0.6711693,-0.26345825,-0.20384216,-0.30682755,-0.36985016,-0.5367737,-0.44211197,-0.6676712,-0.3690338,-0.36035156,-0.27038956,-0.18522644,-0.22642899,-0.09695053,-0.23001862,-0.1712799
p137,-0.0007343292,-0.0007362366,-0.00074005127,-0.5466194,-0.28232956,-0.32421112,-0.643898,-0.81381226,0.0,-0.4515381,-0.25281525,-0.16371536,-0.40184402,-0.5813904,-0.54140854,-0.50422287,-0.53790283,-0.6244316,-0.28021622,-0.2147026,-0.32697296,-0.40104675,-0.52910995,-0.4904251,-0.7197075,-0.36257553,-0.3541565,-0.2657585,-0.18211365,-0.22262955,-0.095329285,-0.22616959,-0.16841125
p138,-0.00076675415,-0.00076675415,-0.00077438354,-0.5638809,-0.25826645,-0.29517365,-0.65226746,-0.6507416,0.0,-0.46566772,-0.26034546,-0.16861343,-0.3679428,-0.6024513,-0.558548,-0.5035782,-0.55488586,-0.6590042,-0.25630188,-0.19844055,-0.2983513,-0.35957718,-0.5245285,-0.42958832,-0.6894722,-0.37376785,-0.36494064,-0.2738037,-0.18751144,-0.22922134,-0.09815216,-0.23284912,-0.17338943
p139,-0.00076675415,-0.00076675415,-0.00077438354,-0.5638809,-0.25826645,-0.29517365,-0.65226746,-0.6507416,0.0,-0.46566772,-0.26034546,-0.16861343,-0.3679428,-0.6024513,-0.558548,-0.5035782,-0.55488586,-0.6590042,-0.25630188,-0.19844055,-0.2983513,-0.35957718,-0.5245285,-0.42958832,-0.6894722,-0.37376785,-0.36494064,-0.2738037,-0.18751144,-0.22922134,-0.09815216,-0.23284912,-0.17338943
p140,-0.0007762909,-0.00077438354,-0.00077819824,-0.566761,-0.25934982,-0.29651642,-0.64315414,-0.6692085,0.0,-0.4722786,-0.2638626,-0.17089462,-0.36940765,-0.61416245,-0.56178665,-0.50442505,-0.5584259,-0.64748764,-0.25737762,-0.19914246,-0.29964066,-0.3616066,-0.52287674,-0.43273926,-0.74189377,-0.37895966,-0.3699646,-0.27754974,-0.19002914,-0.23230362,-0.09946823,-0.23596954,-0.17570877
p141,-0.0007724762,-0.00077438354,-0.00077819824,-0.5602913,-0.28022003,-0.32127,-0.6572571,-0.84095,0.0,-0.46393585,-0.25948334,-0.16804123,-0.39930344,-0.5990486,-0.5550709,-0.51239395,-0.5515404,-0.6399689,-0.2781067,-0.21379471,-0.32434082,-0.39534378,-0.53673553,-0.47959518,-0.75634766,-0.372406,-0.36365128,-0.27285004,-0.18688965,-0.22847366,-0.09782028,-0.23208618,-0.17282104
p142,-0.0007610321,-0.00075912476,-0.00076675415,-0.5637436,-0.25774765,-0.29473114,-0.63487244,-0.67103195,0.0,-0.4715767,-0.26346207,-0.17063141,-0.3670349,-0.6141815,-0.55896187,-0.5010147,-0.5557518,-0.63848877,-0.25579453,-0.19784546,-0.29779053,-0.3595543,-0.5183449,-0.43049622,-0.7606888,-0.3783722,-0.36941528,-0.2771225,-0.1897316,-0.23194504,-0.09931183,-0.23560715,-0.17543793
p143,-0.000787735,-0.00078582764,-0.00079345703,-0.5858841,-0.2791252,-0.31954956,-0.6696396,-0.78351974,0.0,-0.4893074,-0.27305603,-0.176857,-0.39786148,-0.63653564,-0.5808315,-0.52703476,-0.5774193,-0.66202927,-0.27698517,-0.2136879,-0.322834,-0.3916092,-0.5478821,-0.47224426,-0.8638954,-0.39246368,-0.38303757,-0.28733063,-0.19661713,-0.24036407,-0.10292053,-0.24413681,-0.18179321
p144,-0.00078582764,-0.00078582764,-0.00078964233,-0.583374,-0.260437,-0.29777908,-0.6325836,-0.68730164,0.0,-0.49799728,-0.27755356,-0.17977905,-0.37075806,-0.65413284,-0.57935715,-0.5121422,-0.5767288,-0.6382103,-0.258461,-0.20001984,-0.30085373,-0.36333466,-0.5245476,-0.43527222,-0.9601402,-0.399189,-0.3895645,-0.29216003,-0.19983292,-0.2442894,-0.104595184,-0.24811935,-0.18475723
p145,-0.000623703,-0.00062179565,-0.00062561035,-0.44657516,-0.14978027,-0.1707344,-0.35520935,-0.34619904,-0.30236435,-1.5085373,-0.2966652,-0.18784332,-0.21100998,-0.46888733,-0.45154953,-0.34608078,-0.45412827,-0.3861313,-0.14873123,-0.11595154,-0.17209244,-0.20554352,-0.3238144,-0.24129105,-0.38576126,-0.403759,-0.43431854,-0.30826187,-0.21081924,-0.25940704,-0.11010742,-0.26415634,-0.19651413
p146,-0.000623703,-0.00062179565,-0.00062561035,-0.44657516,-0.14978027,-0.1707344,-0.35520935,-0.34619904,-0.30236435,-1.5085373,-0.2966652,-0.18784332,-0.21100998,-0.46888733,-0.45154953,-0.34608078,-0.45412827,-0.3861313,-0.14873123,-0.11595154,-0.17209244,-0.20554352,-0.3238144,-0.24129105,-0.38576126,-0.403759,-0.43431854,-0.30826187,-0.21081924,-0.25940704,-0.11010742,-0.26415634,-0.19651413
p147,-0.00066185,-0.0006637573,-0.0006713867,-0.48100662,-0.16047668,-0.18290329,-0.3813324,-0.37153625,-1.1378136,-1.6559525,-0.31895447,-0.20189285,-0.2262764,-0.50487137,-0.48645592,-0.37196732,-0.48918152,-0.41487885,-0.1593399,-0.124313354,-0.18442535,-0.22023773,-0.34774017,-0.25870514,-0.41415024,-0.43439484,-0.4682083,-0.3315773,-0.2265358,-0.27877426,-0.11830139,-0.2838478,-0.21114731
p148,-0.0006389618,-0.00064086914,-0.00064468384,-0.4651718,-0.15556335,-0.17732239,-0.3693428,-0.35990906,-0.50686646,-1.5877304,-0.308712,-0.19543457,-0.21927261,-0.48833847,-0.47039986,-0.3600769,-0.4730568,-0.40167618,-0.15447235,-0.120479584,-0.17877197,-0.21350098,-0.33675003,-0.25071716,-0.4011116,-0.42030716,-0.4526024,-0.3208542,-0.21931076,-0.26987076,-0.114536285,-0.27479553,-0.20441818
p149,-0.0006389618,-0.00064086914,-0.00064468384,-0.4651718,-0.15556335,-0.17732239,-0.3693428,-0.35990906,-0.50686646,-1.5877304,-0.308712,-0.19543457,-0.21927261,-0.48833847,-0.47039986,-0.3600769,-0.4730568,-0.40167618,-0.15447235,-0.120479584,-0.17877197,-0.21350098,-0.33675003,-0.25071716,-0.4011116,-0.42030716,-0.4526024,-0.3208542,-0.21931076,-0.26987076,-0.114536285,-0.27479553,-0.20441818
p150,-0.0006389618,-0.00064086914,-0.00064849854,-0.47538376,-0.15873718,-0.18092728,-0.377079,-0.36741638,-0.81453323,-1.6316795,-0.31532288,-0.19960403,-0.22379303,-0.49900436,-0.48075676,-0.36776352,-0.48345947,-0.41020203,-0.15761566,-0.12295532,-0.18242264,-0.21784973,-0.34384918,-0.255867,-0.40953064,-0.42939377,-0.4626732,-0.32777023,-0.22397614,-0.27561188,-0.11696625,-0.28063583,-0.20875931
p151,-0.00064468384,-0.00064468384,-0.00064849854,-0.47607422,-0.15895462,-0.18117142,-0.37760162,-0.36791992,-1.1763268,-1.6346588,-0.3157692,-0.1998825,-0.2240982,-0.49972534,-0.48145485,-0.36827087,-0.4841652,-0.41077805,-0.15782547,-0.123119354,-0.1826706,-0.21814346,-0.3443222,-0.25621414,-0.4100952,-0.43000793,-0.46334457,-0.32823944,-0.22428131,-0.2760048,-0.117126465,-0.28102493,-0.20905304
p152,-0.00064468384,-0.00064468384,-0.00064849854,-0.47607422,-0.15895462,-0.18117142,-0.37760162,-0.36791992,-1.1763268,-1.6346588,-0.3157692,-0.1998825,-0.2240982,-0.49972534,-0.48145485,-0.36827087,-0.4841652,-0.41077805,-0.15782547,-0.123119354,-0.1826706,-0.21814346,-0.3443222,-0.25621414,-0.4100952,-0.43000793,-0.46334457,-0.32823944,-0.22428131,-0.2760048,-0.117126465,-0.28102493,-0.20905304
p153,-0.0007095337,-0.0007095337,-0.0007133484,-0.5313797,-0.17591095,-0.20042801,-0.41912842,-0.40815353,0.0,-0.6903572,-0.3527794,-0.22305298,-0.24830627,-0.5569954,-0.5376091,-0.40958405,-0.5405617,-0.45656967,-0.17464447,-0.13639069,-0.20221329,-0.24142838,-0.38240814,-0.28382874,-0.45518112,-0.4800911,-0.5206566,-0.36688614,-0.25024414,-0.30807877,-0.1306572,-0.31365967,-0.23329926
p154,-0.00063705444,-0.00063705444,-0.00064468384,-0.4594307,-0.15374374,-0.17523956,-0.36483765,-0.35552597,0.0,-0.57800674,-0.44255447,-0.24892426,-0.21665955,-0.4819107,-0.4645977,-0.3557129,-0.46727753,-0.39673996,-0.15266037,-0.11904144,-0.17665482,-0.21097183,-0.33267593,-0.24772263,-0.39616013,-0.44395828,-0.7860489,-0.43250656,-0.2944603,-0.37478638,-0.15192795,-0.3863907,-0.28600693
p155,-0.00061798096,-0.00061798096,-0.00062179565,-0.46014023,-0.15401077,-0.17555237,-0.3655281,-0.35621262,0.0,-1.5661087,-0.30545425,-0.19338226,-0.21704483,-0.48308182,-0.46530342,-0.35629272,-0.46793747,-0.3974762,-0.15292358,-0.11925888,-0.17696762,-0.21135712,-0.3332634,-0.24817657,-0.39696503,-0.4158287,-0.4476509,-0.31745148,-0.21701813,-0.26704407,-0.11333847,-0.27192307,-0.20228195
p156,-0.0005931854,-0.0005912781,-0.00059890747,-0.42770386,-0.14385605,-0.16401291,-0.34066772,-0.33207703,0.0,-0.52890015,-0.4992485,-0.2680893,-0.20256042,-0.44844055,-0.43246078,-0.33185196,-0.43499756,-0.37015152,-0.14286041,-0.111328125,-0.16527557,-0.19739532,-0.31059647,-0.23163605,-0.3698578,-0.4316826,-0.8585663,-0.4864998,-0.3244629,-0.41920853,-0.16627884,-0.43317413,-0.31970215
p157,-0.0006504059,-0.00064849854,-0.00065231323,-0.46780014,-0.15639114,-0.17825699,-0.3713379,-0.3618431,-0.19694138,-1.5989532,-0.31041336,-0.19651031,-0.2204361,-0.49108505,-0.47306633,-0.3620491,-0.4757347,-0.40387344,-0.15528107,-0.12111664,-0.17971802,-0.21462631,-0.3385849,-0.25204468,-0.40328598,-0.42264557,-0.45519257,-0.32263565,-0.22051239,-0.27135468,-0.11515808,-0.27629852,-0.20553589
p158,-0.00061035156,-0.00060653687,-0.00061416626,-0.44514847,-0.14931488,-0.17021942,-0.35398483,-0.3449974,0.0,-0.553833,-0.4960022,-0.26784515,-0.2103424,-0.46678925,-0.45013237,-0.34500122,-0.45274353,-0.38479233,-0.14826965,-0.11558914,-0.1715622,-0.20489502,-0.3227768,-0.24051666,-0.38433456,-0.4426422,-1.0709381,-0.4767685,-0.32278824,-0.41578293,-0.16574097,-0.43024826,-0.31785202
p159,-0.00064468384,-0.00064468384,-0.00064849854,-0.47062302,-0.15726471,-0.17925262,-0.37348175,-0.3639183,-0.2577057,-1.6111107,-0.3122406,-0.19766235,-0.22169113,-0.4940338,-0.47592926,-0.36418152,-0.4786148,-0.40623856,-0.15615082,-0.1218071,-0.1807251,-0.21582413,-0.34054947,-0.25347137,-0.40560913,-0.42515564,-0.45797348,-0.3245468,-0.22179794,-0.27294922,-0.1158371,-0.27791595,-0.20673752
p160,-0.00065612793,-0.00065231323,-0.0006599426,-0.47894287,-0.15984344,-0.18218231,-0.37977982,-0.37002945,-0.38832474,-1.6470108,-0.31762314,-0.20105362,-0.22536469,-0.5027275,-0.48436737,-0.37043,-0.48708725,-0.41316986,-0.15871048,-0.123817444,-0.18369675,-0.21936417,-0.34631348,-0.25767136,-0.41246033,-0.43256378,-0.46617126,-0.33018494,-0.22559738,-0.2776146,-0.11781311,-0.28267288,-0.21027374
p161,-0.0006275177,-0.00062942505,-0.00063323975,-0.44123077,-0.14809418,-0.16882324,-0.35099792,-0.3420868,0.0,-0.5456734,-0.5533409,-0.2869339,-0.20858765,-0.4626236,-0.44616127,-0.34205246,-0.4487648,-0.38149643,-0.14706421,-0.11462784,-0.17014694,-0.20321274,-0.32003784,-0.23851776,-0.3810768,-0.4459648,-0.8379097,-0.511364,-0.35144043,-0.45724106,-0.17985535,-0.4762497,-0.35151672
p162,-0.00065612793,-0.00065231323,-0.0006599426,-0.48337173,-0.16121292,-0.1837349,-0.3831253,-0.37327576,-0.46268845,-1.6661797,-0.32048798,-0.20286179,-0.22732544,-0.50733566,-0.48885536,-0.37374878,-0.4915924,-0.41685867,-0.16007233,-0.12489319,-0.18527603,-0.22125244,-0.34938812,-0.25989532,-0.41609573,-0.43649673,-0.4705429,-0.3331833,-0.22761154,-0.2801094,-0.11886978,-0.2851944,-0.21215439
p163,-0.0005836487,-0.000579834,-0.0005874634,-0.40041733,-0.13529968,-0.15428162,-0.31977463,-0.31178665,0.0,-0.48692703,-0.6708946,-0.31975174,-0.19035721,-0.4194641,-0.40483093,-0.31126785,-0.40724564,-0.3471794,-0.1343689,-0.104637146,-0.15540695,-0.18563843,-0.29151535,-0.21770859,-0.34709167,-0.42469025,-0.6730232,-0.57463455,-0.40535355,-0.538826,-0.2057991,-0.5685959,-0.41869736
p164,-0.00046348572,-0.00046539307,-0.00046920776,-0.35330582,-0.12008667,-0.13700104,-0.28276062,-0.27575684,0.0,-0.40260315,-0.3752098,-0.27532578,-0.16871643,-0.3682747,-0.3574543,-0.27523422,-0.35954285,-0.3066826,-0.11928558,-0.09278488,-0.13788986,-0.1647644,-0.2578888,-0.19298172,-0.30664444,-0.4704399,-0.40841675,-0.43312454,-0.28782654,-0.33911514,-0.15234375,-0.33983612,-0.25445938
p165,-0.0004749298,-0.00047683716,-0.00048446655,-0.3560524,-0.12121582,-0.13827896,-0.28541565,-0.27838135,0.0,-0.42214203,-0.5224457,-0.29076004,-0.1702919,-0.37186813,-0.3600521,-0.27760696,-0.36218262,-0.30950928,-0.12040329,-0.093647,-0.13918686,-0.16629791,-0.26021194,-0.1947937,-0.30960464,-0.41696167,-0.51802444,-0.7148094,-0.3509903,-0.45440292,-0.17874908,-0.459507,-0.33759308
p166,-0.0005187988,-0.0005187988,-0.0005264282,-0.38492203,-0.13043213,-0.14875412,-0.30786133,-0.30020523,0.0,-0.4661255,-0.6098442,-0.30368805,-0.18341827,-0.40286636,-0.38918495,-0.299572,-0.39149475,-0.33409882,-0.12954712,-0.10084152,-0.14980698,-0.17895508,-0.28066254,-0.20978546,-0.33407974,-0.4155159,-0.63531494,-0.5789833,-0.38048553,-0.50260544,-0.1930542,-0.5224724,-0.3841095
p167,-0.00051116943,-0.00051498413,-0.0005226135,-0.36938095,-0.12552261,-0.14316177,-0.29593658,-0.28862762,0.0,-0.44646072,-0.76830673,-0.35606384,-0.17642593,-0.38653183,-0.37342072,-0.28781128,-0.3756752,-0.32100677,-0.12467575,-0.09700775,-0.14414215,-0.17219925,-0.26975632,-0.2018013,-0.32112503,-0.4027443,-0.59070206,-0.6024132,-0.465271,-0.62776566,-0.23654556,-0.68473816,-0.50990295
p168,-0.00046539307,-0.00046157837,-0.00046920776,-0.3472557,-0.118442535,-0.13512039,-0.2788124,-0.27199554,0.0,-0.41917038,-0.7238655,-0.33501053,-0.16638184,-0.36314774,-0.3510418,-0.27098083,-0.35318375,-0.3022461,-0.11766052,-0.091495514,-0.13600159,-0.16249466,-0.2541237,-0.19032669,-0.3025093,-0.38370132,-0.54491425,-0.6445236,-0.4384346,-0.59835434,-0.21763611,-0.61481094,-0.44543076
p169,-0.00046539307,-0.00046539307,-0.00047302246,-0.33525848,-0.11460495,-0.13075638,-0.26953506,-0.2629738,0.0,-0.4046669,-0.7050667,-0.33327484,-0.16093445,-0.35046387,-0.33890343,-0.26185608,-0.34097672,-0.2920723,-0.113853455,-0.08850098,-0.13158798,-0.15721893,-0.2456398,-0.18410492,-0.2924118,-0.37182617,-0.5237465,-0.6272545,-0.43885422,-0.6040077,-0.21687698,-0.6180954,-0.44401932
p170,-0.00049972534,-0.00049591064,-0.00050354004,-0.35637283,-0.12137604,-0.13845062,-0.2858925,-0.27886963,0.0,-0.43090057,-0.7608299,-0.3464012,-0.17053604,-0.3727913,-0.3602543,-0.2779312,-0.36244202,-0.30999756,-0.12056732,-0.09377289,-0.13936996,-0.16651154,-0.26057816,-0.19507599,-0.31020355,-0.38977814,-0.56705475,-0.58861923,-0.45324326,-0.6125946,-0.22992706,-0.66563416,-0.4940033
p171,-0.00026130676,-0.0002593994,-0.0002670288,-0.1972351,-0.069057465,-0.078884125,-0.16069412,-0.15702057,0.0,-0.22839355,-0.24642181,-0.31347656,-0.0965538,-0.20471191,-0.19949722,-0.15548325,-0.200737,-0.17341614,-0.068626404,-0.053150177,-0.07920456,-0.0947113,-0.14635849,-0.11055374,-0.17416763,-0.26623917,-0.24094772,-0.26406097,-0.25653076,-0.24886703,-0.14198685,-0.2399025,-0.1868515
p172,-0.00025558472,-0.0002593994,-0.0002593994,-0.2110672,-0.0739212,-0.08442688,-0.17206192,-0.16811752,0.0,-0.24739838,-0.33787155,-0.6556015,-0.10335922,-0.21938705,-0.21339035,-0.16645432,-0.2147026,-0.18569183,-0.073467255,-0.056900024,-0.08478165,-0.101364136,-0.1566925,-0.11834335,-0.18649673,-0.26597977,-0.28388596,-0.33496094,-0.4419136,-0.38219452,-0.22502899,-0.35375595,-0.27848053
p173,-0.00029563904,-0.0002975464,-0.00030136108,-0.22402573,-0.078315735,-0.08944321,-0.1824379,-0.1782341,0.0,-0.26415253,-0.38114166,-0.67233276,-0.10954666,-0.23300552,-0.22646713,-0.17656326,-0.2278595,-0.19696426,-0.07783127,-0.060302734,-0.089839935,-0.10739899,-0.1661644,-0.12541199,-0.19775772,-0.2748947,-0.310894,-0.3727951,-0.5108681,-0.43610764,-0.24883652,-0.4016838,-0.31348038
p174,-0.00030517578,-0.00030517578,-0.00031280518,-0.23736191,-0.08280182,-0.09455109,-0.19306564,-0.18858719,0.0,-0.28154755,-0.42516708,-0.58680725,-0.1158638,-0.2470398,-0.23992157,-0.18692398,-0.24139404,-0.2085228,-0.08228302,-0.06377411,-0.09498978,-0.11354828,-0.17585754,-0.13263702,-0.20928192,-0.2842331,-0.3404007,-0.4112854,-0.5924034,-0.49398422,-0.26207352,-0.44919205,-0.34514618
p175,-0.00039291382,-0.00039291382,-0.00039672852,-0.29845047,-0.102817535,-0.1173439,-0.24099731,-0.23522949,0.0,-0.35853958,-0.5915413,-0.38825607,-0.14418411,-0.3114586,-0.30166245,-0.2338562,-0.3035164,-0.2608261,-0.10215378,-0.079322815,-0.11800766,-0.14102936,-0.21960449,-0.16497803,-0.2613449,-0.33891678,-0.45649338,-0.5735512,-0.53593826,-0.7644119,-0.23889542,-0.60814667,-0.43214035
p176,-0.0004234314,-0.0004272461,-0.0004310608,-0.325634,-0.11152649,-0.12725067,-0.26208878,-0.25572968,0.0,-0.3932953,-0.69270325,-0.34059906,-0.15655136,-0.34031296,-0.3291626,-0.25453568,-0.3311882,-0.28391647,-0.11079407,-0.08610535,-0.1280365,-0.15299225,-0.23884583,-0.1791153,-0.28431702,-0.36122513,-0.50875473,-0.58028793,-0.45386887,-0.63955307,-0.2230568,-0.6524048,-0.46014786
p177,-0.0004234314,-0.0004272461,-0.0004310608,-0.325634,-0.11152649,-0.12725067,-0.26208878,-0.25572968,0.0,-0.3932953,-0.69270325,-0.34059906,-0.15655136,-0.34031296,-0.3291626,-0.25453568,-0.3311882,-0.28391647,-0.11079407,-0.08610535,-0.1280365,-0.15299225,-0.23884583,-0.1791153,-0.28431702,-0.36122513,-0.50875473,-0.58028793,-0.45386887,-0.63955307,-0.2230568,-0.6524048,-0.46014786
p178,-0.00041389465,-0.0004119873,-0.0004196167,-0.302639,-0.10416412,-0.11886978,-0.24425888,-0.23840332,0.0,-0.36418915,-0.60902405,-0.37041092,-0.14609528,-0.31591415,-0.30590057,-0.2370491,-0.30778122,-0.26439667,-0.10349655,-0.08037186,-0.11956024,-0.14287567,-0.22257614,-0.16717148,-0.2649002,-0.3415413,-0.4659462,-0.5700035,-0.5122528,-0.9196701,-0.23577881,-0.6461792,-0.4474907
p179,-0.00025558472,-0.00025558472,-0.0002593994,-0.21155548,-0.07413483,-0.084682465,-0.17253494,-0.16858673,0.0,-0.24921417,-0.35623932,-1.1764297,-0.10365677,-0.21994019,-0.21386528,-0.166893,-0.21517944,-0.18619156,-0.07368088,-0.057064056,-0.08503342,-0.10166168,-0.15712738,-0.118686676,-0.18701553,-0.26156616,-0.2917099,-0.3481369,-0.48158646,-0.40704346,-0.2539215,-0.3775215,-0.30039215
p180,-0.0002632141,-0.0002632141,-0.0002670288,-0.213768,-0.07488251,-0.08552933,-0.17429733,-0.17030716,0.0,-0.25188446,-0.3610382,-1.2574158,-0.10471344,-0.22225952,-0.2161026,-0.16861725,-0.21743011,-0.18811035,-0.074417114,-0.057640076,-0.08589554,-0.102687836,-0.15872574,-0.119888306,-0.18893051,-0.26385498,-0.29525375,-0.35253525,-0.48840714,-0.41265106,-0.2574997,-0.38277435,-0.30449677
p181,-0.0002632141,-0.0002632141,-0.0002670288,-0.213768,-0.07488251,-0.08552933,-0.17429733,-0.17030716,0.0,-0.25188446,-0.3610382,-1.2574158,-0.10471344,-0.22225952,-0.2161026,-0.16861725,-0.21743011,-0.18811035,-0.074417114,-0.057640076,-0.08589554,-0.102687836,-0.15872574,-0.119888306,-0.18893051,-0.26385498,-0.29525375,-0.35253525,-0.48840714,-0.41265106,-0.2574997,-0.38277435,-0.30449677
p182,-4.7683716e-05,-4.9591064e-05,-5.722046e-05,-0.02905655,-0.010643005,-0.012176514,-0.024375916,-0.02388382,0.0,-0.034492493,-0.039749146,-0.048866272,-0.014781952,-0.029972076,-0.029411316,-0.023326874,-0.02960205,-0.026100159,-0.010585785,-0.008148193,-0.012187958,-0.014572144,-0.022129059,-0.01695633,-0.026374817,-0.040599823,-0.037391663,-0.041770935,-0.043907166,-0.040958405,-0.05035019,-0.039665222,-0.033798218
p183,-0.00039672852,-0.00039672852,-0.0004005432,-0.30632782,-0.10533905,-0.120212555,-0.2471199,-0.24118042,0.0,-0.36954498,-0.6327553,-0.35576248,-0.14777374,-0.31985092,-0.30962944,-0.23984909,-0.31153107,-0.26753235,-0.10466385,-0.08128357,-0.120918274,-0.14449692,-0.22518158,-0.16907501,-0.26802444,-0.34248352,-0.47629547,-0.54045105,-0.48545837,-0.6634979,-0.23495102,-0.85152054,-0.48459625
p184,-0.0004310608,-0.0004310608,-0.0004348755,-0.32331085,-0.11081314,-0.12644577,-0.26032257,-0.25401688,0.0,-0.3903122,-0.67515564,-0.35798264,-0.15553284,-0.33779144,-0.32680893,-0.25280762,-0.32881165,-0.2819748,-0.11009216,-0.0855484,-0.12721634,-0.15201569,-0.23723984,-0.177948,-0.28237534,-0.35923767,-0.5047722,-0.5627556,-0.48065948,-0.66152954,-0.23884583,-0.77262115,-0.511425
p185,-0.00041389465,-0.0004196167,-0.0004234314,-0.3113327,-0.10695648,-0.12205505,-0.2510147,-0.24496841,0.0,-0.3756714,-0.6450424,-0.35816956,-0.15007019,-0.3251419,-0.31469536,-0.24367142,-0.31663132,-0.27178955,-0.10626602,-0.08255005,-0.122779846,-0.14671326,-0.22873688,-0.17170334,-0.27225494,-0.34744644,-0.48456192,-0.5455971,-0.48687744,-0.6593933,-0.23773956,-1.0371742,-0.49773026
p186,-0.0002746582,-0.0002746582,-0.0002784729,-0.21682358,-0.075935364,-0.08673096,-0.17677689,-0.17272186,0.0,-0.2566986,-0.3827629,-0.72976685,-0.10618591,-0.2254982,-0.21917152,-0.1710167,-0.22052002,-0.1907959,-0.07546997,-0.05845642,-0.08710098,-0.10412979,-0.16099167,-0.12158203,-0.19161606,-0.26288986,-0.30719757,-0.36745453,-0.5386696,-0.43985748,-0.31562805,-0.4128418,-0.3374672
p187,-0.00044059753,-0.00044250488,-0.00045013428,-0.33047485,-0.1131134,-0.12905502,-0.26588058,-0.2594223,0.0,-0.39912033,-0.69397736,-0.35838318,-0.15879822,-0.3453827,-0.33404732,-0.25826263,-0.3360939,-0.28806305,-0.11237335,-0.087337494,-0.12986374,-0.15517044,-0.24230957,-0.18167877,-0.28842163,-0.36593246,-0.51742554,-0.5663147,-0.47663116,-0.6452522,-0.24196243,-0.75393677,-0.53557205
p188,-0.00023651123,-0.00023651123,-0.00024032593,-0.1783104,-0.06301117,-0.07199097,-0.14620972,-0.14295578,0.0,-0.21213913,-0.3296585,-0.42997742,-0.08799362,-0.18532562,-0.18025208,-0.14115143,-0.18136597,-0.15756989,-0.0626297,-0.048446655,-0.072250366,-0.08639145,-0.1330719,-0.10078812,-0.15849304,-0.21437836,-0.25826263,-0.30766678,-0.46945953,-0.37383652,-0.50156784,-0.35915756,-0.34991837
p189,-0.00025367737,-0.00025177002,-0.00025558472,-0.21188354,-0.07435608,-0.084934235,-0.17298889,-0.16904068,0.0,-0.252079,-0.38994217,-0.5126953,-0.1039505,-0.22037125,-0.21414757,-0.16727448,-0.21546555,-0.18665314,-0.0738945,-0.05722809,-0.08528519,-0.10196304,-0.1575203,-0.119026184,-0.1875,-0.2525177,-0.3076172,-0.3663826,-0.5727806,-0.4484253,-0.37818146,-0.42874908,-0.36157227
p190,-0.0004386902,-0.0004348755,-0.00044631958,-0.32917404,-0.11269379,-0.12857819,-0.2648735,-0.25844574,0.0,-0.39760208,-0.69148254,-0.35664368,-0.15820694,-0.34401703,-0.33273125,-0.257267,-0.33477402,-0.2869606,-0.11195755,-0.087013245,-0.12937927,-0.15459442,-0.24139404,-0.18099594,-0.28733444,-0.36445618,-0.51546097,-0.56280136,-0.4736061,-0.639328,-0.24147034,-0.746685,-0.5382805
p191,-0.0003681183,-0.00037002563,-0.00037384033,-0.28424835,-0.09823227,-0.11212158,-0.22995758,-0.22449112,0.0,-0.3415413,-0.567379,-0.40532303,-0.13768005,-0.2964859,-0.28729057,-0.22301865,-0.2890625,-0.24875641,-0.097602844,-0.07575607,-0.11273193,-0.1347313,-0.20951843,-0.15755081,-0.24934769,-0.32331848,-0.4349327,-0.5091553,-0.61647415,-0.7104912,-0.26100922,-0.6895523,-0.45016098
p192,-0.0004196167,-0.0004196167,-0.0004234314,-0.31175995,-0.107097626,-0.12221527,-0.25134277,-0.24529266,0.0,-0.3762474,-0.6463852,-0.3608055,-0.1502533,-0.3255844,-0.3151245,-0.24399567,-0.31706238,-0.27215576,-0.106407166,-0.08265686,-0.12293625,-0.1469078,-0.22904587,-0.17192078,-0.27261734,-0.34780502,-0.48547745,-0.54222107,-0.48851013,-0.646904,-0.24276733,-0.8489914,-0.52619934
p193,-0.0004234314,-0.0004196167,-0.0004272461,-0.31250763,-0.10733414,-0.122486115,-0.2519188,-0.24584961,0.0,-0.3772545,-0.64943695,-0.35825348,-0.15059662,-0.3263855,-0.3158741,-0.24456024,-0.3178177,-0.2727852,-0.10663223,-0.082839966,-0.12321472,-0.14722824,-0.22956848,-0.17230988,-0.27323914,-0.34825134,-0.4871788,-0.5407829,-0.48132706,-0.6365166,-0.24349594,-0.80685806,-0.54289246
p194,-0.00042915344,-0.0004272461,-0.0004348755,-0.3177719,-0.10903168,-0.12440872,-0.2560196,-0.24983215,0.0,-0.38375854,-0.66306686,-0.35749435,-0.15299988,-0.3319702,-0.32120132,-0.24858475,-0.32317734,-0.27726746,-0.108314514,-0.08415604,-0.12516403,-0.14955902,-0.23330307,-0.17505264,-0.27769852,-0.35318375,-0.49616623,-0.5446396,-0.47427368,-0.6272354,-0.24688339,-0.7537842,-0.5746002
p195,-0.0006656647,-0.0006637573,-0.0006713867,-0.48591232,-0.16199493,-0.18463135,-0.3850441,-0.37514114,-0.52851486,-1.6771965,-0.3221283,-0.20389175,-0.22844315,-0.50997925,-0.49143028,-0.37564468,-0.4941826,-0.41897202,-0.1608429,-0.12550354,-0.1861763,-0.22232437,-0.35113907,-0.26116943,-0.41817856,-0.43875885,-0.47303772,-0.33490753,-0.22877121,-0.2815361,-0.119464874,-0.2866478,-0.21323395
p196,-0.0003414154,-0.00033950806,-0.00034713745,-0.25973892,-0.50315475,-0.5375519,-0.2932663,-0.30048752,0.0,-0.20973969,-0.12025452,-0.077739716,-0.35339355,-0.25725174,-0.2566948,-0.28585052,-0.25484085,-0.2809105,-0.8836899,-0.23427582,-0.43059158,-0.46188354,-0.2972908,-0.37740707,-0.28381348,-0.16970444,-0.16690826,-0.12573242,-0.086811066,-0.10611725,-0.045467377,-0.10795593,-0.08041
p197,-0.00031471252,-0.00031280518,-0.00031661987,-0.24078369,-0.40734863,-0.3828163,-0.270504,-0.27539062,0.0,-0.19386292,-0.111312866,-0.071949005,-0.33186722,-0.23709488,-0.23790932,-0.27025223,-0.23614883,-0.2594452,-0.39507294,-0.25008774,-0.38422775,-0.35480118,-0.27946472,-0.32810974,-0.26078033,-0.15696335,-0.15443039,-0.116363525,-0.08035278,-0.098236084,-0.042087555,-0.09994888,-0.07444763
p198,-0.00044822693,-0.00044631958,-0.00045013428,-0.3481331,-0.31381607,-0.34156036,-0.38183212,-0.3832779,0.0,-0.27568817,-0.15684891,-0.10147476,-0.42002487,-0.3380127,-0.34352493,-0.40485382,-0.3405571,-0.36954117,-0.31046677,-0.27917862,-0.34859085,-0.37841034,-0.4111557,-0.40501404,-0.36727524,-0.22261047,-0.21836853,-0.1642685,-0.11315918,-0.13832474,-0.059257507,-0.14065552,-0.104766846
p199,-0.0004234314,-0.0004196167,-0.0004272461,-0.32572937,-0.43221664,-0.52253723,-0.36906815,-0.37909698,0.0,-0.26234818,-0.14958954,-0.09675598,-0.43959045,-0.32409668,-0.32186508,-0.352623,-0.3194542,-0.35387802,-0.43030548,-0.25315475,-0.5511131,-0.5183983,-0.36867523,-0.47571182,-0.3587532,-0.21195602,-0.20807648,-0.15657806,-0.107940674,-0.13194656,-0.056533813,-0.13418579,-0.09994125
p200,-0.00048446655,-0.00048828125,-0.00048828125,-0.37491226,-0.35523987,-0.40591812,-0.42641068,-0.43644714,0.0,-0.30121994,-0.17102051,-0.11066055,-0.51836395,-0.37384415,-0.3704033,-0.40229416,-0.367527,-0.4090805,-0.35222626,-0.25337982,-0.4253044,-0.4601364,-0.42358017,-0.48669815,-0.41444778,-0.2430458,-0.23828506,-0.17916489,-0.123363495,-0.1507988,-0.06459808,-0.1533165,-0.11418915
p201,-0.0007724762,-0.00077438354,-0.00077819824,-0.57024384,-0.26654053,-0.30410385,-1.0414848,-0.6329613,0.0,-0.4553032,-0.25492096,-0.16508865,-0.3800583,-0.5755348,-0.56339073,-0.5263443,-0.55840683,-0.69192123,-0.26447296,-0.205719,-0.30768585,-0.36896896,-0.57564545,-0.43849182,-0.62919617,-0.36569595,-0.35710526,-0.26800156,-0.18362808,-0.2244873,-0.09611511,-0.2280426,-0.16981125
p202,-0.00066185,-0.0006599426,-0.000667572,-0.50733185,-0.29478836,-0.33810425,-0.61561584,-0.6316986,0.0,-0.41350174,-0.2324028,-0.15045929,-0.42344666,-0.52611923,-0.50193024,-0.48627853,-0.4983101,-0.5824661,-0.29253387,-0.22344589,-0.34222794,-0.41452026,-0.5153351,-0.49822998,-0.6025963,-0.33249283,-0.3250656,-0.24403,-0.16747284,-0.20473099,-0.08766937,-0.20801926,-0.15490341
p203,-0.0007457733,-0.00074386597,-0.00074768066,-0.55923843,-0.26930618,-0.30792236,-0.6888542,-0.6713257,0.0,-0.45663834,-0.25556946,-0.16550827,-0.3842659,-0.58540344,-0.5534477,-0.51036453,-0.5494194,-0.66371155,-0.26724625,-0.20660782,-0.31134033,-0.37549973,-0.540123,-0.4492035,-0.6646309,-0.3666687,-0.35808182,-0.26869965,-0.18409348,-0.22504807,-0.09635925,-0.2286148,-0.17023468
p204,-0.00070762634,-0.0007019043,-0.0007095337,-0.5177536,-0.2943344,-0.34012222,-0.6108513,-0.71465683,0.0,-0.42559052,-0.2388382,-0.15464401,-0.41646576,-0.5446358,-0.5125942,-0.48905182,-0.50914764,-0.58924484,-0.29221725,-0.22127533,-0.3414917,-0.430027,-0.51449585,-0.5440674,-0.6520996,-0.3420105,-0.33426666,-0.25089264,-0.17208481,-0.21037292,-0.09008026,-0.2137413,-0.15916061
p205,-0.0007686615,-0.00076675415,-0.00077438354,-0.56422424,-0.25254822,-0.28856277,-0.6357956,-0.63292694,0.0,-0.46715164,-0.26110458,-0.16910553,-0.35956955,-0.60632324,-0.55901337,-0.49910736,-0.55542755,-0.65304184,-0.25062943,-0.19421387,-0.29163742,-0.35121918,-0.5163803,-0.41910553,-0.68050766,-0.37491226,-0.3660469,-0.27461624,-0.18804932,-0.22988129,-0.09843063,-0.2335167,-0.17388153
p206,-0.00074005127,-0.00074005127,-0.00074768066,-0.5520096,-0.28176498,-0.32334518,-0.6502609,-0.8304558,0.0,-0.4562111,-0.25533676,-0.16534805,-0.40130234,-0.5879173,-0.546772,-0.5077362,-0.5432396,-0.6309929,-0.27964783,-0.21456909,-0.3262558,-0.39902115,-0.5326538,-0.48615646,-0.73119354,-0.36629486,-0.35774612,-0.26843643,-0.18392181,-0.22484207,-0.096271515,-0.228405,-0.17007828
p207,-0.00063705444,-0.00063705444,-0.00064468384,-0.45485306,-0.15235138,-0.17367554,-0.36151123,-0.35230637,-0.42152405,-1.5436745,-0.30202484,-0.19121933,-0.21468735,-0.47755432,-0.45994377,-0.35231018,-0.46255112,-0.39305496,-0.15128708,-0.1179657,-0.1750679,-0.20908356,-0.3295822,-0.24549103,-0.39260483,-0.41112137,-0.4424553,-0.31386566,-0.21460342,-0.2640648,-0.11207962,-0.268898,-0.2000351
p208,-0.0007095337,-0.0007095337,-0.0007133484,-0.5313797,-0.17591095,-0.20042801,-0.41912842,-0.40815353,0.0,-0.6903572,-0.3527794,-0.22305298,-0.24830627,-0.5569954,-0.5376091,-0.40958405,-0.5405617,-0.45656967,-0.17464447,-0.13639069,-0.20221329,-0.24142838,-0.38240814,-0.28382874,-0.45518112,-0.4800911,-0.5206566,-0.36688614,-0.25024414,-0.30807877,-0.1306572,-0.31365967,-0.23329926
p209,-0.0006008148,-0.0005950928,-0.00060272217,-0.43508148,-0.1461792,-0.16664505,-0.34630966,-0.3375473,0.0,-0.5360794,-0.57787704,-0.2945938,-0.20586395,-0.45611954,-0.43993568,-0.33742523,-0.4425125,-0.37634277,-0.14516068,-0.11313629,-0.16794586,-0.2005806,-0.31575394,-0.23540497,-0.37596512,-0.44407272,-0.79943085,-0.526783,-0.36338425,-0.4748726,-0.18566895,-0.49586105,-0.3658142
p210,-0.00050735474,-0.00050735474,-0.00051498413,-0.3713417,-0.12605667,-0.14378357,-0.29730988,-0.28995132,0.0,-0.44765472,-0.5419197,-0.28619766,-0.17721176,-0.38853836,-0.37545967,-0.28919983,-0.37770462,-0.32253647,-0.12520981,-0.09743118,-0.14476776,-0.17295074,-0.27101898,-0.20269775,-0.3226204,-0.40838242,-0.5944443,-0.5845032,-0.35212326,-0.46050644,-0.17892838,-0.4718628,-0.34669876
p211,-0.00053596497,-0.0005340576,-0.0005455017,-0.3899765,-0.13199997,-0.15053558,-0.31175995,-0.30399704,0.0,-0.47302628,-0.6970062,-0.32606506,-0.18567276,-0.40841675,-0.39426994,-0.30337524,-0.39663315,-0.3383789,-0.13110352,-0.10206604,-0.15161133,-0.18111038,-0.28419113,-0.21235275,-0.3383522,-0.41770554,-0.6434593,-0.5846939,-0.41640854,-0.55607605,-0.21105194,-0.58859634,-0.43322372
p212,-0.00051116943,-0.00051498413,-0.0005226135,-0.36938095,-0.12552261,-0.14316177,-0.29593658,-0.28862762,0.0,-0.44646072,-0.76830673,-0.35606384,-0.17642593,-0.38653183,-0.37342072,-0.28781128,-0.3756752,-0.32100677,-0.12467575,-0.09700775,-0.14414215,-0.17219925,-0.26975632,-0.2018013,-0.32112503,-0.4027443,-0.59070206,-0.6024132,-0.465271,-0.62776566,-0.23654556,-0.68473816,-0.50990295
p213,-0.00045013428,-0.00045394897,-0.00045776367,-0.33951187,-0.11602402,-0.13236618,-0.27283096,-0.2661667,0.0,-0.40727997,-0.64653397,-0.3414421,-0.16291428,-0.3546486,-0.34323502,-0.26515198,-0.34530258,-0.295681,-0.11526489,-0.08959961,-0.13320923,-0.15916443,-0.24868774,-0.18636703,-0.29593277,-0.38479233,-0.51952744,-0.87968445,-0.44797134,-0.6225014,-0.2176323,-0.59259415,-0.42691422
p214,-0.0005245209,-0.0005187988,-0.0005264282,-0.37345505,-0.12678528,-0.14460754,-0.299057,-0.29165268,0.0,-0.45153046,-0.78128433,-0.3416214,-0.17824173,-0.39089584,-0.3775463,-0.29087448,-0.3798294,-0.3244362,-0.12593079,-0.09799194,-0.145607,-0.17394257,-0.27259827,-0.20387268,-0.32452393,-0.40599442,-0.60001373,-0.60886383,-0.44328308,-0.5988655,-0.2232399,-0.63469315,-0.46481323
p215,-0.00045776367,-0.00046157837,-0.00046157837,-0.34232712,-0.116867065,-0.13331985,-0.27501678,-0.2682953,0.0,-0.41363144,-0.76007843,-0.33783722,-0.16413498,-0.35798645,-0.34605217,-0.267231,-0.34817123,-0.29807281,-0.11609268,-0.09026718,-0.13418579,-0.1603241,-0.25064087,-0.18777084,-0.298378,-0.37740707,-0.5383949,-0.60359573,-0.4445114,-0.6100998,-0.22114182,-0.6375923,-0.45890808
p216,-0.00028800964,-0.0002861023,-0.0002937317,-0.21002197,-0.07363129,-0.084106445,-0.17133331,-0.16742706,0.0,-0.24759293,-0.35606003,-1.1483994,-0.10294342,-0.21835709,-0.21231651,-0.16571426,-0.21362305,-0.18489075,-0.07317734,-0.056674957,-0.08445358,-0.10097122,-0.15602875,-0.11787033,-0.18571472,-0.25912476,-0.29064178,-0.34729385,-0.48349762,-0.40741348,-0.25662613,-0.37799454,-0.30134583
p217,-0.00044059753,-0.00044250488,-0.00044631958,-0.32095718,-0.110061646,-0.12558365,-0.25849533,-0.25224304,0.0,-0.3874359,-0.6687927,-0.35991287,-0.15446472,-0.33530807,-0.32442856,-0.2510109,-0.32641983,-0.2799759,-0.10934448,-0.08496094,-0.12634277,-0.15097427,-0.23557281,-0.17672348,-0.2803955,-0.3569336,-0.5006752,-0.5575409,-0.48480988,-0.65660095,-0.24050522,-0.86289215,-0.51517105
p218,-0.0004196167,-0.0004196167,-0.0004272461,-0.32484436,-0.111312866,-0.12699509,-0.26151276,-0.25517273,0.0,-0.392231,-0.6794281,-0.35796356,-0.15623856,-0.33942413,-0.32835197,-0.2539749,-0.33036804,-0.28327942,-0.110580444,-0.085933685,-0.12778854,-0.1526947,-0.23832321,-0.17874908,-0.28367615,-0.3605423,-0.5076523,-0.56111526,-0.479084,-0.64992905,-0.24030304,-0.7863617,-0.52267456
p219,-0.00042152405,-0.0004196167,-0.0004272461,-0.32541656,-0.11149216,-0.12721252,-0.26195908,-0.2556076,0.0,-0.3929596,-0.6809082,-0.35826492,-0.15649796,-0.34002686,-0.32893562,-0.2544136,-0.3309517,-0.2837715,-0.110759735,-0.086071014,-0.12799835,-0.15294266,-0.23873138,-0.17904282,-0.28415298,-0.3610382,-0.5086937,-0.56059647,-0.4788437,-0.64679337,-0.2411766,-0.7800484,-0.5283432
p220,-0.00032615662,-0.00032424927,-0.00033187866,-0.25251007,-0.08785629,-0.100307465,-0.2050972,-0.2002945,0.0,-0.30195236,-0.48509598,-0.46305084,-0.12300491,-0.26301956,-0.25520325,-0.1986618,-0.2567749,-0.22161484,-0.08731079,-0.0676918,-0.100803375,-0.1204834,-0.18682861,-0.14078522,-0.22233582,-0.2933159,-0.37776566,-0.44728088,-0.8318672,-0.57631683,-0.29957962,-0.55514145,-0.40467834
p221,-0.0004005432,-0.0004005432,-0.0004043579,-0.29904175,-0.103012085,-0.11756134,-0.24147415,-0.23569489,0.0,-0.3601303,-0.60808945,-0.37909698,-0.14445877,-0.31212616,-0.30225563,-0.23431015,-0.3041153,-0.26135254,-0.10234833,-0.07947159,-0.11823654,-0.14129639,-0.22003555,-0.16529846,-0.26187897,-0.3366928,-0.461792,-0.5315857,-0.53861237,-0.6920433,-0.24738693,-0.8043823,-0.47873688
p222,-0.00040245056,-0.0004043579,-0.0004081726,-0.3083496,-0.10600281,-0.12096405,-0.24870682,-0.24272156,0.0,-0.37187576,-0.6356354,-0.36611176,-0.14871216,-0.3219757,-0.31167412,-0.24140549,-0.313591,-0.2692604,-0.10531616,-0.08180237,-0.12168121,-0.14540863,-0.22663116,-0.17015076,-0.26973343,-0.34495163,-0.4789734,-0.54099274,-0.50268173,-0.6645546,-0.24315262,-0.9339943,-0.50603867
p223,-0.00033569336,-0.00033187866,-0.00033950806,-0.26835632,-0.5431633,-0.5215187,-0.30290985,-0.31020737,0.0,-0.21653748,-0.124053955,-0.080200195,-0.36598587,-0.2657776,-0.26519966,-0.29521942,-0.2632637,-0.2902069,-0.53948593,-0.23987961,-0.45212173,-0.4540367,-0.3071022,-0.3863678,-0.29320145,-0.1751709,-0.1722374,-0.12972641,-0.08954239,-0.10946274,-0.04689789,-0.1113472,-0.08294296
p224,-0.00041007996,-0.0004081726,-0.000415802,-0.31770325,-0.40650177,-0.45731735,-0.35946274,-0.36800766,0.0,-0.2557602,-0.14588928,-0.09435654,-0.43672943,-0.31547928,-0.31391525,-0.34584045,-0.31155777,-0.34459305,-0.40180206,-0.25299835,-0.5236244,-0.46647263,-0.36144638,-0.4418068,-0.3486519,-0.20664597,-0.2028923,-0.15268707,-0.1052742,-0.128685,-0.055130005,-0.13087082,-0.09746933
p225,-0.00041007996,-0.0004119873,-0.0004196167,-0.32815552,-0.4050331,-0.4542961,-0.37122726,-0.3798828,0.0,-0.26396942,-0.15044403,-0.09731293,-0.4514618,-0.3258705,-0.32422638,-0.35698318,-0.3217659,-0.35599136,-0.40044022,-0.25950623,-0.5033417,-0.47087097,-0.3732109,-0.45121765,-0.36014175,-0.2132225,-0.20929718,-0.15747452,-0.10855484,-0.13269806,-0.056854248,-0.13494873,-0.10050964
p226,-0.0004901886,-0.00048828125,-0.00049209595,-0.37641525,-0.34975052,-0.39336014,-0.4240036,-0.431736,0.0,-0.3011551,-0.17098236,-0.11063385,-0.7708702,-0.37283325,-0.37176323,-0.41095734,-0.3687706,-0.4075737,-0.3465538,-0.2698288,-0.4080124,-0.44397354,-0.431839,-0.47359085,-0.41093063,-0.24301147,-0.23822784,-0.17912674,-0.12333679,-0.15076065,-0.064582825,-0.15327835,-0.11415863
p228,-0.00044822693,-0.00044631958,-0.00045013428,-0.3481331,-0.31381607,-0.34156036,-0.38183212,-0.3832779,0.0,-0.27568817,-0.15684891,-0.10147476,-0.42002487,-0.3380127,-0.34352493,-0.40485382,-0.3405571,-0.36954117,-0.31046677,-0.27917862,-0.34859085,-0.37841034,-0.4111557,-0.40501404,-0.36727524,-0.22261047,-0.21836853,-0.1642685,-0.11315918,-0.13832474,-0.059257507,-0.14065552,-0.104766846
p229,-0.0007762909,-0.00077438354,-0.00077819824,-0.5624542,-0.25897217,-0.29162598,-0.5272522,-0.4868698,0.0,-0.40719604,-0.22902298,-0.14829636,-0.36601257,-0.48236465,-0.5513859,-0.6683693,-0.5429306,-0.5443268,-0.25677872,-0.20753098,-0.29610443,-0.3436203,-0.7811241,-0.3935547,-0.49341583,-0.32777405,-0.32022858,-0.24049759,-0.16505814,-0.20175934,-0.08640671,-0.20500946,-0.15266418
p230,-0.0010604858,-0.0010566711,-0.0010643005,-0.737278,-0.20688248,-0.23457718,-0.4754219,-0.44779587,0.0,-0.46178055,-0.25832367,-0.16737747,-0.29196167,-0.5165405,-0.715271,-0.59641266,-0.696846,-0.5292511,-0.20527649,-0.16271591,-0.23723602,-0.28024292,-0.48975754,-0.32653046,-0.47673798,-0.3713951,-0.362072,-0.27178574,-0.1860733,-0.22743607,-0.097400665,-0.23102188,-0.1720314
p231,-0.00077819824,-0.00077438354,-0.00078201294,-0.56172943,-0.24832535,-0.282444,-0.6656761,-0.55779266,0.0,-0.43338776,-0.24305725,-0.15740204,-0.35321426,-0.5353737,-0.5536213,-0.524704,-0.5474129,-0.6669922,-0.24637222,-0.19334412,-0.28590012,-0.33999252,-0.60485077,-0.39985657,-0.5632019,-0.34838867,-0.340271,-0.25540924,-0.1751175,-0.21406937,-0.091667175,-0.2174797,-0.16194916
p232,-0.0007362366,-0.0007362366,-0.00074005127,-0.5520592,-0.23785019,-0.27168274,-0.59314346,-0.591156,0.0,-0.46061325,-0.25748825,-0.1667633,-0.33815384,-0.6023369,-0.5473099,-0.48024368,-0.5440521,-0.61779785,-0.2360611,-0.1830864,-0.27446747,-0.33021164,-0.49052048,-0.3931923,-0.65268326,-0.36966324,-0.36096573,-0.27078247,-0.18545151,-0.22669601,-0.0970726,-0.23028946,-0.1714859
p233,-0.0005245209,-0.0005226135,-0.0005264282,-0.38399887,-0.38290787,-0.50214386,-0.4404335,-0.4658928,0.0,-0.31136703,-0.176651,-0.11430359,-0.44395828,-0.38895798,-0.37968254,-0.39822388,-0.37693024,-0.4233513,-0.3828621,-0.24503326,-0.44426727,-1.033905,-0.41773605,-0.869339,-0.43801498,-0.25115204,-0.24619293,-0.18507767,-0.1274147,-0.15575027,-0.066719055,-0.15834045,-0.117931366
p234,-0.0002822876,-0.0002861023,-0.0002861023,-0.21651077,-0.31476593,-0.30765915,-0.2418747,-0.24503708,0.0,-0.17400742,-0.10013962,-0.06471634,-0.29673767,-0.21197128,-0.21388626,-0.24774551,-0.2122879,-0.23236465,-0.30882645,-0.2563095,-0.31080627,-0.29623032,-0.2544365,-0.283329,-0.23242569,-0.14098358,-0.13881302,-0.104644775,-0.07229996,-0.088386536,-0.03787613,-0.08994293,-0.06700516
p236,-0.0006389618,-0.00064086914,-0.00064849854,-0.47538376,-0.15873718,-0.18092728,-0.377079,-0.36741638,-0.81453323,-1.6316795,-0.31532288,-0.19960403,-0.22379303,-0.49900436,-0.48075676,-0.36776352,-0.48345947,-0.41020203,-0.15761566,-0.12295532,-0.18242264,-0.21784973,-0.34384918,-0.255867,-0.40953064,-0.42939377,-0.4626732,-0.32777023,-0.22397614,-0.27561188,-0.11696625,-0.28063583,-0.20875931
p237,-0.0008125305,-0.0008125305,-0.0008163452,-0.59589386,-0.23024368,-0.2627182,-0.5595665,-0.5652275,0.0,-0.53723145,-0.29803848,-0.19309235,-0.32674026,-0.71863556,-0.5944729,-0.4923401,-0.59353256,-0.5891037,-0.22850418,-0.17778778,-0.26538086,-0.31850815,-0.4837761,-0.37802505,-0.67874527,-0.42972183,-0.41918564,-0.31409836,-0.21447372,-0.26218414,-0.1122551,-0.26625443,-0.198246
p238,-0.00047302246,-0.00046920776,-0.00047683716,-0.3576584,-0.37467194,-0.42953873,-0.40607834,-0.4156685,0.0,-0.28753662,-0.16345978,-0.10575867,-0.493721,-0.3561554,-0.35336685,-0.38546753,-0.3506508,-0.3894844,-0.37144852,-0.25465012,-0.457798,-0.47297287,-0.40489578,-0.477005,-0.39444733,-0.23208237,-0.22763824,-0.1711998,-0.11792374,-0.1441536,-0.06175232,-0.14657211,-0.10916519
p240,-0.36608315,-0.36608124,-0.36608887,-0.48397064,-0.12623596,-0.14371109,-0.28798294,-0.27365875,0.0,-0.2877121,-0.1674118,-0.108078,-0.17624664,-0.31827164,-0.42832756,-0.318779,-0.42014694,-0.32090378,-0.12543869,-0.097976685,-0.14449692,-0.17150116,-0.28042603,-0.19889832,-0.29302597,-0.2340622,-0.23048782,-0.17400742,-0.121032715,-0.14809418,-0.06334305,-0.15061188,-0.11213684
p241,-0.984684,-1.1892319,-0.9662399,-0.4838524,-0.12620926,-0.14367676,-0.28792953,-0.27361298,0.0,-0.28771973,-0.16739273,-0.108062744,-0.17621613,-0.31822968,-0.42823792,-0.31871414,-0.4200592,-0.32085037,-0.12541962,-0.09795761,-0.14447021,-0.17147446,-0.28037262,-0.1988678,-0.29297638,-0.23403168,-0.23046112,-0.17399597,-0.121017456,-0.14807892,-0.06333923,-0.1505928,-0.1121254
p242,-1.0158272,-1.1479263,-1.0320854,-0.48408508,-0.12625885,-0.1437378,-0.2880516,-0.27373505,0.0,-0.2878418,-0.1674614,-0.10810852,-0.17629242,-0.318367,-0.42843437,-0.3188591,-0.42025375,-0.3209877,-0.12546921,-0.09799957,-0.14453125,-0.17154694,-0.28049088,-0.1989479,-0.29309845,-0.23413086,-0.23055649,-0.17406464,-0.12107086,-0.14813614,-0.06336212,-0.15065384,-0.11216736
p243,-1.0446968,-1.1352615,-1.0998764,-0.48433304,-0.12631607,-0.14380264,-0.28818512,-0.27385712,0.0,-0.2879715,-0.16753387,-0.1081543,-0.17637253,-0.31851196,-0.42864418,-0.31900406,-0.42045593,-0.32113266,-0.12552261,-0.09804535,-0.1445961,-0.17161942,-0.28061676,-0.19903564,-0.29323578,-0.23424149,-0.23065948,-0.17414093,-0.12112045,-0.14820099,-0.06339264,-0.15071869,-0.112220764
p244,-1.0471725,-1.1197586,-1.1225395,-0.4845047,-0.12635803,-0.14384842,-0.28827667,-0.27394485,0.0,-0.28806686,-0.16758347,-0.10818863,-0.17641449,-0.31861496,-0.42879105,-0.31911087,-0.42059708,-0.32123184,-0.12556076,-0.09807587,-0.14463806,-0.17167282,-0.2807083,-0.19909668,-0.29332352,-0.23431015,-0.23073196,-0.17419052,-0.121154785,-0.14825058,-0.06341171,-0.1507721,-0.11225891
p245,-1.0607929,-1.1254005,-1.1412926,-0.48469925,-0.12639618,-0.1438942,-0.28837585,-0.2740364,0.0,-0.28816223,-0.16764069,-0.108226776,-0.17647934,-0.3187256,-0.428957,-0.3192253,-0.4207611,-0.3213501,-0.12560654,-0.0981102,-0.14468765,-0.17173004,-0.2808113,-0.19916534,-0.29343033,-0.23439407,-0.23081207,-0.17425156,-0.12119675,-0.14830017,-0.0634346,-0.15081024,-0.11229324
p246,-1.1260777,-0.6670227,-0.49995422,-0.48228073,-0.1258583,-0.14328003,-0.28710175,-0.27283478,0.0,-0.2868805,-0.16692734,-0.10775757,-0.1757164,-0.31729507,-0.42689133,-0.3177681,-0.41875458,-0.31990814,-0.12506866,-0.09768677,-0.14406204,-0.1709938,-0.27955246,-0.19829941,-0.29213715,-0.23336029,-0.229805,-0.17349243,-0.12067795,-0.1476593,-0.06316376,-0.15017319,-0.111816406
p247,-1.0324287,-0.67931366,-0.50800323,-0.48230743,-0.12586212,-0.14328384,-0.28712082,-0.27284622,0.0,-0.28689194,-0.16693497,-0.1077652,-0.17572784,-0.31731033,-0.42691803,-0.31778336,-0.41878128,-0.3199234,-0.12507248,-0.09769058,-0.14407349,-0.17099762,-0.27957153,-0.19831085,-0.2921486,-0.23337173,-0.22981644,-0.17350006,-0.12068558,-0.14767075,-0.06316376,-0.150177,-0.11182022
p248,-0.97577095,-0.95726395,-0.81230545,-0.48355484,-0.12614441,-0.14360428,-0.28778076,-0.27347183,0.0,-0.2875595,-0.167305,-0.10800171,-0.17611694,-0.31805038,-0.42798615,-0.31853867,-0.41981506,-0.32066727,-0.12535095,-0.097904205,-0.14439392,-0.17137909,-0.28021622,-0.19875336,-0.29281616,-0.23390579,-0.23033905,-0.17389297,-0.120952606,-0.147995,-0.0633049,-0.15050888,-0.11207199
p249,-1.0459785,-0.8330536,-0.6545067,-0.48291397,-0.12599945,-0.14344025,-0.28743362,-0.27314377,0.0,-0.28722,-0.16711426,-0.10787964,-0.17591858,-0.31767273,-0.42743874,-0.31815338,-0.41928482,-0.3202858,-0.125206,-0.097797394,-0.14422989,-0.17118835,-0.27988434,-0.19852829,-0.29246902,-0.23363113,-0.23007202,-0.17369843,-0.12081528,-0.14782715,-0.06323624,-0.15034103,-0.11194229
p250,-1.048275,-0.7224808,-0.5486603,-0.4824791,-0.12590027,-0.14333344,-0.28720093,-0.27292633,0.0,-0.2869873,-0.16697693,-0.1077919,-0.17578125,-0.31740952,-0.427063,-0.31788635,-0.4189186,-0.3200264,-0.12511063,-0.09771347,-0.14411163,-0.17105484,-0.27965546,-0.19837189,-0.29224014,-0.23344803,-0.22988892,-0.17355347,-0.12071991,-0.14771271,-0.063186646,-0.1502266,-0.11185074
p251,-0.99931145,-1.0566483,-1.1378326,-0.48417664,-0.12628174,-0.14375687,-0.2881012,-0.273777,0.0,-0.2878914,-0.1674881,-0.10812378,-0.17631531,-0.3184166,-0.4285164,-0.3189125,-0.42032623,-0.3210411,-0.12548447,-0.098018646,-0.14455032,-0.17156601,-0.28054047,-0.19897461,-0.29315186,-0.234169,-0.23059082,-0.17409134,-0.121089935,-0.14816284,-0.063373566,-0.15067291,-0.11218643
p252,-0.9697056,-1.0256615,-0.9993973,-0.48388672,-0.1262207,-0.14368439,-0.2879448,-0.27363205,0.0,-0.287735,-0.16740036,-0.10807037,-0.17622757,-0.31824493,-0.42826462,-0.31873703,-0.4200859,-0.32086563,-0.12542343,-0.09796524,-0.14447784,-0.17147827,-0.28038788,-0.19887543,-0.29299545,-0.23404312,-0.23047256,-0.17399979,-0.12102127,-0.14808273,-0.06334305,-0.15060043,-0.112133026
p253,-5.2429543,-0.4998207,-0.35015488,-0.48165512,-0.12571716,-0.14312363,-0.28677368,-0.27251816,0.0,-0.2865486,-0.16673279,-0.10764313,-0.17551804,-0.31692505,-0.42635918,-0.31739426,-0.4182396,-0.31953812,-0.124931335,-0.09756851,-0.14390564,-0.17080307,-0.27923203,-0.19807434,-0.29180145,-0.23308945,-0.22954178,-0.17329788,-0.12054443,-0.14749908,-0.06309128,-0.15000534,-0.11169052
p254,-4.456911,-0.51888657,-0.36759567,-0.4817314,-0.12573624,-0.1431427,-0.286808,-0.2725525,0.0,-0.28658676,-0.16675568,-0.10765457,-0.17553711,-0.31697083,-0.42642403,-0.3174324,-0.41830063,-0.31957626,-0.124946594,-0.097587585,-0.1439209,-0.17082214,-0.27926636,-0.19810486,-0.2918396,-0.23312378,-0.22957993,-0.17332077,-0.12055588,-0.14751816,-0.06310272,-0.15002441,-0.11170578
p255,-3.8972359,-0.5251274,-0.37331772,-0.4817543,-0.12573624,-0.1431427,-0.28682327,-0.27256775,0.0,-0.28660202,-0.16675568,-0.1076622,-0.17555237,-0.31697845,-0.426445,-0.31745148,-0.4183197,-0.31960297,-0.124946594,-0.097587585,-0.14392853,-0.17083359,-0.2792778,-0.19810867,-0.29185486,-0.2331276,-0.22958374,-0.17333221,-0.12056732,-0.14752197,-0.06310272,-0.15003204,-0.11170578
p256,-3.2760754,-0.53481674,-0.38218307,-0.48179245,-0.12574768,-0.14315414,-0.28684235,-0.272583,0.0,-0.28661346,-0.16677856,-0.107666016,-0.17556,-0.31700516,-0.42647934,-0.31747055,-0.41835022,-0.3196144,-0.12495422,-0.0975914,-0.14393616,-0.17084122,-0.2793045,-0.19812775,-0.29187393,-0.23314667,-0.22960663,-0.17333984,-0.12057114,-0.14753723,-0.06311035,-0.15003967,-0.11171341
p257,-2.6516495,-0.54465866,-0.39118958,-0.4818306,-0.12575912,-0.14316177,-0.28686142,-0.2726059,0.0,-0.28664017,-0.16679001,-0.10766983,-0.17557526,-0.31702805,-0.42651176,-0.31749344,-0.41838455,-0.3196411,-0.12496567,-0.09760666,-0.1439476,-0.17085266,-0.27931976,-0.19813919,-0.291893,-0.23316193,-0.22961426,-0.17335129,-0.120578766,-0.14754868,-0.063114166,-0.15005112,-0.11172867
p258,-2.064045,-0.55241776,-0.39828873,-0.4818611,-0.12575912,-0.14317322,-0.2868805,-0.27262497,0.0,-0.28665543,-0.16679764,-0.10767746,-0.17558289,-0.3170433,-0.42653465,-0.3175087,-0.41841125,-0.31965637,-0.12496948,-0.09761047,-0.14395142,-0.1708641,-0.27933884,-0.19815445,-0.29190826,-0.23317719,-0.22962952,-0.17335892,-0.120586395,-0.1475563,-0.06311798,-0.15005875,-0.11173248
p259,-1.075592,-0.6739197,-0.5047684,-0.482296,-0.1258583,-0.14328384,-0.28710938,-0.27283478,0.0,-0.2868843,-0.16692734,-0.1077652,-0.17572403,-0.31730652,-0.4269085,-0.31777954,-0.41876984,-0.3199234,-0.12506866,-0.09768677,-0.14407349,-0.17099762,-0.2795639,-0.19831085,-0.2921486,-0.23336792,-0.22981644,-0.17349625,-0.12068558,-0.14767075,-0.06316376,-0.150177,-0.111816406
p260,-1.0876427,-0.667305,-0.49930573,-0.48227692,-0.1258583,-0.14328003,-0.28710175,-0.27282715,0.0,-0.28687286,-0.16692352,-0.10775757,-0.1757164,-0.31729126,-0.4268875,-0.3177681,-0.41875458,-0.31990814,-0.12506866,-0.09768677,-0.14406204,-0.17098999,-0.27954865,-0.19829941,-0.29213333,-0.23336029,-0.229805,-0.17349243,-0.12067795,-0.1476593,-0.06316376,-0.15017319,-0.11181259
p261,-1.1089935,-0.7075615,-0.53510666,-0.4824257,-0.1258812,-0.14331436,-0.28718185,-0.27289963,0.0,-0.2869568,-0.16696548,-0.107788086,-0.17576218,-0.317379,-0.4270172,-0.31785202,-0.41887665,-0.31999207,-0.12509155,-0.09770584,-0.14409637,-0.17103195,-0.27962494,-0.19835663,-0.29220963,-0.23342133,-0.22986221,-0.17354202,-0.120708466,-0.14770508,-0.063179016,-0.15020752,-0.111839294
p262,-1.0765285,-0.6915817,-0.52018356,-0.48236084,-0.12587357,-0.1432991,-0.2871437,-0.2728691,0.0,-0.28692245,-0.16694641,-0.10777283,-0.17573929,-0.31734085,-0.4269619,-0.31781387,-0.41882324,-0.31996155,-0.12508392,-0.0976944,-0.14408493,-0.17101288,-0.2795906,-0.19832993,-0.2921753,-0.23339081,-0.22983932,-0.17351532,-0.12069321,-0.14767838,-0.06317139,-0.15019608,-0.111831665
p263,-1.0561638,-0.6806488,-0.5100174,-0.4823227,-0.12586212,-0.14329147,-0.28712082,-0.27284622,0.0,-0.28690338,-0.16693878,-0.10776901,-0.17572784,-0.31731796,-0.42692375,-0.31778717,-0.4187889,-0.31993484,-0.1250763,-0.0976944,-0.14407349,-0.17100525,-0.27957535,-0.19831467,-0.29215622,-0.23337173,-0.22982407,-0.17350769,-0.12068558,-0.14767075,-0.06316376,-0.15018082,-0.11182022
p264,-0.984684,-1.1892319,-0.9662399,-0.4838524,-0.12620926,-0.14367676,-0.28792953,-0.27361298,0.0,-0.28771973,-0.16739273,-0.108062744,-0.17621613,-0.31822968,-0.42823792,-0.31871414,-0.4200592,-0.32085037,-0.12541962,-0.09795761,-0.14447021,-0.17147446,-0.28037262,-0.1988678,-0.29297638,-0.23403168,-0.23046112,-0.17399597,-0.121017456,-0.14807892,-0.06333923,-0.1505928,-0.1121254
p265,-0.9680462,-1.2456322,-0.9149132,-0.48368454,-0.12617111,-0.14364243,-0.2878418,-0.27352905,0.0,-0.28762436,-0.16733932,-0.10803223,-0.17616272,-0.31812286,-0.42809296,-0.31861877,-0.41992188,-0.32074356,-0.12537384,-0.09793091,-0.14442825,-0.17142105,-0.28028107,-0.19880295,-0.29288483,-0.2339592,-0.23038483,-0.17393494,-0.120983124,-0.14802933,-0.06332016,-0.15055084,-0.112091064
p266,-0.9539356,-1.2919579,-0.86961365,-0.48353577,-0.12613678,-0.14359665,-0.28775787,-0.27345657,0.0,-0.28754425,-0.16730118,-0.107997894,-0.17611313,-0.31803894,-0.42796326,-0.3185196,-0.41979218,-0.320652,-0.12534714,-0.097904205,-0.14438629,-0.17137146,-0.28020096,-0.19874954,-0.29280472,-0.23389435,-0.2303276,-0.17388535,-0.12094498,-0.147995,-0.06330109,-0.15050888,-0.11206055
p267,-0.75211906,-3.055441,-0.6192627,-0.48258972,-0.12592697,-0.14336014,-0.28726196,-0.27299118,0.0,-0.28704453,-0.16701508,-0.1078186,-0.17581177,-0.31747437,-0.42715645,-0.31795883,-0.41901398,-0.32009506,-0.12513733,-0.097732544,-0.14414597,-0.17108536,-0.27971268,-0.19840622,-0.29229736,-0.23348999,-0.2299385,-0.1735878,-0.1207428,-0.14774323,-0.06319809,-0.15026093,-0.111881256
p268,-0.8405247,-2.518282,-0.70207596,-0.48292542,-0.12599945,-0.14344788,-0.28744125,-0.2731514,0.0,-0.28722,-0.16711426,-0.10788727,-0.1759224,-0.31767273,-0.42744446,-0.31815338,-0.41929245,-0.32029343,-0.12521362,-0.097797394,-0.14422989,-0.17118835,-0.27988815,-0.19852829,-0.29248047,-0.23363113,-0.23007202,-0.17369843,-0.12081528,-0.14783096,-0.06323624,-0.15034103,-0.11194229
p269,-1.3417645,-0.567646,-0.41220093,-0.48191833,-0.12577438,-0.14318848,-0.286911,-0.27264404,0.0,-0.28668976,-0.16681671,-0.107688904,-0.17560196,-0.31707764,-0.42658615,-0.31755066,-0.41845703,-0.3196907,-0.124988556,-0.09762192,-0.14397049,-0.17087555,-0.27936554,-0.19817352,-0.29193878,-0.23320389,-0.22966003,-0.17337418,-0.12059784,-0.14756775,-0.06312561,-0.15007782,-0.11174393
p270,-1.1928139,-0.5577736,-0.40530396,-0.48189545,-0.12577057,-0.14318848,-0.28689957,-0.2726364,0.0,-0.2866745,-0.16680527,-0.10768509,-0.17559052,-0.3170662,-0.42656326,-0.31753922,-0.41844177,-0.31967926,-0.12498093,-0.0976181,-0.14396286,-0.17087173,-0.2793541,-0.19815826,-0.29192734,-0.23319244,-0.22964478,-0.17337036,-0.12059784,-0.14756012,-0.06311798,-0.15007019,-0.11174011
p271,-1.068285,-0.5516701,-0.40279007,-0.48188782,-0.12577057,-0.14318085,-0.28689194,-0.2726364,0.0,-0.28667068,-0.16680527,-0.10768509,-0.17559052,-0.3170662,-0.42656326,-0.3175354,-0.41843414,-0.31967926,-0.12498093,-0.0976181,-0.14396286,-0.17087173,-0.27934647,-0.19815826,-0.29192352,-0.23318863,-0.22964096,-0.17337036,-0.12059021,-0.14756012,-0.06311798,-0.15007019,-0.11174011
p272,-1.0158272,-1.1479263,-1.0320854,-0.48408508,-0.12625885,-0.1437378,-0.2880516,-0.27373505,0.0,-0.2878418,-0.1674614,-0.10810852,-0.17629242,-0.318367,-0.42843437,-0.3188591,-0.42025375,-0.3209877,-0.12546921,-0.09799957,-0.14453125,-0.17154694,-0.28049088,-0.1989479,-0.29309845,-0.23413086,-0.23055649,-0.17406464,-0.12107086,-0.14813614,-0.06336212,-0.15065384,-0.11216736
p273,-0.98976517,-1.0934029,-1.0115738,-0.48397827,-0.12623978,-0.1437149,-0.2879982,-0.273674,0.0,-0.28778076,-0.16742706,-0.10808563,-0.17625046,-0.31830215,-0.42834282,-0.31879425,-0.42016602,-0.32091904,-0.12545013,-0.097984314,-0.14450455,-0.1715126,-0.28042984,-0.19890594,-0.29304504,-0.23408127,-0.23051453,-0.1740303,-0.121040344,-0.14810944,-0.06335449,-0.15063095,-0.112148285
p274,-0.974247,-1.0562248,-0.99925995,-0.4839096,-0.1262207,-0.14369583,-0.28796005,-0.27363968,0.0,-0.2877426,-0.16740799,-0.10807037,-0.17623138,-0.3182602,-0.4282856,-0.3187561,-0.42010498,-0.32087708,-0.12543106,-0.09797287,-0.14447784,-0.1714859,-0.2803955,-0.19888687,-0.2930107,-0.23405075,-0.23048401,-0.17400742,-0.121025085,-0.14809418,-0.06334305,-0.15060806,-0.112133026
p275,-1.1260777,-0.6670227,-0.49995422,-0.48228073,-0.1258583,-0.14328003,-0.28710175,-0.27283478,0.0,-0.2868805,-0.16692734,-0.10775757,-0.1757164,-0.31729507,-0.42689133,-0.3177681,-0.41875458,-0.31990814,-0.12506866,-0.09768677,-0.14406204,-0.1709938,-0.27955246,-0.19829941,-0.29213715,-0.23336029,-0.229805,-0.17349243,-0.12067795,-0.1476593,-0.06316376,-0.15017319,-0.111816406
p276,-1.0767174,-0.6763153,-0.5077095,-0.48231125,-0.12586212,-0.14328384,-0.28712082,-0.27284622,0.0,-0.28689957,-0.16693497,-0.1077652,-0.17572784,-0.31731033,-0.42691803,-0.31778336,-0.41878128,-0.3199234,-0.12507248,-0.09769058,-0.14407349,-0.17099762,-0.27957153,-0.19831085,-0.2921486,-0.23337173,-0.22982025,-0.17350006,-0.12068558,-0.14767075,-0.06316376,-0.150177,-0.11182022
p277,-1.0660362,-0.6942711,-0.52365875,-0.4823761,-0.12587357,-0.14330292,-0.28714752,-0.27287292,0.0,-0.28692627,-0.16694641,-0.10777283,-0.17574692,-0.3173523,-0.42697525,-0.31782532,-0.4188347,-0.31996155,-0.12508774,-0.09770584,-0.14408875,-0.17102432,-0.27960205,-0.19833374,-0.29218292,-0.23339844,-0.22984314,-0.17351913,-0.120700836,-0.14768982,-0.06317139,-0.15019608,-0.111831665
p278,-1.0446968,-1.1352615,-1.0998764,-0.48433304,-0.12631607,-0.14380264,-0.28818512,-0.27385712,0.0,-0.2879715,-0.16753387,-0.1081543,-0.17637253,-0.31851196,-0.42864418,-0.31900406,-0.42045593,-0.32113266,-0.12552261,-0.09804535,-0.1445961,-0.17161942,-0.28061676,-0.19903564,-0.29323578,-0.23424149,-0.23065948,-0.17414093,-0.12112045,-0.14820099,-0.06339264,-0.15071869,-0.112220764
p279,-1.017416,-1.094883,-1.0934525,-0.4842453,-0.126297,-0.14378357,-0.28813553,-0.27380753,0.0,-0.28792572,-0.16751099,-0.10813904,-0.1763382,-0.31845856,-0.4285698,-0.31895065,-0.42038345,-0.32107925,-0.12550354,-0.098026276,-0.14457321,-0.1715889,-0.2805748,-0.1989975,-0.2931862,-0.23419952,-0.23062134,-0.17411041,-0.121097565,-0.1481781,-0.063381195,-0.15069962,-0.112205505
p280,-1.0023327,-1.0702019,-1.1006012,-0.4841919,-0.12628174,-0.1437645,-0.2881012,-0.27378845,0.0,-0.2878952,-0.16749573,-0.10812378,-0.17631912,-0.31842422,-0.4285221,-0.31892014,-0.4203415,-0.32104492,-0.12548828,-0.098018646,-0.14455032,-0.17157364,-0.28054428,-0.19898224,-0.29315186,-0.23418045,-0.23059464,-0.17409134,-0.121089935,-0.14816666,-0.063373566,-0.15068436,-0.11219406
p281,-1.0471725,-1.1197586,-1.1225395,-0.4845047,-0.12635803,-0.14384842,-0.28827667,-0.27394485,0.0,-0.28806686,-0.16758347,-0.10818863,-0.17641449,-0.31861496,-0.42879105,-0.31911087,-0.42059708,-0.32123184,-0.12556076,-0.09807587,-0.14463806,-0.17167282,-0.2807083,-0.19909668,-0.29332352,-0.23431015,-0.23073196,-0.17419052,-0.121154785,-0.14825058,-0.06341171,-0.1507721,-0.11225891
p282,-1.0353394,-1.1026802,-1.1177254,-0.48449326,-0.12635803,-0.14384842,-0.28826904,-0.2739334,0.0,-0.28805923,-0.16758347,-0.108184814,-0.17641449,-0.31860352,-0.4287815,-0.31910324,-0.42059326,-0.32122803,-0.12555695,-0.09807205,-0.14463806,-0.171669,-0.28070068,-0.19908905,-0.2933197,-0.23430252,-0.23072433,-0.17419052,-0.121154785,-0.14824677,-0.06341171,-0.15076447,-0.1122551
p283,-1.0344887,-1.0985374,-1.1224442,-0.48451996,-0.12635803,-0.14385223,-0.2882805,-0.27394485,0.0,-0.28807068,-0.1675911,-0.108192444,-0.17642593,-0.31861496,-0.4288044,-0.31911469,-0.42060852,-0.32123566,-0.12556076,-0.09807587,-0.14463806,-0.17167282,-0.28071594,-0.1991005,-0.29333496,-0.23431396,-0.23073196,-0.17419815,-0.121162415,-0.14825058,-0.06341553,-0.1507721,-0.11225891
p284,-1.0669594,-0.88386536,-0.67090607,-0.48295593,-0.1260109,-0.14345169,-0.2874565,-0.27316666,0.0,-0.28723907,-0.16712189,-0.10789108,-0.17592621,-0.3176918,-0.42747307,-0.31818008,-0.41931915,-0.32030487,-0.12522125,-0.09780121,-0.1442337,-0.17119598,-0.2799034,-0.19854355,-0.29249573,-0.23364258,-0.23008347,-0.17370605,-0.12082291,-0.14784622,-0.06323624,-0.15035248,-0.111953735
p285,-1.0497284,-0.8489876,-0.6569023,-0.48291397,-0.12599945,-0.14344025,-0.28743362,-0.27314377,0.0,-0.28722,-0.16711426,-0.10787964,-0.17591858,-0.31767273,-0.42743874,-0.31815338,-0.41928482,-0.3202858,-0.125206,-0.097797394,-0.14422989,-0.17118454,-0.27988434,-0.19852829,-0.29246902,-0.23363113,-0.2300682,-0.17369843,-0.12081528,-0.14782715,-0.06323624,-0.15034103,-0.11193848
p286,-1.0607929,-1.1254005,-1.1412926,-0.48469925,-0.12639618,-0.1438942,-0.28837585,-0.2740364,0.0,-0.28816223,-0.16764069,-0.108226776,-0.17647934,-0.3187256,-0.428957,-0.3192253,-0.4207611,-0.3213501,-0.12560654,-0.0981102,-0.14468765,-0.17173004,-0.2808113,-0.19916534,-0.29343033,-0.23439407,-0.23081207,-0.17425156,-0.12119675,-0.14830017,-0.0634346,-0.15081024,-0.11229324
p287,-1.0464706,-1.108799,-1.1267128,-0.48467636,-0.12638855,-0.14388657,-0.2883644,-0.27402496,0.0,-0.2881546,-0.16763687,-0.10822296,-0.17647934,-0.31871414,-0.42893982,-0.31921387,-0.42074203,-0.32133484,-0.1255951,-0.098098755,-0.14468002,-0.17172623,-0.28079224,-0.1991539,-0.29341507,-0.23439026,-0.23080063,-0.17424774,-0.12119293,-0.14830017,-0.063430786,-0.15081024,-0.11228943
p288,-1.0418129,-1.1027718,-1.1221237,-0.48468018,-0.12638855,-0.14388657,-0.2883644,-0.27402496,0.0,-0.28815842,-0.16763687,-0.10822296,-0.17647934,-0.31871796,-0.42893982,-0.31921387,-0.42074203,-0.32133865,-0.1255951,-0.098098755,-0.14468002,-0.17172623,-0.28079605,-0.19916534,-0.2934227,-0.23439026,-0.23080444,-0.17424774,-0.12119293,-0.14830017,-0.0634346,-0.15081024,-0.11228943
p289,-1.048275,-0.7224808,-0.5486603,-0.4824791,-0.12590027,-0.14333344,-0.28720093,-0.27292633,0.0,-0.2869873,-0.16697693,-0.1077919,-0.17578125,-0.31740952,-0.427063,-0.31788635,-0.4189186,-0.3200264,-0.12511063,-0.09771347,-0.14411163,-0.17105484,-0.27965546,-0.19837189,-0.29224014,-0.23344803,-0.22988892,-0.17355347,-0.12071991,-0.14771271,-0.063186646,-0.1502266,-0.11185074
p290,-1.0428123,-0.69446945,-0.523098,-0.48236847,-0.12587357,-0.14330292,-0.28714752,-0.27287292,0.0,-0.28692627,-0.16694641,-0.10777283,-0.17574692,-0.3173523,-0.42697334,-0.3178215,-0.4188347,-0.31996155,-0.12508774,-0.09770584,-0.14408875,-0.17102432,-0.27960205,-0.19833374,-0.29218292,-0.23339844,-0.22984314,-0.17351913,-0.12069321,-0.14768982,-0.06317139,-0.15019608,-0.111831665
p291,-0.9697056,-1.0256615,-0.9993973,-0.48388672,-0.1262207,-0.14368439,-0.2879448,-0.27363205,0.0,-0.287735,-0.16740036,-0.10807037,-0.17622757,-0.31824493,-0.42826462,-0.31873703,-0.4200859,-0.32086563,-0.12542343,-0.09796524,-0.14447784,-0.17147827,-0.28038788,-0.19887543,-0.29299545,-0.23404312,-0.23047256,-0.17399979,-0.12102127,-0.14808273,-0.06334305,-0.15060043,-0.112133026
p292,-0.9390087,-0.98332214,-1.0255814,-0.4838829,-0.1262207,-0.14368439,-0.2879448,-0.27363205,0.0,-0.287735,-0.16739655,-0.10806656,-0.17622757,-0.31824493,-0.4282608,-0.31873703,-0.4200821,-0.32086182,-0.12542343,-0.09796524,-0.14447403,-0.17147827,-0.28038788,-0.19887161,-0.29299545,-0.23404312,-0.23047256,-0.17399979,-0.12102127,-0.14808273,-0.06334305,-0.15059662,-0.112133026
p293,-1.0654411,-1.1273994,-1.1455956,-0.48477936,-0.12641907,-0.1439209,-0.28841782,-0.27408218,0.0,-0.28821182,-0.16766739,-0.10823822,-0.17651367,-0.31877518,-0.42902756,-0.31927872,-0.42082977,-0.3213997,-0.12562561,-0.09812546,-0.14470673,-0.17175674,-0.28084564,-0.19919205,-0.2934723,-0.2344284,-0.2308464,-0.17428207,-0.12121582,-0.14832306,-0.063446045,-0.15084076,-0.1123085
p294,-1.0582008,-1.1183777,-1.1370316,-0.48479462,-0.12641907,-0.1439209,-0.28842926,-0.274086,0.0,-0.28821564,-0.1676712,-0.108242035,-0.17651367,-0.3187828,-0.4290409,-0.31928635,-0.4208374,-0.32140732,-0.12562561,-0.09812546,-0.14471436,-0.17175674,-0.2808571,-0.19919968,-0.29347992,-0.23443222,-0.23085403,-0.17429352,-0.121219635,-0.14832306,-0.063446045,-0.15084457,-0.1123085
p295,-0.9488182,-0.54896927,-0.40463638,-0.4819069,-0.12577438,-0.14318848,-0.28689957,-0.27264404,0.0,-0.28668213,-0.1668129,-0.10768509,-0.17559433,-0.31707764,-0.4265728,-0.31753922,-0.4184456,-0.3196907,-0.12498474,-0.0976181,-0.14396286,-0.17087555,-0.27936172,-0.19816208,-0.29193115,-0.23319626,-0.22964859,-0.17337418,-0.12059784,-0.14756775,-0.06312561,-0.15007019,-0.11174011
p296,-0.96559906,-0.6009865,-0.45419693,-0.4821167,-0.12582016,-0.14323807,-0.287014,-0.27275085,0.0,-0.28679276,-0.16687393,-0.107730865,-0.175663,-0.3171997,-0.4267578,-0.31767273,-0.41862488,-0.3198166,-0.12503052,-0.097652435,-0.14402008,-0.1709404,-0.27946472,-0.19824219,-0.2920494,-0.233284,-0.22974014,-0.17343903,-0.1206398,-0.14762115,-0.063144684,-0.15012741,-0.11177826
p297,-0.98980904,-0.6563034,-0.50679016,-0.48234177,-0.12586975,-0.14329529,-0.28713608,-0.2728653,0.0,-0.28691483,-0.1669426,-0.10777283,-0.17573929,-0.3173256,-0.42694664,-0.31780243,-0.41880417,-0.31994247,-0.1250763,-0.0976944,-0.14408493,-0.17100906,-0.2795868,-0.19831848,-0.29216766,-0.23338318,-0.22983551,-0.1735115,-0.12069321,-0.14767838,-0.06316376,-0.15018463,-0.11182785
p298,-1.0158958,-0.7152786,-0.56292343,-0.48257828,-0.12592316,-0.14336014,-0.28725815,-0.27298355,0.0,-0.2870369,-0.16701126,-0.1078186,-0.17581177,-0.31747437,-0.42714882,-0.31794357,-0.41900635,-0.32008362,-0.12513733,-0.097732544,-0.14414597,-0.17108536,-0.27970886,-0.19840622,-0.29229355,-0.23348618,-0.22992706,-0.17358398,-0.1207428,-0.14774323,-0.06319809,-0.15024948,-0.11187363
p299,-0.99931145,-1.0566483,-1.1378326,-0.48417664,-0.12628174,-0.14375687,-0.2881012,-0.273777,0.0,-0.2878914,-0.1674881,-0.10812378,-0.17631531,-0.3184166,-0.4285164,-0.3189125,-0.42032623,-0.3210411,-0.12548447,-0.098018646,-0.14455032,-0.17156601,-0.28054047,-0.19897461,-0.29315186,-0.234169,-0.23059082,-0.17409134,-0.121089935,-0.14816284,-0.063373566,-0.15067291,-0.11218643
p300,-1.0204697,-1.0817146,-1.1289711,-0.48436356,-0.1263237,-0.14381409,-0.28820038,-0.27387238,0.0,-0.28799057,-0.16754532,-0.10815811,-0.17637634,-0.31852722,-0.42867088,-0.31902313,-0.42048264,-0.32114792,-0.12553024,-0.09805298,-0.1445961,-0.17163086,-0.28063202,-0.19904709,-0.29325104,-0.23425293,-0.23067093,-0.17414474,-0.12112427,-0.14821243,-0.06339264,-0.15073013,-0.11222839
p301,-0.97577095,-0.95726395,-0.81230545,-0.48355484,-0.12614441,-0.14360428,-0.28778076,-0.27347183,0.0,-0.2875595,-0.167305,-0.10800171,-0.17611694,-0.31805038,-0.42798615,-0.31853867,-0.41981506,-0.32066727,-0.12535095,-0.097904205,-0.14439392,-0.17137909,-0.28021622,-0.19875336,-0.29281616,-0.23390579,-0.23033905,-0.17389297,-0.120952606,-0.147995,-0.0633049,-0.15050888,-0.11207199
p302,-1.000536,-0.9146576,-0.75681305,-0.48331833,-0.12608719,-0.14354324,-0.28764725,-0.27334976,0.0,-0.2874298,-0.16723633,-0.10795975,-0.17604446,-0.31791306,-0.42778015,-0.3183937,-0.4196167,-0.32052994,-0.12530136,-0.09786987,-0.14433289,-0.17130661,-0.28009415,-0.19866943,-0.29269028,-0.23380661,-0.23023605,-0.1738205,-0.1208992,-0.14793777,-0.0632782,-0.15044403,-0.11201477
p303,-1.0162373,-0.8718338,-0.70430374,-0.48310852,-0.1260376,-0.14349365,-0.28754044,-0.27323914,0.0,-0.28731918,-0.16716766,-0.1079216,-0.1759758,-0.31778336,-0.42760277,-0.31826782,-0.41944122,-0.32040024,-0.12524796,-0.097831726,-0.14427948,-0.17124176,-0.27998352,-0.19859695,-0.29257584,-0.23370361,-0.23014832,-0.17375183,-0.120853424,-0.14788055,-0.06325531,-0.15039825,-0.11197662
p304,-1.0246277,-1.0835762,-1.1073914,-0.48461914,-0.12638092,-0.14387512,-0.28833008,-0.27399826,0.0,-0.2881279,-0.16762161,-0.10821152,-0.17646027,-0.3186798,-0.4288864,-0.31918335,-0.42069244,-0.3213005,-0.12558746,-0.09809494,-0.14466476,-0.17170334,-0.28076935,-0.19913101,-0.29338074,-0.23435593,-0.23077774,-0.17422867,-0.12117767,-0.14827347,-0.06342697,-0.15079117,-0.1122818
p305,-0.9733505,-1.02491,-1.0421638,-0.48462677,-0.12638092,-0.14387512,-0.28834152,-0.27399826,0.0,-0.2881279,-0.16762543,-0.10821152,-0.17646027,-0.31868362,-0.42889977,-0.31918335,-0.42070007,-0.3213005,-0.12559128,-0.09809494,-0.14466858,-0.17170334,-0.28076935,-0.19913864,-0.29339218,-0.23435974,-0.23078537,-0.17422867,-0.12118149,-0.1482811,-0.06342697,-0.15079498,-0.1122818
p306,-0.94000435,-0.5761337,-0.43193436,-0.48202515,-0.12580109,-0.14321518,-0.28696442,-0.27270508,0.0,-0.28674316,-0.16684341,-0.10771179,-0.1756401,-0.31713867,-0.4266739,-0.3176117,-0.41854477,-0.31975174,-0.12500763,-0.09764099,-0.144001,-0.17091751,-0.27942657,-0.19821167,-0.291996,-0.23324585,-0.22969818,-0.17341232,-0.12062454,-0.14759445,-0.06313324,-0.15010452,-0.111763
p307,-0.978981,-0.633461,-0.48633957,-0.48225784,-0.12584686,-0.14327621,-0.2870865,-0.2728157,0.0,-0.28686523,-0.16691208,-0.10775375,-0.17570877,-0.317276,-0.42687225,-0.31774902,-0.4187355,-0.3199005,-0.12506485,-0.09767914,-0.14406204,-0.17098618,-0.2795372,-0.1982956,-0.2921219,-0.23334885,-0.22978973,-0.1734848,-0.12067032,-0.1476593,-0.06315231,-0.15016556,-0.11181259
p308,-1.0233803,-0.693573,-0.5432358,-0.48249817,-0.1259079,-0.14333344,-0.28721237,-0.27293777,0.0,-0.28699493,-0.16698837,-0.107803345,-0.17578506,-0.31742477,-0.42707825,-0.31789398,-0.41893768,-0.32003403,-0.12511063,-0.097724915,-0.14412308,-0.17105484,-0.2796631,-0.19837952,-0.2922516,-0.23345566,-0.22989655,-0.1735611,-0.120723724,-0.14772415,-0.063186646,-0.15023041,-0.11185455
p309,-1.0699139,-0.7561302,-0.6027031,-0.48274994,-0.12595749,-0.1434021,-0.2873497,-0.27306366,0.0,-0.28712845,-0.16706085,-0.10784531,-0.17586517,-0.31757355,-0.42729568,-0.31804657,-0.4191475,-0.32019043,-0.12517166,-0.097766876,-0.14418411,-0.17113495,-0.27980042,-0.19846725,-0.2923851,-0.23355865,-0.22999954,-0.1736412,-0.12077713,-0.14778519,-0.06321716,-0.15029907,-0.111904144
p310,-1.0420227,-0.788002,-0.6388588,-0.48291397,-0.12599945,-0.14344025,-0.28743362,-0.27314377,0.0,-0.28722,-0.16711426,-0.10787964,-0.17591476,-0.31767273,-0.42743492,-0.31815338,-0.41928482,-0.3202858,-0.125206,-0.097797394,-0.14422607,-0.17118454,-0.27988434,-0.19852829,-0.29246902,-0.23363113,-0.2300682,-0.17369843,-0.12081528,-0.14782715,-0.06323624,-0.15034103,-0.11193848
p311,-0.9835892,-0.81466675,-0.6951523,-0.48322296,-0.1260643,-0.14352036,-0.28759384,-0.273304,0.0,-0.28738022,-0.167202,-0.107940674,-0.17602158,-0.31785202,-0.42769814,-0.3183365,-0.4195404,-0.32047653,-0.12527847,-0.0978508,-0.14430618,-0.17128372,-0.28004456,-0.1986351,-0.2926407,-0.23375702,-0.23020172,-0.17378998,-0.12088013,-0.14790726,-0.06327057,-0.15042496,-0.1119957
p312,-0.8619232,-0.8667221,-0.88946915,-0.48387527,-0.12620926,-0.14368057,-0.28792953,-0.2736168,0.0,-0.28762436,-0.16738129,-0.1080513,-0.17621613,-0.3182106,-0.42824745,-0.3187294,-0.42006683,-0.32084656,-0.12541962,-0.09795761,-0.14447021,-0.17147446,-0.28037262,-0.1988678,-0.29297256,-0.23400879,-0.23043823,-0.17397308,-0.1210022,-0.14806366,-0.06333542,-0.15058136,-0.11211777
p313,-0.843153,-0.8358841,-0.82362366,-0.48368073,-0.1261673,-0.1436348,-0.28782654,-0.27350998,0.0,-0.28751755,-0.16732407,-0.10801697,-0.17615128,-0.31809616,-0.4280815,-0.31860352,-0.4199028,-0.3207283,-0.12537384,-0.09793091,-0.14442062,-0.17142105,-0.28026962,-0.1987915,-0.29286575,-0.23392487,-0.23035812,-0.17391205,-0.12096405,-0.14801407,-0.06331253,-0.15053177,-0.11207962
p314,-1.0726147,-1.1291962,-1.147171,-0.48498154,-0.12645721,-0.14397049,-0.28853226,-0.27417374,0.0,-0.28831863,-0.16772842,-0.10828018,-0.17657089,-0.31889725,-0.42919922,-0.3194046,-0.4209938,-0.32152176,-0.12566757,-0.09815979,-0.14476013,-0.17181396,-0.2809639,-0.19926453,-0.29358292,-0.23451233,-0.23092651,-0.1743393,-0.1212616,-0.14837646,-0.0634613,-0.15089417,-0.11235428
p315,-1.0232067,-1.0761604,-1.0924492,-0.48485184,-0.12643433,-0.14393997,-0.28845596,-0.2741089,0.0,-0.28824615,-0.16769028,-0.10825729,-0.17653275,-0.31881714,-0.4290867,-0.31932068,-0.42088318,-0.32144165,-0.12563324,-0.09813309,-0.1447258,-0.17177582,-0.28089142,-0.19921875,-0.29351425,-0.23446274,-0.23088074,-0.17430878,-0.121234894,-0.14833832,-0.06345749,-0.15085983,-0.11231995
p316,-0.39260864,-0.39260864,-0.39261246,-0.483963,-0.12622833,-0.14371109,-0.28798294,-0.27365875,0.0,-0.2877121,-0.1674118,-0.108078,-0.17624664,-0.31827164,-0.42832565,-0.318779,-0.42014313,-0.32090378,-0.12543869,-0.097976685,-0.1444931,-0.17150116,-0.2804222,-0.1988945,-0.29302597,-0.2340622,-0.23048401,-0.17400742,-0.121032715,-0.14809418,-0.06334305,-0.15061188,-0.11213684
p317,-0.45646477,-0.45732498,-0.45791245,-0.48415375,-0.12627792,-0.14375305,-0.2880783,-0.27375793,0.0,-0.28781128,-0.16746902,-0.10811615,-0.17630386,-0.3183899,-0.42848778,-0.31889725,-0.42029953,-0.3210106,-0.12548447,-0.09801102,-0.1445427,-0.1715622,-0.28051758,-0.19896698,-0.29312515,-0.23414612,-0.2305603,-0.17406845,-0.12107468,-0.14814758,-0.06336975,-0.15066528,-0.1121788
p318,-0.52155876,-0.52321243,-0.5241928,-0.48434067,-0.12631607,-0.14380264,-0.28817368,-0.2738495,0.0,-0.28791046,-0.16751862,-0.10815048,-0.17636871,-0.3184929,-0.428648,-0.31900787,-0.42045593,-0.32112503,-0.12552261,-0.098041534,-0.1445961,-0.1716156,-0.28062057,-0.19903183,-0.29322815,-0.2342186,-0.23065186,-0.17412949,-0.12110901,-0.14819717,-0.063388824,-0.15070724,-0.11221695
p319,-0.39260864,-0.39260864,-0.39261246,-0.483963,-0.12622833,-0.14371109,-0.28798294,-0.27365875,0.0,-0.2877121,-0.1674118,-0.108078,-0.17624664,-0.31827164,-0.42832565,-0.318779,-0.42014313,-0.32090378,-0.12543869,-0.097976685,-0.1444931,-0.17150116,-0.2804222,-0.1988945,-0.29302597,-0.2340622,-0.23048401,-0.17400742,-0.121032715,-0.14809418,-0.06334305,-0.15061188,-0.11213684
p320,-0.6951065,-0.67871475,-0.63599396,-0.4837036,-0.12617493,-0.1436348,-0.28783798,-0.27352905,0.0,-0.28754425,-0.16732788,-0.10802078,-0.17616272,-0.3181076,-0.4281025,-0.31861877,-0.4199295,-0.32073975,-0.12537384,-0.09793091,-0.14442825,-0.17142105,-0.28028488,-0.19880295,-0.29288483,-0.23393631,-0.23036575,-0.17391586,-0.12097168,-0.1480217,-0.06331253,-0.1505394,-0.112083435
p321,-0.0009422302,-0.0009384155,-0.0009460449,-0.6633644,-0.17819595,-0.20251846,-0.4173622,-0.3965187,0.0,-0.4356575,-0.24416351,-0.15819931,-0.25130463,-0.4765091,-1.7426853,-0.46349716,-0.65880966,-0.4682846,-0.17687607,-0.1391983,-0.20452118,-0.24274826,-0.40569687,-0.28374863,-0.42761993,-0.35069656,-0.3419838,-0.256752,-0.17591476,-0.21500778,-0.09209442,-0.21841812,-0.16265488
p322,-0.00096321106,-0.0009613037,-0.0009689331,-0.67220306,-0.1800766,-0.20464706,-0.42183685,-0.40065765,0.0,-0.43943405,-0.246212,-0.15953064,-0.25398636,-0.4811058,-1.6282063,-0.46907043,-0.6659508,-0.47349167,-0.17873383,-0.14068222,-0.2066803,-0.24529648,-0.41028976,-0.28673172,-0.4319725,-0.35369492,-0.34488297,-0.2589302,-0.17738724,-0.2168045,-0.092853546,-0.22024536,-0.1640091
p323,-0.0009860992,-0.0009841919,-0.0009918213,-0.6855202,-0.18267441,-0.20758057,-0.42794418,-0.40623474,0.0,-0.44366455,-0.24851608,-0.161026,-0.25768661,-0.4868126,-1.3806953,-0.47719574,-0.6752815,-0.48076248,-0.18131256,-0.1427536,-0.20966339,-0.24880219,-0.41680527,-0.29084396,-0.43772507,-0.3570633,-0.34814453,-0.26137543,-0.17903519,-0.21883011,-0.09373093,-0.22229767,-0.1655426
p324,-0.0009975433,-0.000995636,-0.0010032654,-0.70049286,-0.18556976,-0.21084976,-0.43475723,-0.4124298,0.0,-0.44828415,-0.25101852,-0.16265106,-0.2618103,-0.4931221,-1.1469173,-0.4862976,-0.685524,-0.48888016,-0.18418121,-0.14505768,-0.2129898,-0.25270844,-0.4240799,-0.29540253,-0.4440918,-0.36073303,-0.35169983,-0.26403427,-0.18083954,-0.221035,-0.09466171,-0.22452545,-0.167202
p325,-0.0009422302,-0.0009384155,-0.0009460449,-0.6633644,-0.17819595,-0.20251846,-0.4173622,-0.3965187,0.0,-0.4356575,-0.24416351,-0.15819931,-0.25130463,-0.4765091,-1.7426853,-0.46349716,-0.65880966,-0.4682846,-0.17687607,-0.1391983,-0.20452118,-0.24274826,-0.40569687,-0.28374863,-0.42761993,-0.35069656,-0.3419838,-0.256752,-0.17591476,-0.21500778,-0.09209442,-0.21841812,-0.16265488
p326,-0.0009460449,-0.0009460449,-0.0009498596,-0.6563263,-0.17663956,-0.2007637,-0.41365814,-0.39305878,0.0,-0.4323082,-0.2423439,-0.15702057,-0.2490921,-0.47256088,-1.7082729,-0.4589882,-0.6528015,-0.46398926,-0.17533493,-0.13796234,-0.20273209,-0.24063873,-0.40193176,-0.28126526,-0.42395782,-0.34802628,-0.33939362,-0.2548256,-0.17461014,-0.21340942,-0.09141159,-0.21679688,-0.16144562
p327,-0.00092315674,-0.00092697144,-0.00093078613,-0.6511917,-0.17548752,-0.19946289,-0.41090012,-0.39047623,0.0,-0.42972946,-0.2409401,-0.15611267,-0.24743652,-0.46956635,-1.6831131,-0.4556656,-0.6483002,-0.4608078,-0.17419052,-0.13705063,-0.20140076,-0.23907089,-0.39914322,-0.27941895,-0.4212036,-0.34597397,-0.3374138,-0.25334167,-0.17360306,-0.21218109,-0.09088135,-0.2155571,-0.16052246
p328,-0.00092697144,-0.00092315674,-0.00093078613,-0.647377,-0.17461777,-0.19847488,-0.4088173,-0.38853836,0.0,-0.42776108,-0.2398758,-0.1554184,-0.24620438,-0.46730042,-1.6623116,-0.45318985,-0.64491653,-0.4584198,-0.1733284,-0.1363678,-0.20040512,-0.23788834,-0.39705658,-0.2780304,-0.41913605,-0.34441376,-0.33589935,-0.25221252,-0.17283249,-0.21124649,-0.090480804,-0.21460724,-0.15981293
p329,-0.00091552734,-0.00091171265,-0.00091552734,-0.64468765,-0.1740036,-0.1977768,-0.40734482,-0.38715363,0.0,-0.42634583,-0.23911667,-0.15492249,-0.24532318,-0.46567535,-1.6452198,-0.4514389,-0.64250183,-0.45672607,-0.17271423,-0.1358757,-0.1996994,-0.23705292,-0.39557648,-0.27703857,-0.41765594,-0.34328842,-0.33480835,-0.25139236,-0.17227936,-0.21057129,-0.0901947,-0.2139206,-0.15930557
p330,-0.0009059906,-0.00090789795,-0.00091171265,-0.64300156,-0.17362213,-0.19734192,-0.4064331,-0.38630295,0.0,-0.42549133,-0.23864746,-0.15461731,-0.2447815,-0.46467972,-1.6389847,-0.45034027,-0.6410179,-0.45567703,-0.1723404,-0.13557434,-0.19926071,-0.23653793,-0.39465332,-0.27643585,-0.41674805,-0.3426056,-0.33415222,-0.25090027,-0.17195511,-0.21016312,-0.090019226,-0.2135086,-0.1590004
p331,-0.00092315674,-0.00092315674,-0.00092697144,-0.6422577,-0.1734848,-0.19719315,-0.40610504,-0.38600922,0.0,-0.42528534,-0.23853302,-0.15454483,-0.24457932,-0.46439743,-1.6480522,-0.44990158,-0.6405258,-0.4552803,-0.17219543,-0.13546371,-0.19909668,-0.2363472,-0.39430237,-0.2762146,-0.41643906,-0.34244537,-0.33399582,-0.25078583,-0.17187119,-0.21006775,-0.08998108,-0.21340942,-0.15893173
p332,-0.00091934204,-0.00091934204,-0.00092697144,-0.64240265,-0.17360306,-0.19733429,-0.40641022,-0.38632965,0.0,-0.42590332,-0.23886108,-0.15476227,-0.24475098,-0.46493912,-1.664856,-0.45010376,-0.6411667,-0.4555893,-0.1723175,-0.13555527,-0.19923782,-0.23651505,-0.39453888,-0.27641296,-0.41682434,-0.34293365,-0.33446503,-0.25113678,-0.17211151,-0.21035385,-0.09010315,-0.21370316,-0.15914536
p333,-0.00091934204,-0.00091934204,-0.00092315674,-0.6412239,-0.17303467,-0.19667816,-0.40499496,-0.3848915,0.0,-0.423481,-0.23755264,-0.15391159,-0.24394226,-0.4627037,-2.0081863,-0.4489746,-0.6384201,-0.45411682,-0.17175293,-0.13511658,-0.1985817,-0.23572159,-0.39336014,-0.27547073,-0.41516113,-0.3409996,-0.33260345,-0.2497406,-0.17116928,-0.20920563,-0.08960724,-0.21253586,-0.15827179
p334,-0.0009174347,-0.00091934204,-0.00092315674,-0.63640976,-0.17189026,-0.19538498,-0.402256,-0.3823166,0.0,-0.42073822,-0.23606491,-0.15294266,-0.24230957,-0.4596176,-2.0557137,-0.44578552,-0.6338959,-0.45099258,-0.17062378,-0.13422012,-0.19726562,-0.234169,-0.3906479,-0.2736473,-0.41239166,-0.3388176,-0.33048248,-0.24816132,-0.17009735,-0.20789719,-0.08905792,-0.21120834,-0.15728378
p335,-0.0009059906,-0.00090789795,-0.00091171265,-0.6340561,-0.17133713,-0.19475555,-0.40091705,-0.38106918,0.0,-0.419384,-0.23533249,-0.15246582,-0.2415123,-0.4581108,-2.067524,-0.44423294,-0.63168335,-0.44947433,-0.17007446,-0.13377762,-0.19662857,-0.23340988,-0.389328,-0.27274704,-0.41103745,-0.33774185,-0.3294487,-0.2473793,-0.16957474,-0.2072525,-0.08877182,-0.21055603,-0.15680313
p336,-0.00091934204,-0.00091934204,-0.00092315674,-0.6412239,-0.17303467,-0.19667816,-0.40499496,-0.3848915,0.0,-0.423481,-0.23755264,-0.15391159,-0.24394226,-0.4627037,-2.0081863,-0.4489746,-0.6384201,-0.45411682,-0.17175293,-0.13511658,-0.1985817,-0.23572159,-0.39336014,-0.27547073,-0.41516113,-0.3409996,-0.33260345,-0.2497406,-0.17116928,-0.20920563,-0.08960724,-0.21253586,-0.15827179
p337,-0.00088500977,-0.00088119507,-0.00088882446,-0.6243553,-0.16889572,-0.1919899,-0.39505386,-0.3754959,0.0,-0.4130249,-0.23188019,-0.15022278,-0.23803711,-0.45119476,-2.01363,-0.4376526,-0.6218071,-0.4428444,-0.16765594,-0.13185501,-0.19382095,-0.23008728,-0.38362122,-0.26882553,-0.40499496,-0.33267975,-0.32455063,-0.24372101,-0.16709137,-0.20422363,-0.08747864,-0.20748138,-0.15451813
p338,-0.0008716583,-0.000869751,-0.0008773804,-0.6092148,-0.1651535,-0.18774796,-0.38606644,-0.3669815,0.0,-0.40350342,-0.22669983,-0.14686966,-0.23270035,-0.4407425,-1.9955387,-0.42745972,-0.6067848,-0.43265915,-0.16394806,-0.12891006,-0.18951416,-0.22498322,-0.3748169,-0.26281738,-0.3957901,-0.32509232,-0.31720734,-0.23823929,-0.16337585,-0.19968033,-0.08553696,-0.20287704,-0.15107727
p339,-0.0008544922,-0.0008468628,-0.0008544922,-0.5952797,-0.16169357,-0.18382645,-0.37776947,-0.35913086,0.0,-0.39472198,-0.22192383,-0.1437645,-0.22777176,-0.43109894,-1.9838142,-0.41806793,-0.5929489,-0.42325974,-0.16051102,-0.12618256,-0.1855278,-0.22027206,-0.36669922,-0.25725937,-0.3872757,-0.31808853,-0.31044388,-0.23316574,-0.15994263,-0.19548035,-0.083732605,-0.19862366,-0.1479187
p340,-0.001121521,-0.001121521,-0.0011253357,-0.7661247,-0.18818665,-0.21372986,-0.43915176,-0.41542816,0.0,-0.441082,-0.24715805,-0.16013336,-0.26548767,-0.49028015,-0.69197273,-0.5033684,-0.67367554,-0.49437332,-0.18676758,-0.14730453,-0.21594238,-0.25595093,-0.4335289,-0.2989235,-0.44555664,-0.35498047,-0.3461876,-0.25991058,-0.17806625,-0.21763992,-0.09321594,-0.22109604,-0.16464233
p341,-0.0011501312,-0.0011482239,-0.0011558533,-0.7810669,-0.1914978,-0.2174797,-0.44711304,-0.42292404,0.0,-0.4491577,-0.25152206,-0.16296387,-0.2702217,-0.49929047,-0.70539284,-0.51276016,-0.68663025,-0.5034447,-0.19005203,-0.14993286,-0.2197609,-0.2604637,-0.4414673,-0.30425262,-0.4536171,-0.3614006,-0.35238647,-0.26454926,-0.18119049,-0.2214737,-0.09485626,-0.22497559,-0.16753387
p342,-0.0008983612,-0.00089645386,-0.00090408325,-0.61354065,-0.22224045,-0.25033188,-0.46974182,-0.43903732,0.0,-0.40989685,-0.23027802,-0.14915466,-0.3117981,-0.46837997,-0.59799576,-1.1953278,-0.58543015,-0.50141144,-0.2204094,-0.17834854,-0.2536354,-0.29545212,-0.5471115,-0.33961487,-0.45554733,-0.33002472,-0.3222046,-0.2419548,-0.16594696,-0.2028389,-0.0868721,-0.2060852,-0.1534729
p343,-0.0009288788,-0.00093078613,-0.00093460083,-0.6212654,-0.22511292,-0.25354385,-0.47568893,-0.4445839,0.0,-0.414917,-0.23301315,-0.1509285,-0.3158455,-0.47418976,-0.6055126,-1.2162895,-0.59275055,-0.5077667,-0.22324753,-0.18069458,-0.2569008,-0.2992363,-0.5543442,-0.34396744,-0.46126175,-0.33402634,-0.32606888,-0.24484253,-0.16791153,-0.20523834,-0.0879097,-0.2085228,-0.15528488
p344,-0.0009899139,-0.0009918213,-0.000995636,-0.6901665,-0.20885468,-0.2364502,-0.4701805,-0.44116974,0.0,-0.4407692,-0.24696732,-0.15999985,-0.29441452,-0.4959526,-0.6705055,-0.7198715,-0.65420914,-0.51597214,-0.20721054,-0.16503525,-0.23923874,-0.28160477,-0.5048027,-0.326931,-0.46592712,-0.35465622,-0.34592438,-0.25969696,-0.17792511,-0.21747208,-0.09314728,-0.22092438,-0.16451645
p345,-0.0009689331,-0.0009689331,-0.0009765625,-0.655674,-0.21856308,-0.24678421,-0.47653198,-0.44584656,0.0,-0.42881775,-0.24052048,-0.15581131,-0.3074379,-0.4864998,-0.63809013,-0.96479416,-0.6236572,-0.5147705,-0.21680069,-0.1741066,-0.24990463,-0.2925415,-0.53630066,-0.3379097,-0.46630096,-0.34511566,-0.33675385,-0.2528305,-0.17329788,-0.21182251,-0.090724945,-0.21520233,-0.16025543
p346,-0.0011806488,-0.0011787415,-0.0011863708,-0.8235321,-0.1900444,-0.21586227,-0.444561,-0.42076874,0.0,-0.44895935,-0.25141907,-0.16289902,-0.26815414,-0.4984398,-0.7072849,-0.50422287,-0.68831635,-0.50110626,-0.18860626,-0.1486969,-0.21809769,-0.25860214,-0.43663406,-0.30217743,-0.45178223,-0.3612442,-0.3522377,-0.26443863,-0.18111801,-0.22137833,-0.0948143,-0.22488403,-0.16746521
p347,-0.0011196136,-0.0011177063,-0.001121521,-0.7826767,-0.19113159,-0.2171135,-0.44737244,-0.42345428,0.0,-0.45223618,-0.25317764,-0.16403961,-0.26973343,-0.5019798,-0.7131672,-0.5065956,-0.6939621,-0.504406,-0.18969727,-0.14954758,-0.21936035,-0.26011658,-0.43904495,-0.3039894,-0.45475388,-0.363842,-0.35474014,-0.26630402,-0.18238449,-0.22291946,-0.09547424,-0.22644043,-0.16862488
p348,-0.0008583069,-0.0008544922,-0.0008621216,-0.5963745,-0.16200256,-0.1841774,-0.37852097,-0.35985565,0.0,-0.39564896,-0.22242737,-0.14409256,-0.22821808,-0.43206406,-2.1329632,-0.41885376,-0.59425735,-0.42409897,-0.16082382,-0.1264267,-0.1858902,-0.2206955,-0.36741257,-0.25776672,-0.38808823,-0.3188324,-0.31115723,-0.23370743,-0.16030502,-0.19592667,-0.08393097,-0.19906998,-0.14825058
p349,-0.0008773804,-0.0008735657,-0.00088119507,-0.6139908,-0.1663971,-0.18915558,-0.38904953,-0.36982727,0.0,-0.40685272,-0.22852325,-0.14805222,-0.23446655,-0.44433212,-2.1194115,-0.4307518,-0.6118431,-0.43601227,-0.16517639,-0.129879,-0.19093704,-0.22667313,-0.37769318,-0.26480484,-0.39888382,-0.3277588,-0.31980133,-0.2401619,-0.1646843,-0.20127869,-0.08621979,-0.20449829,-0.15229034
p350,-0.0008583069,-0.0008544922,-0.0008621216,-0.5963745,-0.16200256,-0.1841774,-0.37852097,-0.35985565,0.0,-0.39564896,-0.22242737,-0.14409256,-0.22821808,-0.43206406,-2.1329632,-0.41885376,-0.59425735,-0.42409897,-0.16082382,-0.1264267,-0.1858902,-0.2206955,-0.36741257,-0.25776672,-0.38808823,-0.3188324,-0.31115723,-0.23370743,-0.16030502,-0.19592667,-0.08393097,-0.19906998,-0.14825058
p351,-0.000875473,-0.0008735657,-0.00088119507,-0.6050072,-0.16417694,-0.18663788,-0.38372803,-0.36479187,0.0,-0.40123367,-0.22546387,-0.14606857,-0.23130798,-0.43815994,-2.4091911,-0.4247055,-0.6029663,-0.42998123,-0.16297913,-0.1281395,-0.18838501,-0.22365189,-0.3724823,-0.26124954,-0.39343643,-0.32329178,-0.31546783,-0.23693085,-0.16249084,-0.19859695,-0.08506775,-0.20177841,-0.15026855
p352,-0.0008831024,-0.00088119507,-0.00088882446,-0.6156311,-0.16682434,-0.18963623,-0.3900833,-0.37081528,0.0,-0.40802002,-0.22916031,-0.14846039,-0.23508453,-0.44557953,-2.2637768,-0.43187332,-0.6136017,-0.43716812,-0.16559601,-0.1302185,-0.19142532,-0.22726059,-0.37869263,-0.2654953,-0.39995956,-0.3286972,-0.32069397,-0.2408371,-0.16514206,-0.20183945,-0.08646393,-0.20506287,-0.15270996
p353,-0.0010318756,-0.0010299683,-0.0010375977,-0.703907,-0.20942688,-0.23717499,-0.47375488,-0.44483566,0.0,-0.4474945,-0.2505989,-0.16236496,-0.29532242,-0.5028496,-0.68363,-0.6935272,-0.6667671,-0.521492,-0.20778656,-0.16530609,-0.2399559,-0.28266907,-0.50429916,-0.3284607,-0.47060394,-0.36001205,-0.3510933,-0.26356506,-0.18053436,-0.22065735,-0.094509125,-0.22415924,-0.16691971
p354,-0.0010375977,-0.0010375977,-0.0010375977,-0.7136612,-0.20871353,-0.23645401,-0.47428894,-0.44574738,0.0,-0.45167542,-0.2528572,-0.16383362,-0.29439163,-0.50684357,-0.69288063,-0.66342163,-0.6755638,-0.5237808,-0.20708466,-0.16457367,-0.23920059,-0.2820053,-0.500206,-0.32793808,-0.47243118,-0.3633423,-0.35430145,-0.26597214,-0.18215561,-0.22264099,-0.09535599,-0.22616196,-0.16841125
p355,-0.0010471344,-0.0010490417,-0.0010528564,-0.72465515,-0.20788956,-0.23560333,-0.47478485,-0.44667816,0.0,-0.45635986,-0.25539398,-0.16547394,-0.29328537,-0.51132584,-0.7033024,-0.6315613,-0.68546295,-0.5262909,-0.20626831,-0.16374207,-0.23830795,-0.28120422,-0.49533844,-0.32730484,-0.474411,-0.3670807,-0.35790634,-0.2686615,-0.1839714,-0.22486496,-0.09630585,-0.22841263,-0.17009735
p356,-0.0011615753,-0.001159668,-0.0011672974,-0.79678726,-0.19498444,-0.2214241,-0.45548248,-0.43079376,0.0,-0.45763397,-0.25610352,-0.16593933,-0.27519608,-0.5087509,-0.7195072,-0.5226288,-0.70025635,-0.51297,-0.19350052,-0.15267944,-0.22376633,-0.26519394,-0.4498062,-0.30983353,-0.4620819,-0.36813736,-0.35889816,-0.26942444,-0.18448639,-0.22549057,-0.09657669,-0.2290535,-0.17056656
p357,-0.0011196136,-0.0011177063,-0.0011253357,-0.77719116,-0.19593811,-0.22248077,-0.4571991,-0.43227768,0.0,-0.45810318,-0.2563553,-0.16610336,-0.27654266,-0.50961304,-0.71920395,-0.5278511,-0.7000313,-0.5145874,-0.19444656,-0.1534729,-0.22484589,-0.26641464,-0.45285034,-0.311203,-0.46341705,-0.3685112,-0.35925293,-0.26968765,-0.18466568,-0.22571182,-0.09666824,-0.22927475,-0.17073059
p358,-0.00092697144,-0.00092697144,-0.00093460083,-0.6293411,-0.22810364,-0.2569046,-0.48189926,-0.45038986,0.0,-0.42016602,-0.23587036,-0.15278244,-0.32008743,-0.48028183,-0.6133709,-1.2383308,-0.60040665,-0.5144119,-0.22621536,-0.18315125,-0.2603264,-0.30319214,-0.56191254,-0.34852982,-0.46723938,-0.33820724,-0.33011627,-0.2478714,-0.1699562,-0.20774078,-0.088974,-0.21105957,-0.15717316
p359,-0.0008735657,-0.0008735657,-0.0008773804,-0.6001167,-0.23932648,-0.2687378,-0.48686218,-0.4549408,0.0,-0.41017532,-0.23048401,-0.14927673,-0.33478928,-0.47314072,-0.58587074,-1.6194038,-0.57448196,-0.51332855,-0.2372818,-0.19393158,-0.27254105,-0.3155365,-0.5874939,-0.3607025,-0.46787643,-0.33021927,-0.32245255,-0.2421341,-0.16609955,-0.203022,-0.086956024,-0.20627594,-0.15361023
p360,-0.0009021759,-0.00090789795,-0.00091171265,-0.6335335,-0.17123795,-0.19464111,-0.4006958,-0.3808632,0.0,-0.4192505,-0.23526382,-0.15242004,-0.24137878,-0.45792007,-2.1211357,-0.44392014,-0.6313515,-0.44919586,-0.16997528,-0.13369751,-0.19651413,-0.23327637,-0.38907242,-0.27259827,-0.41083527,-0.33763504,-0.3293457,-0.24731064,-0.16951752,-0.20719147,-0.08874512,-0.210495,-0.15675354
p361,-0.0008907318,-0.00088882446,-0.00089263916,-0.63012314,-0.17041016,-0.19370651,-0.39871216,-0.37898254,0.0,-0.417202,-0.23414612,-0.15169907,-0.24020004,-0.45563126,-2.1059246,-0.44164658,-0.62805176,-0.4469452,-0.16915894,-0.13305283,-0.19556808,-0.23215485,-0.38712692,-0.27126694,-0.40881348,-0.33600616,-0.32777023,-0.24612808,-0.16872025,-0.2062149,-0.08833313,-0.20950317,-0.1560173
p362,-0.00090026855,-0.00090026855,-0.00090789795,-0.62845993,-0.17000198,-0.19324493,-0.3977394,-0.3780594,0.0,-0.41617966,-0.23359299,-0.15133667,-0.23962021,-0.45450974,-2.1089725,-0.44053268,-0.62641907,-0.4458351,-0.16875839,-0.13272858,-0.19510269,-0.23160172,-0.38616943,-0.27061844,-0.40781784,-0.33518982,-0.32697678,-0.2455368,-0.1683197,-0.20572662,-0.08811951,-0.20900345,-0.15564346
p363,-0.0010643005,-0.0010643005,-0.0010681152,-0.7384796,-0.19220734,-0.21833038,-0.4501915,-0.42616653,0.0,-0.45567322,-0.25502396,-0.16523743,-0.27126312,-0.50567245,-0.7194977,-0.50860214,-0.7000313,-0.5077591,-0.19075775,-0.15037537,-0.22060013,-0.2616005,-0.44129944,-0.30577087,-0.45778656,-0.36658096,-0.3573799,-0.2682762,-0.18370819,-0.22453308,-0.0961647,-0.22808075,-0.16984558
p364,-0.0010299683,-0.0010299683,-0.0010375977,-0.7260704,-0.19437408,-0.22083282,-0.45744324,-0.43249893,0.0,-0.45703125,-0.2557373,-0.165699,-0.27441406,-0.5122032,-0.7079849,-0.5082512,-0.68977356,-0.5194664,-0.19290543,-0.15198135,-0.2231369,-0.26473618,-0.44498062,-0.30963135,-0.46435928,-0.36761093,-0.35840988,-0.26903915,-0.18421555,-0.22517014,-0.09643555,-0.2287178,-0.17032242
p365,-0.0010128021,-0.0010147095,-0.0010185242,-0.7160263,-0.19649124,-0.22327423,-0.46422577,-0.43849564,0.0,-0.4586258,-0.2565956,-0.16625595,-0.27748108,-0.51856995,-0.6986866,-0.50891495,-0.6815605,-0.53011703,-0.19500351,-0.15357971,-0.22560501,-0.26777267,-0.44881058,-0.3133583,-0.47063446,-0.3688507,-0.35963058,-0.26995087,-0.18483353,-0.22592163,-0.09675217,-0.22948456,-0.170887
p366,-0.0010032654,-0.0010032654,-0.0010070801,-0.70243454,-0.1863594,-0.21175003,-0.43673325,-0.4143982,0.0,-0.4514656,-0.25274277,-0.16376495,-0.26294327,-0.49608612,-0.76465034,-0.4879837,-0.6941452,-0.49095917,-0.18496704,-0.14567566,-0.21390915,-0.25380325,-0.4257698,-0.2967186,-0.44636917,-0.36326218,-0.35414124,-0.26586914,-0.1820755,-0.22254181,-0.09531021,-0.22605515,-0.16833878
p367,-0.0009937286,-0.0009918213,-0.0009994507,-0.6875305,-0.18359756,-0.20863724,-0.4302559,-0.40855408,0.0,-0.44756317,-0.25062943,-0.16239929,-0.2590027,-0.49038696,-0.8229008,-0.4790573,-0.6832657,-0.48316574,-0.18222809,-0.14346695,-0.21072769,-0.2500801,-0.41872406,-0.29236603,-0.44041824,-0.36016846,-0.35114288,-0.26362228,-0.18055725,-0.22068787,-0.09452438,-0.2241745,-0.16693878
p368,-0.00095939636,-0.000957489,-0.0009651184,-0.67638016,-0.18145752,-0.20621872,-0.4252205,-0.40397263,0.0,-0.44421387,-0.24881363,-0.16121674,-0.25595093,-0.485775,-0.8719425,-0.4723053,-0.67482376,-0.47715378,-0.18010712,-0.14175797,-0.20827103,-0.2471962,-0.41333008,-0.28899384,-0.43571472,-0.3575058,-0.34856415,-0.26168823,-0.17925262,-0.2190857,-0.09383774,-0.22255325,-0.16573334
p369,-0.00095176697,-0.0009498596,-0.000957489,-0.66719055,-0.1796875,-0.204216,-0.42105103,-0.40018082,0.0,-0.44141388,-0.24728775,-0.16022873,-0.2534294,-0.4819641,-0.9179516,-0.4667244,-0.6678543,-0.47218323,-0.17834854,-0.14035797,-0.2062378,-0.2448082,-0.4088745,-0.28620148,-0.43182373,-0.35529327,-0.34641266,-0.26007843,-0.17816162,-0.21774673,-0.09326935,-0.22120285,-0.16472626
p370,-0.00095176697,-0.0009498596,-0.000957489,-0.6594391,-0.17822266,-0.20256424,-0.41760635,-0.39705276,0.0,-0.43922424,-0.24608994,-0.15945435,-0.25133133,-0.47887802,-0.966238,-0.4620514,-0.6620941,-0.46806335,-0.17689514,-0.13917923,-0.20455551,-0.24283218,-0.405159,-0.28388977,-0.42863083,-0.35354233,-0.3447113,-0.25880814,-0.17729568,-0.21670151,-0.0928154,-0.22013092,-0.16392899
p371,-0.00093460083,-0.00093460083,-0.0009384155,-0.65298843,-0.17706299,-0.20126343,-0.41491318,-0.39463043,0.0,-0.43780518,-0.24530792,-0.1589508,-0.24969101,-0.47667313,-1.0240746,-0.45825195,-0.65758896,-0.46478653,-0.17575073,-0.13825607,-0.20323181,-0.24128342,-0.40219498,-0.2820778,-0.42619324,-0.35240936,-0.3436203,-0.25798798,-0.17673492,-0.21601486,-0.0925293,-0.21944427,-0.16340637
p372,-0.0010643005,-0.0010643005,-0.0010681152,-0.7362671,-0.19681549,-0.22344589,-0.45861816,-0.43336105,0.0,-0.45719147,-0.25584793,-0.16577148,-0.27777863,-0.50943375,-0.71509933,-0.5336418,-0.6962204,-0.5159569,-0.19531631,-0.15422821,-0.22583771,-0.26751328,-0.45597458,-0.312397,-0.46416473,-0.36776352,-0.3585472,-0.26914978,-0.18429184,-0.2252655,-0.096473694,-0.22882462,-0.17039108
p373,-0.0010166168,-0.0010185242,-0.0010261536,-0.71863556,-0.19795227,-0.22486115,-0.4658699,-0.43955994,0.0,-0.457901,-0.2562256,-0.16601181,-0.27952194,-0.5164337,-0.69971466,-0.5211334,-0.68242645,-0.5310402,-0.1964531,-0.15488434,-0.22724152,-0.26950836,-0.4547882,-0.3151703,-0.47089767,-0.36828995,-0.35908127,-0.2695427,-0.1845665,-0.22559357,-0.09661484,-0.2291565,-0.17064285
p374,-0.0010108948,-0.0010108948,-0.0010185242,-0.7142906,-0.20000458,-0.22723389,-0.47314072,-0.44589615,0.0,-0.4609642,-0.25788116,-0.16708374,-0.28250885,-0.5230255,-0.69627,-0.5194397,-0.6796684,-0.54332733,-0.19848633,-0.15638733,-0.22964478,-0.2725029,-0.45793152,-0.31890488,-0.4775772,-0.37071228,-0.36143112,-0.2713089,-0.18575668,-0.2270546,-0.09724045,-0.2306366,-0.17174149
p375,-0.0010204315,-0.0010185242,-0.0010261536,-0.72465134,-0.1904335,-0.21634674,-0.44625473,-0.42295837,0.0,-0.45690155,-0.25568008,-0.16566849,-0.26874542,-0.50435257,-0.7212963,-0.50125504,-0.71038055,-0.5024719,-0.18899918,-0.14892578,-0.21857834,-0.2592697,-0.4361801,-0.3031044,-0.4550171,-0.36756897,-0.3583145,-0.26897812,-0.1841774,-0.2251091,-0.09641647,-0.22866821,-0.17027664
p376,-0.0010128021,-0.0010147095,-0.0010185242,-0.7146301,-0.18895721,-0.21468735,-0.4429016,-0.42009735,0.0,-0.4566269,-0.25552368,-0.16557312,-0.26665115,-0.50245285,-0.7130146,-0.4957161,-0.7171898,-0.4981575,-0.18753815,-0.1477356,-0.21688461,-0.25731277,-0.4321251,-0.30083847,-0.4523468,-0.36735153,-0.3581009,-0.26882172,-0.18406296,-0.2249794,-0.09635162,-0.22852325,-0.17016983
p377,-0.0010051727,-0.0010070801,-0.0010108948,-0.70467377,-0.18748474,-0.21303558,-0.43955612,-0.41724396,0.0,-0.45633698,-0.25535965,-0.1654625,-0.26455688,-0.50058746,-0.70500755,-0.4902115,-0.72421646,-0.4938774,-0.18607712,-0.14655304,-0.21520615,-0.25535965,-0.42809677,-0.29858398,-0.4496765,-0.3671341,-0.357872,-0.26865387,-0.1839447,-0.22483063,-0.0962944,-0.2283783,-0.17006302
p378,-0.0009765625,-0.0009727478,-0.0009765625,-0.6942024,-0.18595886,-0.21132278,-0.43610764,-0.41430664,0.0,-0.45622635,-0.25528717,-0.16542053,-0.26238632,-0.49879074,-0.6971092,-0.48444748,-0.7325287,-0.4894371,-0.18457413,-0.14531708,-0.21345901,-0.2533493,-0.42389297,-0.2962532,-0.4469719,-0.36705017,-0.35778046,-0.2685852,-0.18389893,-0.2247734,-0.0962677,-0.22831726,-0.17002106
p379,-0.0009803772,-0.0009765625,-0.0009841919,-0.6842346,-0.18448257,-0.2096672,-0.43273926,-0.41143417,0.0,-0.45595932,-0.2551422,-0.16532898,-0.26028824,-0.4969597,-0.68992996,-0.4789467,-0.720459,-0.48513794,-0.18310547,-0.14411926,-0.2117691,-0.25138474,-0.41984177,-0.29398727,-0.44428253,-0.36684418,-0.35757446,-0.26843262,-0.1837883,-0.22463608,-0.09621048,-0.22817993,-0.16991806
p380,-0.00096702576,-0.0009613037,-0.0009689331,-0.6741066,-0.18298721,-0.20798874,-0.42934036,-0.40853882,0.0,-0.4557762,-0.25503922,-0.16526031,-0.25815582,-0.4951973,-0.6831932,-0.47330475,-0.7082977,-0.48078918,-0.18162537,-0.14291,-0.2100563,-0.24939346,-0.41573334,-0.29169464,-0.44159698,-0.36670685,-0.35743332,-0.26831436,-0.18371582,-0.22454453,-0.09617615,-0.22808838,-0.16985321
p381,-0.00095176697,-0.0009498596,-0.000957489,-0.6632881,-0.18141937,-0.20623016,-0.42580032,-0.40553665,0.0,-0.45579147,-0.2550354,-0.16526031,-0.25592804,-0.49352264,-0.67635155,-0.46734238,-0.69563293,-0.4762268,-0.1800766,-0.14163971,-0.2082634,-0.24732208,-0.41139984,-0.28930664,-0.4388275,-0.3667221,-0.35743713,-0.268322,-0.18370819,-0.22454071,-0.09617233,-0.22807693,-0.16983795
p382,-0.0009288788,-0.00092697144,-0.00093078613,-0.6520386,-0.17981339,-0.204422,-0.42217255,-0.40246582,0.0,-0.45594788,-0.25509262,-0.16530228,-0.25364304,-0.49194336,-0.6694412,-0.46117783,-0.6826019,-0.47154617,-0.17848587,-0.14033508,-0.2064209,-0.24518967,-0.40692902,-0.28684998,-0.43603516,-0.36684418,-0.35754013,-0.26839828,-0.18375015,-0.22459412,-0.096191406,-0.22813416,-0.16988373
p383,-0.00090026855,-0.00090026855,-0.00090789795,-0.62885666,-0.17011261,-0.19337845,-0.39800262,-0.3783226,0.0,-0.4165039,-0.23376465,-0.15145111,-0.23977661,-0.45484543,-2.0999851,-0.44081116,-0.62688446,-0.44612885,-0.1688652,-0.13281631,-0.19522476,-0.23175049,-0.3864212,-0.2707939,-0.40810013,-0.33544922,-0.32722855,-0.24572372,-0.16845322,-0.2058754,-0.08818817,-0.20916748,-0.15576172
p384,-0.00091171265,-0.00090789795,-0.00091552734,-0.6357956,-0.17193222,-0.19543457,-0.40237808,-0.38249207,0.0,-0.42148972,-0.23646927,-0.15320206,-0.24236298,-0.4601593,-1.9198189,-0.44560623,-0.63435745,-0.45104218,-0.17065811,-0.1342392,-0.19731522,-0.23422623,-0.39063263,-0.2737198,-0.41266632,-0.3394127,-0.3310585,-0.24859238,-0.17038345,-0.20825195,-0.08920288,-0.21157455,-0.15755463
p385,-0.0008983612,-0.00090026855,-0.00090408325,-0.6173096,-0.24026108,-0.27111053,-0.5127449,-0.47481918,0.0,-0.42478943,-0.2384224,-0.15443039,-0.3392334,-0.49214935,-0.6029873,-0.6450691,-0.5914726,-0.54019547,-0.23828125,-0.19150925,-0.27489853,-0.32084274,-0.6597252,-0.36956787,-0.48867416,-0.34183884,-0.33369827,-0.2505455,-0.17178726,-0.20998764,-0.0899353,-0.21334457,-0.15887833
p386,-0.0009613037,-0.000957489,-0.0009651184,-0.65402985,-0.23012543,-0.26002884,-0.50305176,-0.467659,0.0,-0.436512,-0.24472427,-0.15853119,-0.32484436,-0.49951935,-0.6374397,-0.63134766,-0.6238556,-0.53746414,-0.22825623,-0.1827507,-0.26345825,-0.30856705,-0.60315704,-0.35663986,-0.48594666,-0.35121536,-0.3426895,-0.25727463,-0.17631531,-0.21551514,-0.09230423,-0.21894073,-0.16303635
p387,-0.0009994507,-0.0009994507,-0.0010032654,-0.7028122,-0.19883347,-0.22597504,-0.47216797,-0.44545746,0.0,-0.45990753,-0.25727463,-0.16669083,-0.2808838,-0.52599716,-0.6863823,-0.50837326,-0.670578,-0.54299927,-0.19733047,-0.15531921,-0.22834015,-0.27116394,-0.45272827,-0.31755066,-0.4779129,-0.36982346,-0.3605919,-0.2706604,-0.185318,-0.22651291,-0.097011566,-0.23008728,-0.17133331
p388,-0.0009765625,-0.0009765625,-0.0009803772,-0.68956757,-0.1999855,-0.22734451,-0.47685242,-0.44991684,0.0,-0.46049118,-0.25757217,-0.16688156,-0.28258896,-0.53302,-0.6741581,-0.5048599,-0.6595688,-0.55013657,-0.19847107,-0.15610504,-0.22971725,-0.27295685,-0.45358658,-0.31987,-0.48303986,-0.37023926,-0.36102295,-0.2709732,-0.1855278,-0.22677231,-0.09711838,-0.23034668,-0.17152786
p389,-0.0009727478,-0.0009689331,-0.0009765625,-0.6891136,-0.2074852,-0.2358818,-0.50006866,-0.46767807,0.0,-0.46434402,-0.25966644,-0.16824341,-0.29340744,-0.53831863,-0.6736603,-0.5168495,-0.6595459,-0.5941849,-0.20591354,-0.16193008,-0.2383995,-0.28334808,-0.4712715,-0.33229065,-0.49890137,-0.37329483,-0.3639984,-0.27319717,-0.18703842,-0.22862244,-0.09790802,-0.23221588,-0.17292023
p390,-0.0009689331,-0.0009613037,-0.0009727478,-0.67993164,-0.20652771,-0.2348175,-0.49848175,-0.4662552,0.0,-0.46164322,-0.25819778,-0.1672821,-0.2920494,-0.53738403,-0.66503716,-0.51153946,-0.6514702,-0.5938988,-0.20495987,-0.16111755,-0.23731232,-0.28212738,-0.4681549,-0.330925,-0.49752426,-0.37112045,-0.36190796,-0.27162933,-0.18597794,-0.22732162,-0.097351074,-0.23090363,-0.17194748
p391,-0.0009021759,-0.00090026855,-0.00091171265,-0.6435509,-0.17405319,-0.19783401,-0.4075203,-0.38742065,0.0,-0.42762756,-0.2397995,-0.15537262,-0.24539185,-0.46657562,-1.6920853,-0.45106888,-0.64326096,-0.4567604,-0.17276382,-0.1359024,-0.19975281,-0.23713303,-0.39548874,-0.27715683,-0.41809082,-0.34429932,-0.33579254,-0.2521286,-0.17277527,-0.21117401,-0.09044647,-0.21453094,-0.15975952
p392,-0.00092315674,-0.00092315674,-0.00092697144,-0.6452179,-0.17496872,-0.19888687,-0.40983963,-0.38977432,0.0,-0.43179703,-0.24205399,-0.15682983,-0.2467041,-0.47037125,-1.4230938,-0.4528122,-0.64793015,-0.45912933,-0.17368317,-0.13661575,-0.20082092,-0.23841476,-0.39736938,-0.27869034,-0.42085266,-0.34762192,-0.33898926,-0.25453186,-0.17440033,-0.21315384,-0.09129715,-0.21653748,-0.16125488
p393,-0.0009613037,-0.000957489,-0.0009651184,-0.6599846,-0.21751022,-0.24740982,-0.53751373,-0.49425125,0.0,-0.46167374,-0.25821304,-0.16728592,-0.30801773,-0.54377747,-0.64660454,-0.5181503,-0.63474655,-0.6759529,-0.21585083,-0.16946793,-0.25009537,-0.2976303,-0.49319458,-0.3497162,-0.5217285,-0.37106705,-0.36193466,-0.27162552,-0.18598557,-0.22734833,-0.097351074,-0.23093033,-0.17196274
p394,-0.0009536743,-0.0009498596,-0.000957489,-0.6611328,-0.21554947,-0.24518585,-0.53088,-0.4898224,0.0,-0.46113205,-0.2579193,-0.16709137,-0.30518723,-0.54263306,-0.64764404,-0.5157242,-0.63563156,-0.67206573,-0.21390915,-0.16795349,-0.24783325,-0.29493332,-0.48796082,-0.34649658,-0.5180588,-0.37064362,-0.36151886,-0.27132034,-0.18577194,-0.22707748,-0.09724426,-0.23065948,-0.17176437
p395,-0.0009613037,-0.0009613037,-0.0009689331,-0.6762924,-0.20112991,-0.22870636,-0.48146057,-0.4545021,0.0,-0.46138,-0.25802612,-0.16716766,-0.2842903,-0.5411339,-0.66189766,-0.5013275,-0.64855194,-0.55662155,-0.19961548,-0.15689087,-0.23108673,-0.2747574,-0.4543457,-0.32221222,-0.4884758,-0.37088394,-0.36169052,-0.27145004,-0.18585205,-0.22716522,-0.09728241,-0.23074722,-0.17182922
p396,-0.00095939636,-0.0009536743,-0.0009613037,-0.6617241,-0.19992065,-0.22738647,-0.47898865,-0.45350266,0.0,-0.46022034,-0.25736237,-0.1667366,-0.28259277,-0.5471802,-0.64836884,-0.49368668,-0.63615036,-0.5503502,-0.19841385,-0.15583038,-0.2297287,-0.27328873,-0.4495964,-0.320652,-0.48885727,-0.36989212,-0.36077118,-0.27074814,-0.1853714,-0.2265892,-0.097034454,-0.23016357,-0.17139053
p397,-0.0009326935,-0.00093078613,-0.00093460083,-0.64809036,-0.19874954,-0.22610092,-0.47658157,-0.4525032,0.0,-0.45901108,-0.25667572,-0.16629028,-0.28095245,-0.5530548,-0.63568306,-0.4865036,-0.62449646,-0.5444641,-0.19726562,-0.1548233,-0.22841263,-0.27186966,-0.445076,-0.31913376,-0.4891777,-0.3688774,-0.35982132,-0.27001572,-0.1848793,-0.22598267,-0.096782684,-0.22955322,-0.17093658
p398,-0.00090789795,-0.00090789795,-0.00091171265,-0.6319618,-0.19754791,-0.22480011,-0.47419357,-0.4518814,0.0,-0.45809174,-0.25613785,-0.1659317,-0.27926636,-0.5616684,-0.62072563,-0.4781685,-0.6107979,-0.5379181,-0.19606781,-0.15375137,-0.22706223,-0.27044296,-0.44000626,-0.3176613,-0.49034882,-0.36805725,-0.35907364,-0.2694397,-0.18448257,-0.22550201,-0.096572876,-0.22906876,-0.170578
p399,-0.0008773804,-0.0008735657,-0.00088119507,-0.6158562,-0.22864151,-0.26016998,-0.58374023,-0.5213089,0.0,-0.4499588,-0.25193787,-0.16318893,-0.32435226,-0.5405731,-0.604887,-0.5162926,-0.59571075,-0.73667526,-0.22688293,-0.17790985,-0.26309204,-0.3133316,-0.5240898,-0.36870956,-0.5414276,-0.36167526,-0.35295868,-0.26491165,-0.18148422,-0.22184372,-0.094997406,-0.22535324,-0.16780853
p400,-0.000875473,-0.0008735657,-0.0008773804,-0.6073456,-0.22885132,-0.260437,-0.58686066,-0.5224304,0.0,-0.4465065,-0.25006866,-0.16197205,-0.3246956,-0.53809357,-0.5967598,-0.51288986,-0.58797073,-0.7579956,-0.22709274,-0.17801285,-0.26335907,-0.31372833,-0.5243149,-0.36927032,-0.5416107,-0.35890198,-0.35030746,-0.26290894,-0.18013763,-0.2202034,-0.09429932,-0.22369385,-0.16657639
p401,-0.0008678436,-0.000869751,-0.0008773804,-0.60578156,-0.22956848,-0.26127243,-0.59004974,-0.52464294,0.0,-0.44646454,-0.25003815,-0.16195297,-0.3257408,-0.5389023,-0.59531784,-0.5128021,-0.58664703,-0.77830887,-0.22780228,-0.17853546,-0.26420975,-0.31478882,-0.5254135,-0.37059784,-0.54351807,-0.35886002,-0.35026932,-0.26288605,-0.18012238,-0.22018051,-0.09429169,-0.22366714,-0.16655731
p402,-0.0008392334,-0.0008392334,-0.0008506775,-0.6043205,-0.23705292,-0.26973343,-0.6143646,-0.5397682,0.0,-0.44976044,-0.2518463,-0.16312408,-0.33661652,-0.5457306,-0.5942364,-0.5233383,-0.5859947,-0.7451973,-0.23521805,-0.18444443,-0.27285385,-0.32492065,-0.55057144,-0.38248825,-0.5558739,-0.36146927,-0.35281372,-0.26480103,-0.18142319,-0.22177124,-0.0949707,-0.22528458,-0.16775894
p403,-0.00086402893,-0.0008621216,-0.000869751,-0.6068306,-0.2332573,-0.26545334,-0.60194397,-0.5327568,0.0,-0.44921875,-0.25154114,-0.16292953,-0.33109283,-0.5435715,-0.59651566,-0.51828,-0.5880127,-0.7777519,-0.23146057,-0.18141937,-0.26847458,-0.31983566,-0.5362358,-0.37657928,-0.5506325,-0.36104584,-0.35238647,-0.26447678,-0.18119812,-0.22149658,-0.09485245,-0.2250061,-0.16755295
p404,-0.0009460449,-0.0009422302,-0.0009498596,-0.66122437,-0.21491623,-0.2444725,-0.52851486,-0.4888649,0.0,-0.46147537,-0.25811005,-0.16721725,-0.3042717,-0.5432434,-0.647768,-0.51457214,-0.6357956,-0.682106,-0.21328735,-0.16744232,-0.24710464,-0.29410553,-0.485569,-0.34555054,-0.5177345,-0.3709259,-0.36178207,-0.2715187,-0.18590927,-0.22724915,-0.09732437,-0.23083496,-0.17189407
p405,-0.0008945465,-0.00089645386,-0.00090408325,-0.6292534,-0.21640396,-0.24628448,-0.54008865,-0.49531174,0.0,-0.44964218,-0.25172424,-0.16306305,-0.30657196,-0.53448105,-0.6172657,-0.5033531,-0.60692215,-0.7836342,-0.21476364,-0.16835403,-0.24892044,-0.29658127,-0.48649216,-0.3488922,-0.52136993,-0.36145782,-0.35269165,-0.26470566,-0.18133926,-0.22164917,-0.09492111,-0.22515869,-0.1676712
p406,-0.0008621216,-0.0008621216,-0.0008659363,-0.6113167,-0.21751022,-0.24760818,-0.54784393,-0.49981308,0.0,-0.44305038,-0.24816513,-0.16074753,-0.3082428,-0.53009796,-0.6001682,-0.49707413,-0.5907326,-0.8655777,-0.21585846,-0.16906357,-0.2502594,-0.29837418,-0.48731613,-0.3512764,-0.5241165,-0.3561859,-0.34763336,-0.26091766,-0.17877579,-0.21852875,-0.09358215,-0.2219925,-0.16531372
p407,-0.00086402893,-0.0008621216,-0.000869751,-0.5955734,-0.21914291,-0.24954987,-0.55709076,-0.5057106,0.0,-0.43790436,-0.24538422,-0.15893555,-0.31070328,-0.5276184,-0.58522034,-0.49214172,-0.57662964,-0.96995926,-0.21748352,-0.17018127,-0.25221634,-0.30091095,-0.4892311,-0.35456467,-0.5283241,-0.3520584,-0.3436737,-0.25795364,-0.17678452,-0.21609497,-0.09254837,-0.21953201,-0.16347122
p408,-0.00092315674,-0.00091934204,-0.00092697144,-0.6476097,-0.1762085,-0.20030594,-0.4129486,-0.39292908,0.0,-0.43727875,-0.24501419,-0.15875626,-0.24848557,-0.47540283,-1.1047649,-0.45521927,-0.65428925,-0.4623413,-0.1749115,-0.13757324,-0.20225525,-0.24014664,-0.3999176,-0.28076172,-0.42454147,-0.35198975,-0.3432083,-0.25767517,-0.17652512,-0.21575165,-0.09241104,-0.21916962,-0.16321945
p409,-0.00091934204,-0.00091934204,-0.00092315674,-0.6482506,-0.17740631,-0.20167542,-0.416008,-0.39611816,0.0,-0.44390488,-0.24856567,-0.16106415,-0.25018692,-0.48121262,-0.9376278,-0.45694733,-0.6606178,-0.4652977,-0.17609787,-0.13849258,-0.20363998,-0.24182129,-0.40213013,-0.2827835,-0.42843246,-0.3572502,-0.34827805,-0.26145554,-0.17906952,-0.21886063,-0.093738556,-0.22232437,-0.16555786
p410,-0.0008831024,-0.00088500977,-0.00088500977,-0.62498856,-0.17707825,-0.2013855,-0.41643143,-0.39829254,0.0,-0.4636116,-0.2591629,-0.16795349,-0.2497673,-0.49461746,-0.6465168,-0.44766617,-0.651947,-0.46313095,-0.17577744,-0.13806152,-0.2033081,-0.24167633,-0.39818954,-0.28290558,-0.43333435,-0.37294006,-0.36338043,-0.27275467,-0.18667221,-0.22815323,-0.097717285,-0.23174286,-0.17257309
p411,-0.0008735657,-0.0008735657,-0.00088119507,-0.6316376,-0.17879105,-0.20333481,-0.42058182,-0.40224838,0.0,-0.46832275,-0.2617073,-0.16960526,-0.25221634,-0.49967957,-0.65346336,-0.45222473,-0.65888214,-0.46780777,-0.17747879,-0.13940811,-0.20528793,-0.24403,-0.40219116,-0.28567123,-0.43766022,-0.37668228,-0.36699677,-0.2754631,-0.18849564,-0.2303772,-0.09867096,-0.23400116,-0.17425156
p412,-0.0009059906,-0.00090026855,-0.00091171265,-0.63861084,-0.1805954,-0.20537567,-0.4249382,-0.40639877,0.0,-0.47327042,-0.26436996,-0.17133713,-0.25479126,-0.5049858,-0.66074944,-0.45703125,-0.66615295,-0.47270203,-0.17926407,-0.14082336,-0.20737076,-0.24648285,-0.40639496,-0.28858185,-0.44218445,-0.3806038,-0.3707924,-0.27829742,-0.1904068,-0.23272324,-0.09967041,-0.23636627,-0.17601013
p413,-0.0008678436,-0.0008659363,-0.000869751,-0.60624313,-0.23108673,-0.26301956,-0.59555817,-0.5291405,0.0,-0.4481392,-0.25094223,-0.16254425,-0.32795334,-0.5419197,-0.59588814,-0.51428604,-0.58732605,-0.8155823,-0.22930527,-0.17966843,-0.26597595,-0.31697464,-0.527668,-0.3733101,-0.54787064,-0.36018372,-0.35155487,-0.26385117,-0.18076706,-0.22097015,-0.09462738,-0.22447968,-0.16716003
p414,-0.00083351135,-0.0008277893,-0.0008354187,-0.59783554,-0.227211,-0.25868988,-0.5852585,-0.5227318,0.0,-0.44295883,-0.2481308,-0.1607132,-0.32238388,-0.5361748,-0.58771324,-0.5044403,-0.57938004,-0.9038315,-0.2254715,-0.17651367,-0.26153946,-0.31191254,-0.5132828,-0.36754227,-0.54224014,-0.35604858,-0.3475685,-0.26086044,-0.17874908,-0.21850967,-0.093574524,-0.22197342,-0.16529846
p415,-0.0008277893,-0.0008239746,-0.000831604,-0.5885544,-0.22419357,-0.25531006,-0.5771179,-0.517807,0.0,-0.4378128,-0.24534988,-0.15890503,-0.31805038,-0.53084564,-0.57873726,-0.49575043,-0.57071304,-0.99629974,-0.22248459,-0.17404175,-0.25808716,-0.30797195,-0.5023651,-0.36307144,-0.5377579,-0.35196304,-0.34361267,-0.25790405,-0.176754,-0.21606445,-0.09253311,-0.2195015,-0.16345215
p416,-0.0008945465,-0.00089263916,-0.00089645386,-0.62171173,-0.19649887,-0.22364807,-0.47193527,-0.45067215,0.0,-0.4566536,-0.25533676,-0.16540909,-0.27779007,-0.56559753,-0.61115074,-0.4725685,-0.60193634,-0.5332451,-0.19503403,-0.15286255,-0.22587967,-0.26913452,-0.4363098,-0.31622314,-0.49009705,-0.36687088,-0.35795975,-0.2685852,-0.18391037,-0.22480392,-0.0962677,-0.22835541,-0.17004395
p417,-0.00088500977,-0.00088119507,-0.00088882446,-0.621727,-0.19947052,-0.22706985,-0.4798088,-0.45962906,0.0,-0.46552658,-0.26008224,-0.16848755,-0.28208542,-0.5860367,-0.6119213,-0.47554016,-0.6034622,-0.53907394,-0.19798279,-0.15509415,-0.22934723,-0.27340698,-0.4411621,-0.32148743,-0.50157547,-0.37383652,-0.36472702,-0.27363205,-0.18730927,-0.22895813,-0.09804535,-0.23257065,-0.17318344
p418,-0.00088500977,-0.00088500977,-0.00088882446,-0.62090683,-0.20241165,-0.23046875,-0.48766327,-0.4686966,0.0,-0.4744339,-0.26483536,-0.17157364,-0.2863388,-0.60785675,-0.6119404,-0.4780922,-0.6042938,-0.5446739,-0.20090485,-0.15729141,-0.23277283,-0.27764893,-0.4458084,-0.32673645,-0.5133934,-0.38082504,-0.3715248,-0.27869797,-0.1907196,-0.2331276,-0.09983444,-0.23679733,-0.17632675
p419,-0.00088119507,-0.00088119507,-0.00088500977,-0.61896515,-0.20532608,-0.23383331,-0.4954834,-0.4779396,0.0,-0.4834175,-0.269619,-0.17466736,-0.29056168,-0.6315193,-0.61094475,-0.48008728,-0.6041794,-0.5499611,-0.20378876,-0.15945435,-0.23618317,-0.28187943,-0.45015717,-0.33198547,-0.5256882,-0.38785172,-0.37836456,-0.2837906,-0.19414139,-0.23731613,-0.10161972,-0.24103928,-0.17949295
p420,-0.00086402893,-0.0008621216,-0.000869751,-0.61540604,-0.20820236,-0.23716354,-0.5032997,-0.48744965,0.0,-0.49251556,-0.27444458,-0.17780304,-0.29473114,-0.6578522,-0.60848427,-0.48130798,-0.6027107,-0.554821,-0.20664215,-0.16157532,-0.23955154,-0.28609848,-0.45413208,-0.33725357,-0.5386696,-0.39495087,-0.38528442,-0.2889328,-0.1975975,-0.24154663,-0.1034317,-0.24533463,-0.18268204
p421,-0.000831604,-0.000831604,-0.0008392334,-0.57982254,-0.22170639,-0.25254822,-0.5697937,-0.51423645,0.0,-0.43341064,-0.24297333,-0.1573677,-0.31450272,-0.52669144,-0.5703316,-0.4879532,-0.5626373,-1.1173439,-0.22002792,-0.17198563,-0.25525665,-0.30477905,-0.49286652,-0.35948944,-0.53473663,-0.3484459,-0.34023666,-0.2553711,-0.17504883,-0.21398163,-0.09162903,-0.21738815,-0.1618805
p422,-0.00081062317,-0.0008087158,-0.0008163452,-0.57500076,-0.22633743,-0.2579193,-0.5853119,-0.5291786,0.0,-0.43624115,-0.24451065,-0.15835571,-0.32126617,-0.53479004,-0.5661602,-0.4894371,-0.5590973,-1.4025879,-0.22461319,-0.1753807,-0.26068878,-0.31159592,-0.49868774,-0.36806107,-0.5488548,-0.3506546,-0.3424034,-0.25699234,-0.17615128,-0.2153244,-0.09221649,-0.21875763,-0.1628952
p423,-0.0008049011,-0.0008087158,-0.0008125305,-0.56991196,-0.23152542,-0.26395416,-0.60258865,-0.54623795,0.0,-0.43918228,-0.24610138,-0.15938568,-0.32886124,-0.5435562,-0.5617504,-0.49110413,-0.5553436,-1.195118,-0.22977066,-0.1791687,-0.26680374,-0.3192749,-0.50484085,-0.37774658,-0.5647507,-0.35295486,-0.34466934,-0.25868225,-0.17729568,-0.21672821,-0.092811584,-0.2201767,-0.16395569
p424,-0.0007953644,-0.00079345703,-0.0008010864,-0.5671501,-0.2369461,-0.2702446,-0.62038803,-0.56386185,0.0,-0.44288635,-0.24810028,-0.16067886,-0.33677673,-0.55273056,-0.5595341,-0.49396133,-0.55366516,-1.0350647,-0.23514175,-0.18314362,-0.27315903,-0.32725525,-0.5114441,-0.3877983,-0.5813217,-0.35585785,-0.34750366,-0.2607956,-0.1787262,-0.21847916,-0.093559265,-0.22195816,-0.1652832
p425,-0.0009174347,-0.00091552734,-0.00092315674,-0.6460724,-0.182518,-0.20755386,-0.42959213,-0.41082764,0.0,-0.47854996,-0.26721573,-0.17318344,-0.2575302,-0.5106659,-0.66853714,-0.46214676,-0.6739311,-0.4779396,-0.1811676,-0.14233398,-0.20957947,-0.24911118,-0.41087723,-0.29167938,-0.4470253,-0.38480377,-0.3748436,-0.28133392,-0.19244766,-0.23521423,-0.10074234,-0.23889923,-0.17789459
p426,-0.0009098053,-0.00090789795,-0.00091552734,-0.6538048,-0.18666077,-0.21228027,-0.440094,-0.42149734,0.0,-0.49780273,-0.2775421,-0.17989731,-0.2634735,-0.52866364,-0.6758251,-0.47000885,-0.6812172,-0.48878098,-0.18527985,-0.14553833,-0.21436691,-0.25488663,-0.41934586,-0.29861832,-0.4596634,-0.40008545,-0.38957977,-0.29234314,-0.1998558,-0.2442627,-0.10461807,-0.24806595,-0.18471527
p427,-0.0009098053,-0.00091171265,-0.00091552734,-0.6593666,-0.1905098,-0.21667862,-0.44996262,-0.43164825,0.0,-0.5173416,-0.28798676,-0.18668365,-0.269001,-0.5467148,-0.68071365,-0.47668839,-0.6860924,-0.498806,-0.18909454,-0.1484909,-0.21883011,-0.2602806,-0.42697906,-0.30511475,-0.4718628,-0.41558838,-0.4045105,-0.30350494,-0.20733643,-0.25340652,-0.10852432,-0.25733948,-0.1916275
p428,-0.0008659363,-0.0008659363,-0.0008735657,-0.6093674,-0.2110405,-0.24046326,-0.51110077,-0.49739456,0.0,-0.5018196,-0.27936935,-0.18099213,-0.29886246,-0.68839645,-0.60377693,-0.4813385,-0.5991707,-0.5590286,-0.20946121,-0.16363907,-0.24287796,-0.29029465,-0.45754242,-0.34255219,-0.5527611,-0.40219116,-0.39234924,-0.2941742,-0.20112228,-0.24585342,-0.105270386,-0.24970245,-0.18593597
p429,-0.00082969666,-0.000831604,-0.0008354187,-0.58626175,-0.2183075,-0.24895859,-0.5335884,-0.5236168,0.0,-0.48558807,-0.27071762,-0.17536545,-0.30952072,-0.65278625,-0.58107376,-0.47802353,-0.57697296,-0.57357407,-0.21667862,-0.16885757,-0.25146484,-0.30122757,-0.46548843,-0.35648346,-0.58314896,-0.3893509,-0.37996292,-0.28492737,-0.19491959,-0.23827362,-0.10202408,-0.24201202,-0.18022156
p430,-0.0007972717,-0.0008010864,-0.0008087158,-0.57367325,-0.22363663,-0.2551689,-0.55002594,-0.54221344,0.0,-0.47735596,-0.26636124,-0.17253113,-0.31733322,-0.6356087,-0.56874657,-0.47743607,-0.5649986,-0.5854225,-0.22196198,-0.17271805,-0.25774384,-0.30915833,-0.47203827,-0.36654663,-0.60354996,-0.38285065,-0.373703,-0.2802658,-0.19180298,-0.23446274,-0.10039902,-0.23815155,-0.17733765
p431,-0.00076293945,-0.00076293945,-0.00077056885,-0.56417465,-0.22932816,-0.26177597,-0.5672264,-0.5617142,0.0,-0.4710312,-0.26301575,-0.17035675,-0.32566833,-0.6227455,-0.5594139,-0.4783783,-0.55597687,-0.5983887,-0.22760773,-0.17687988,-0.2644348,-0.31757736,-0.4794922,-0.37718964,-0.6239433,-0.37786865,-0.36889648,-0.27669144,-0.18941116,-0.23154068,-0.09914017,-0.23519516,-0.17513657
p432,-0.0008659363,-0.0008659363,-0.0008735657,-0.6093674,-0.2110405,-0.24046326,-0.51110077,-0.49739456,0.0,-0.5018196,-0.27936935,-0.18099213,-0.29886246,-0.68839645,-0.60377693,-0.4813385,-0.5991707,-0.5590286,-0.20946121,-0.16363907,-0.24287796,-0.29029465,-0.45754242,-0.34255219,-0.5527611,-0.40219116,-0.39234924,-0.2941742,-0.20112228,-0.24585342,-0.105270386,-0.24970245,-0.18593597
p433,-0.0008392334,-0.0008392334,-0.0008468628,-0.60671616,-0.21133041,-0.24082565,-0.51166916,-0.49915314,0.0,-0.5106087,-0.28400803,-0.1839943,-0.29930115,-0.7188835,-0.6021385,-0.48029327,-0.59835434,-0.55799866,-0.20975876,-0.16382217,-0.24323654,-0.29079437,-0.4572754,-0.3432312,-0.55711746,-0.4090271,-0.39901352,-0.2991295,-0.20444107,-0.24991608,-0.10700607,-0.2538147,-0.18899536
p434,-0.00084877014,-0.0008468628,-0.0008544922,-0.6034775,-0.21147919,-0.24100494,-0.5118332,-0.50057983,0.0,-0.51997375,-0.28894043,-0.18719101,-0.29951096,-0.75359726,-0.6000099,-0.47881317,-0.59711075,-0.55639267,-0.20989609,-0.16389084,-0.24341583,-0.29107285,-0.45661163,-0.34365463,-0.5613899,-0.4162979,-0.40610504,-0.30438614,-0.20796967,-0.25422668,-0.10885239,-0.25818634,-0.19224548
p435,-0.00031471252,-0.00031280518,-0.00032043457,-0.24744415,-0.4840889,-0.49111176,-0.27933502,-0.2859764,0.0,-0.19991302,-0.114746094,-0.07417297,-0.33833694,-0.24486923,-0.24455261,-0.2731552,-0.24279785,-0.2675171,-0.9663391,-0.22810364,-0.41169357,-0.425663,-0.28393555,-0.3570137,-0.27005768,-0.1618042,-0.15920639,-0.119953156,-0.08283615,-0.10126877,-0.043388367,-0.10303497,-0.07675171
p436,-0.00033187866,-0.00032806396,-0.00033569336,-0.25263977,-0.49286652,-0.50992966,-0.28523636,-0.29211807,0.0,-0.20407104,-0.11708069,-0.075683594,-0.34474945,-0.25011444,-0.2496872,-0.27850723,-0.24789047,-0.27318192,-0.8773346,-0.2304573,-0.4200096,-0.44041824,-0.2895851,-0.3656578,-0.27588272,-0.16514969,-0.16246796,-0.12239838,-0.08451843,-0.10331726,-0.04426956,-0.10511398,-0.07829285
p437,-0.00031471252,-0.00031280518,-0.00032043457,-0.24744415,-0.4840889,-0.49111176,-0.27933502,-0.2859764,0.0,-0.19991302,-0.114746094,-0.07417297,-0.33833694,-0.24486923,-0.24455261,-0.2731552,-0.24279785,-0.2675171,-0.9663391,-0.22810364,-0.41169357,-0.425663,-0.28393555,-0.3570137,-0.27005768,-0.1618042,-0.15920639,-0.119953156,-0.08283615,-0.10126877,-0.043388367,-0.10303497,-0.07675171
p438,-0.00032234192,-0.00032424927,-0.00032806396,-0.25014877,-0.487854,-0.50432587,-0.2824402,-0.2892418,0.0,-0.2020874,-0.115974426,-0.07496643,-0.34154892,-0.24762344,-0.24722862,-0.27585983,-0.2454567,-0.27048874,-1.4375534,-0.22869492,-0.41587448,-0.43567657,-0.28681946,-0.36203384,-0.27313995,-0.16355896,-0.16090775,-0.12123108,-0.083717346,-0.1023407,-0.043849945,-0.10412598,-0.077560425
p439,-0.00033187866,-0.00033187866,-0.00033569336,-0.25275803,-0.4919243,-0.5139961,-0.28539276,-0.29231644,0.0,-0.20417023,-0.11713791,-0.07572174,-0.34474945,-0.25025177,-0.24980545,-0.2785492,-0.24800491,-0.27332306,-1.2197227,-0.23003387,-0.41988373,-0.44325638,-0.28964996,-0.36633682,-0.27604675,-0.16523361,-0.16254425,-0.12245941,-0.084560394,-0.10336685,-0.04429245,-0.105163574,-0.07833862
p440,-0.00032424927,-0.00032424927,-0.00033187866,-0.25535965,-0.49618912,-0.52218246,-0.28832626,-0.29534912,0.0,-0.2062378,-0.11829376,-0.07646942,-0.34798813,-0.2528572,-0.25237083,-0.28128815,-0.25055313,-0.27614594,-1.0821571,-0.2317543,-0.42388153,-0.44981766,-0.292511,-0.3703804,-0.27893448,-0.16689682,-0.16416931,-0.1236763,-0.085392,-0.104393005,-0.04473114,-0.1062088,-0.07911301
p441,-0.0003414154,-0.00033950806,-0.00034713745,-0.25973892,-0.50315475,-0.5375519,-0.2932663,-0.30048752,0.0,-0.20973969,-0.12025452,-0.077739716,-0.35339355,-0.25725174,-0.2566948,-0.28585052,-0.25484085,-0.2809105,-0.8836899,-0.23427582,-0.43059158,-0.46188354,-0.2972908,-0.37740707,-0.28381348,-0.16970444,-0.16690826,-0.12573242,-0.086811066,-0.10611725,-0.045467377,-0.10795593,-0.08041
p442,-0.00035858154,-0.00035476685,-0.00036239624,-0.2643547,-0.5080948,-0.5628662,-0.29853058,-0.3060074,0.0,-0.21344757,-0.12232208,-0.07908249,-0.35879898,-0.26192474,-0.26125145,-0.2905159,-0.25936508,-0.2859726,-0.7705498,-0.23603821,-0.43705368,-0.4800148,-0.30223465,-0.38570786,-0.28903198,-0.17268372,-0.16981888,-0.12791061,-0.08830261,-0.107940674,-0.04624939,-0.109809875,-0.08179855
p443,-0.0003414154,-0.00033950806,-0.00034713745,-0.2699623,-0.5141525,-0.595047,-0.30491257,-0.3127098,0.0,-0.21793365,-0.12483978,-0.080711365,-0.36540985,-0.26760864,-0.2667942,-0.29623032,-0.26485825,-0.29211426,-0.6740799,-0.2384491,-0.44496155,-0.5018234,-0.30825424,-0.39558792,-0.2953682,-0.17629242,-0.17333603,-0.13055038,-0.09011459,-0.11014938,-0.047195435,-0.11205673,-0.083473206
p444,-0.00033569336,-0.00033569336,-0.00033950806,-0.26823044,-0.51784897,-0.56993484,-0.3028946,-0.3105049,0.0,-0.21652222,-0.124046326,-0.080200195,-0.3638382,-0.2658081,-0.2650814,-0.29460526,-0.2631569,-0.2901764,-0.67229843,-0.23835373,-0.4441223,-0.48615646,-0.30651474,-0.39123917,-0.29332352,-0.17515564,-0.17223358,-0.1297226,-0.08954239,-0.10945511,-0.04689789,-0.1113472,-0.08293915
p445,-0.00032806396,-0.00032806396,-0.00033187866,-0.24180222,-0.4740715,-0.46043777,-0.27280426,-0.2790413,0.0,-0.19534683,-0.112197876,-0.07251358,-0.33174896,-0.23908997,-0.2389698,-0.26769638,-0.23725891,-0.26127625,-0.7230606,-0.22853851,-0.40242386,-0.40266418,-0.27807236,-0.34576035,-0.26355362,-0.15813828,-0.15562057,-0.11726761,-0.08099747,-0.0990181,-0.042427063,-0.10074234,-0.075042725
p446,-0.00032424927,-0.00032043457,-0.00032806396,-0.24485397,-0.48662567,-0.4580307,-0.27616882,-0.28240585,0.0,-0.19774246,-0.113544464,-0.073387146,-0.336071,-0.24208069,-0.2419815,-0.27113724,-0.24024582,-0.26452637,-0.62268066,-0.23160553,-0.40856552,-0.40239716,-0.28160858,-0.34884262,-0.2668152,-0.16006851,-0.15750504,-0.11868286,-0.081970215,-0.10020447,-0.042934418,-0.101955414,-0.07594299
p447,-0.00032806396,-0.00032806396,-0.00033187866,-0.24180222,-0.4740715,-0.46043777,-0.27280426,-0.2790413,0.0,-0.19534683,-0.112197876,-0.07251358,-0.33174896,-0.23908997,-0.2389698,-0.26769638,-0.23725891,-0.26127625,-0.7230606,-0.22853851,-0.40242386,-0.40266418,-0.27807236,-0.34576035,-0.26355362,-0.15813828,-0.15562057,-0.11726761,-0.08099747,-0.0990181,-0.042427063,-0.10074234,-0.075042725
p448,-0.00030517578,-0.0002975464,-0.00030517578,-0.23448181,-0.45143127,-0.4325981,-0.2644043,-0.27021027,0.0,-0.18943787,-0.108882904,-0.07036972,-0.32263565,-0.23164749,-0.23173904,-0.2604599,-0.23007965,-0.25325394,-0.61216354,-0.22912979,-0.38858032,-0.380764,-0.27032852,-0.33255386,-0.2552414,-0.15338135,-0.15097809,-0.113780975,-0.07860565,-0.09609604,-0.041175842,-0.097774506,-0.072826385
p449,-0.00029182434,-0.000289917,-0.0002975464,-0.23138809,-0.44097137,-0.4179001,-0.26081467,-0.2663765,0.0,-0.1868515,-0.10745239,-0.06944275,-0.31886673,-0.22845078,-0.22867584,-0.25756454,-0.22703552,-0.24983215,-0.55067444,-0.23112488,-0.38237762,-0.369709,-0.26717377,-0.3263092,-0.2516632,-0.15133667,-0.14897537,-0.1122818,-0.0775795,-0.09483719,-0.040634155,-0.09649658,-0.071884155
p450,-0.00033569336,-0.00033950806,-0.00033950806,-0.2585678,-0.5039253,-0.5268135,-0.2919159,-0.2990303,0.0,-0.20878983,-0.11972046,-0.07739639,-0.35221863,-0.2560463,-0.25553703,-0.28471756,-0.2536888,-0.27960968,-0.8217125,-0.23405457,-0.42961502,-0.45410538,-0.29608536,-0.37477112,-0.28245544,-0.16894531,-0.16616821,-0.12517166,-0.08642197,-0.105644226,-0.045269012,-0.10748291,-0.08005905
p451,-0.0003528595,-0.00035095215,-0.00035476685,-0.2627716,-0.51262665,-0.5389328,-0.29667664,-0.30396652,0.0,-0.21213913,-0.12159729,-0.07860947,-0.35752487,-0.2602768,-0.25968933,-0.2890854,-0.2578087,-0.28419495,-0.73340225,-0.23617172,-0.4367752,-0.46374512,-0.30068588,-0.38129807,-0.28715134,-0.17163849,-0.16879272,-0.12714767,-0.08777237,-0.107299805,-0.04597473,-0.10916138,-0.08130264
p452,-0.00037574768,-0.00037765503,-0.00038146973,-0.27980042,-0.50917435,-0.7044258,-0.31625366,-0.32482147,0.0,-0.22586823,-0.12927628,-0.08358765,-0.37590027,-0.2776909,-0.27652168,-0.30583572,-0.27450943,-0.30300903,-0.57772446,-0.24068832,-0.4554367,-0.5650215,-0.31847763,-0.4160385,-0.30674362,-0.1826706,-0.1795578,-0.13521576,-0.09331131,-0.11406708,-0.048866272,-0.11602783,-0.08642578
p453,-0.00037384033,-0.00037384033,-0.00037765503,-0.28346252,-0.50242615,-0.7831764,-0.32055664,-0.32957458,0.0,-0.22880936,-0.13094711,-0.084667206,-0.3789711,-0.28152084,-0.28014565,-0.3092003,-0.2781105,-0.30714417,-0.5551033,-0.2406578,-0.45681763,-0.6110954,-0.32208633,-0.4259796,-0.3111267,-0.18506241,-0.18188858,-0.1369667,-0.09451294,-0.11553192,-0.04950714,-0.11751938,-0.08753967
p454,-0.00038719177,-0.00038528442,-0.00038909912,-0.28709793,-0.49801254,-0.85604477,-0.3247757,-0.33416748,0.0,-0.23175812,-0.13258743,-0.085739136,-0.3823204,-0.28528595,-0.28373718,-0.31262589,-0.28166962,-0.31120682,-0.5414009,-0.24121094,-0.45910263,-0.65114975,-0.32574844,-0.43481827,-0.31540298,-0.18743134,-0.18420029,-0.1387024,-0.095695496,-0.11698532,-0.050121307,-0.11899185,-0.088638306
p455,-0.00037956238,-0.00038146973,-0.00038528442,-0.29101562,-0.49462128,-0.931015,-0.3293152,-0.339077,0.0,-0.23493195,-0.13435364,-0.086883545,-0.38615417,-0.28933334,-0.28761482,-0.31640244,-0.28552246,-0.3155861,-0.53081894,-0.24216461,-0.46218872,-0.691288,-0.3297577,-0.44380188,-0.3200035,-0.18997574,-0.18667984,-0.14055252,-0.096977234,-0.11854172,-0.050785065,-0.120578766,-0.08980942
p456,-0.00037956238,-0.00038146973,-0.00038909912,-0.29577637,-0.49184036,-1.0180168,-0.3348236,-0.34498978,0.0,-0.23876953,-0.13650513,-0.088272095,-0.39099503,-0.2942238,-0.29232216,-0.3210411,-0.29018784,-0.32089615,-0.52156067,-0.24363708,-0.46648026,-0.737072,-0.3346901,-0.4541893,-0.32555008,-0.1930542,-0.189682,-0.14280319,-0.09851074,-0.12042618,-0.051589966,-0.122486115,-0.09123993
p457,-0.00031471252,-0.00031280518,-0.00032043457,-0.2479248,-0.4973526,-0.45328522,-0.27951813,-0.28572464,0.0,-0.20014572,-0.11488342,-0.0742569,-0.34046936,-0.24506378,-0.24501419,-0.2747116,-0.24324417,-0.2677803,-0.53848267,-0.2356453,-0.41449356,-0.4007454,-0.28525162,-0.35144424,-0.27005386,-0.16199493,-0.15938568,-0.12008667,-0.08293152,-0.101379395,-0.043437958,-0.103149414,-0.07683182
p458,-0.00032615662,-0.00032806396,-0.00033187866,-0.24113464,-0.47056198,-0.4294243,-0.27171326,-0.27752686,0.0,-0.19460297,-0.11180115,-0.07226181,-0.3319435,-0.23814774,-0.23829842,-0.26802826,-0.23657608,-0.26032257,-0.50167084,-0.23610306,-0.40083694,-0.38215256,-0.2780838,-0.33932877,-0.26231384,-0.1575737,-0.15506363,-0.11684418,-0.08071518,-0.09867096,-0.042274475,-0.10039139,-0.07477951
p459,-0.00031471252,-0.00031280518,-0.00032043457,-0.2479248,-0.4973526,-0.45328522,-0.27951813,-0.28572464,0.0,-0.20014572,-0.11488342,-0.0742569,-0.34046936,-0.24506378,-0.24501419,-0.2747116,-0.24324417,-0.2677803,-0.53848267,-0.2356453,-0.41449356,-0.4007454,-0.28525162,-0.35144424,-0.27005386,-0.16199493,-0.15938568,-0.12008667,-0.08293152,-0.101379395,-0.043437958,-0.103149414,-0.07683182
p460,-0.00032615662,-0.00032424927,-0.00032806396,-0.25457764,-0.5270462,-0.47010803,-0.28712463,-0.29362488,0.0,-0.20539856,-0.117836,-0.076171875,-0.3490448,-0.25177383,-0.2515812,-0.28150558,-0.24975586,-0.27506638,-0.5299721,-0.23757172,-0.4283409,-0.41477966,-0.29247284,-0.36209488,-0.27754593,-0.16624832,-0.16353607,-0.12319946,-0.085063934,-0.10398865,-0.044555664,-0.105796814,-0.0788002
p461,-0.00037002563,-0.00037002563,-0.00037384033,-0.28234863,-0.49822998,-0.76368713,-0.3193016,-0.32815933,0.0,-0.22790527,-0.13044357,-0.08433914,-0.37857056,-0.28037262,-0.2790451,-0.30810547,-0.2770157,-0.30591965,-0.52617264,-0.23939514,-0.4582863,-0.584816,-0.3209877,-0.4222145,-0.30982208,-0.1843338,-0.18118668,-0.13644028,-0.09415054,-0.1150856,-0.049308777,-0.11707306,-0.08720398
p462,-0.00038719177,-0.00038146973,-0.00038909912,-0.2867012,-0.4979248,-0.821682,-0.32426834,-0.33342743,0.0,-0.23139572,-0.13238907,-0.08560562,-0.38329697,-0.28480148,-0.28334045,-0.3124504,-0.2812767,-0.31071472,-0.52438354,-0.24131012,-0.46292114,-0.6129379,-0.32557297,-0.43074036,-0.31480026,-0.1871376,-0.183918,-0.13848495,-0.09555435,-0.11680603,-0.050048828,-0.11881256,-0.08850098
p463,-0.00038528442,-0.00038528442,-0.00038909912,-0.29222488,-0.49667358,-0.8999367,-0.33059692,-0.3401451,0.0,-0.2358284,-0.13486099,-0.087207794,-0.38931656,-0.2904358,-0.2887993,-0.31795883,-0.28668976,-0.31682205,-0.52059174,-0.24359894,-0.468956,-0.64969254,-0.331398,-0.44158936,-0.32113647,-0.19069672,-0.18738937,-0.14107895,-0.097335815,-0.11898804,-0.050979614,-0.12102127,-0.09014511
p464,-0.00039291382,-0.00038909912,-0.00039672852,-0.3082962,-0.48757553,-1.1670952,-0.349308,-0.36057281,0.0,-0.24886322,-0.14211273,-0.0919075,-0.40345383,-0.30712128,-0.30469513,-0.33324814,-0.30246353,-0.3348999,-0.5076866,-0.24797058,-0.47709274,-0.8768959,-0.34762955,-0.48213196,-0.3401947,-0.2011528,-0.1975708,-0.14871216,-0.10255432,-0.12537003,-0.053710938,-0.12750626,-0.0949707
p465,-0.00040245056,-0.0004043579,-0.0004119873,-0.31178284,-0.48153305,-1.1343727,-0.35346603,-0.36532974,0.0,-0.25172806,-0.14371109,-0.0929451,-0.4053955,-0.31085205,-0.30814362,-0.33626556,-0.30588913,-0.33891678,-0.5000763,-0.2477684,-0.47594452,-0.9753418,-0.35087585,-0.4944229,-0.3445511,-0.20345306,-0.19981003,-0.15039444,-0.103710175,-0.12677002,-0.05431366,-0.12893295,-0.096035
p466,-0.00039291382,-0.00038909912,-0.00039672852,-0.3082962,-0.48757553,-1.1670952,-0.349308,-0.36057281,0.0,-0.24886322,-0.14211273,-0.0919075,-0.40345383,-0.30712128,-0.30469513,-0.33324814,-0.30246353,-0.3348999,-0.5076866,-0.24797058,-0.47709274,-0.8768959,-0.34762955,-0.48213196,-0.3401947,-0.2011528,-0.1975708,-0.14871216,-0.10255432,-0.12537003,-0.053710938,-0.12750626,-0.0949707
p467,-0.00038909912,-0.00038909912,-0.00039291382,-0.30762482,-0.48532486,-1.1763382,-0.34855652,-0.35982895,0.0,-0.24833298,-0.141819,-0.09172058,-0.40255356,-0.30646133,-0.30403137,-0.332489,-0.3018036,-0.3341713,-0.50473785,-0.2472229,-0.47590256,-0.8773041,-0.34685135,-0.48138428,-0.3394661,-0.20072174,-0.197155,-0.14839935,-0.10234451,-0.12510681,-0.053604126,-0.12724304,-0.09477615
p468,-0.00037002563,-0.00036621094,-0.00037384033,-0.2782669,-0.5210686,-0.5596428,-0.31428146,-0.32217026,0.0,-0.22450638,-0.12850952,-0.083091736,-0.37803268,-0.2758751,-0.274992,-0.30506516,-0.27298355,-0.3011284,-0.5248718,-0.24214935,-0.46625137,-0.48234558,-0.3176155,-0.4037819,-0.30448914,-0.18157578,-0.17848587,-0.13441086,-0.09275818,-0.113391876,-0.048583984,-0.11534119,-0.08591461
p469,-0.00037765503,-0.00037765503,-0.00038146973,-0.28499603,-0.50917435,-0.57504654,-0.32198334,-0.33020782,0.0,-0.22989273,-0.13152313,-0.08504486,-0.3865204,-0.2827034,-0.28163528,-0.3118248,-0.27957153,-0.30854034,-0.5127716,-0.24403763,-0.4776268,-0.4954834,-0.3248253,-0.4146576,-0.31212616,-0.18590164,-0.18270493,-0.13757324,-0.09492874,-0.116039276,-0.049720764,-0.11803818,-0.08792114
p470,-0.00037956238,-0.00038146973,-0.00038528442,-0.2912407,-0.50045776,-0.5960579,-0.32915115,-0.3377266,0.0,-0.23488998,-0.13431549,-0.08685684,-0.39409256,-0.28905106,-0.28780746,-0.3180771,-0.2856903,-0.31544113,-0.50406265,-0.24594116,-0.4874382,-0.5116501,-0.33148575,-0.42533493,-0.319252,-0.1899147,-0.18662262,-0.14050674,-0.09693909,-0.118499756,-0.050769806,-0.12053299,-0.089775085
p471,-0.00038719177,-0.00038528442,-0.00039291382,-0.29746628,-0.49219513,-0.6155472,-0.33632278,-0.34524155,0.0,-0.23981857,-0.13708496,-0.088645935,-0.40169525,-0.29538727,-0.29396057,-0.32432556,-0.29179382,-0.32234573,-0.49575043,-0.24787903,-0.4977455,-0.526844,-0.33815002,-0.435894,-0.32637405,-0.19390488,-0.1905098,-0.14342499,-0.09893799,-0.12093735,-0.051818848,-0.12300873,-0.0916214
p472,-0.00029945374,-0.0002975464,-0.00030517578,-0.23252106,-0.43854523,-0.4025421,-0.26189423,-0.2672348,0.0,-0.18759155,-0.107875824,-0.06971359,-0.32084656,-0.22940445,-0.2297821,-0.25943375,-0.22812271,-0.2509346,-0.4635315,-0.23655319,-0.38370132,-0.3611374,-0.26890945,-0.3245201,-0.25261688,-0.15195084,-0.14957047,-0.112724304,-0.07787323,-0.0952034,-0.040790558,-0.09686661,-0.072155
p473,-0.00031852722,-0.00031661987,-0.00032424927,-0.23810577,-0.43509293,-0.40018082,-0.2680092,-0.27331543,0.0,-0.19195557,-0.11029816,-0.07128906,-0.32841873,-0.23482513,-0.23528862,-0.26588058,-0.23357391,-0.25686646,-0.43953705,-0.24123383,-0.39196396,-0.36323547,-0.27547455,-0.32992935,-0.2585373,-0.15545273,-0.1529808,-0.115283966,-0.079624176,-0.097335815,-0.041706085,-0.09903717,-0.073768616
p474,-0.0003414154,-0.00034332275,-0.00034713745,-0.25953293,-0.5068054,-0.45592117,-0.29251862,-0.2989235,0.0,-0.20922852,-0.1199646,-0.077552795,-0.35629272,-0.25654984,-0.2564621,-0.28733826,-0.25458527,-0.2803192,-0.47722244,-0.24326706,-0.4498062,-0.40943527,-0.29840088,-0.36553574,-0.28274155,-0.16932678,-0.16652298,-0.12543488,-0.08659744,-0.10585785,-0.04535675,-0.10769653,-0.08021927
p475,-0.00035858154,-0.00035858154,-0.00036239624,-0.2749977,-0.47395325,-0.4664917,-0.31032944,-0.3175125,0.0,-0.22173691,-0.12695312,-0.08208084,-0.37720108,-0.27230072,-0.2717476,-0.30262375,-0.2697525,-0.29735947,-0.4543457,-0.2440033,-0.596653,-0.43063736,-0.31489944,-0.38960648,-0.30033112,-0.17934418,-0.17630386,-0.13277817,-0.09163284,-0.112010956,-0.047992706,-0.11394501,-0.0848732
p476,-0.00037956238,-0.00038146973,-0.00038146973,-0.28546906,-0.4595604,-0.4760933,-0.32238388,-0.3300705,0.0,-0.23013687,-0.1316452,-0.085128784,-0.39095306,-0.28295135,-0.28209496,-0.31303787,-0.28001404,-0.30893326,-0.44485855,-0.24555588,-0.71723175,-0.44623184,-0.3260994,-0.40585327,-0.31225586,-0.18609238,-0.18288803,-0.13770676,-0.09501648,-0.11614609,-0.049762726,-0.118141174,-0.08800125
p477,-0.00017356873,-0.00016784668,-0.00017929077,-0.12479782,-0.18865204,-0.18307114,-0.14044571,-0.14232254,0.0,-0.10105896,-0.058750153,-0.037914276,-0.17402267,-0.12197876,-0.12334633,-0.14407349,-0.12249756,-0.13458252,-0.18883133,-0.19773865,-0.1831398,-0.17467117,-0.14818954,-0.16621399,-0.13432312,-0.08208847,-0.08110809,-0.06124878,-0.042430878,-0.051883698,-0.02223587,-0.052833557,-0.039360046
p478,-0.00023078918,-0.00022888184,-0.00023269653,-0.17171478,-0.25352097,-0.24720764,-0.19248581,-0.19503403,0.0,-0.13848114,-0.08005905,-0.051704407,-0.2372284,-0.16798401,-0.1696682,-0.19724274,-0.16844559,-0.18469238,-0.25063324,-0.22783661,-0.24894333,-0.23725891,-0.2027359,-0.2264862,-0.1845932,-0.112327576,-0.11077118,-0.08356476,-0.057807922,-0.070682526,-0.030288696,-0.07194519,-0.053592682
p479,-0.00017356873,-0.00016784668,-0.00017929077,-0.12479782,-0.18865204,-0.18307114,-0.14044571,-0.14232254,0.0,-0.10105896,-0.058750153,-0.037914276,-0.17402267,-0.12197876,-0.12334633,-0.14407349,-0.12249756,-0.13458252,-0.18883133,-0.19773865,-0.1831398,-0.17467117,-0.14818954,-0.16621399,-0.13432312,-0.08208847,-0.08110809,-0.06124878,-0.042430878,-0.051883698,-0.02223587,-0.052833557,-0.039360046
p480,-0.00029563904,-0.0002937317,-0.0002975464,-0.22395325,-0.26913452,-0.27502823,-0.24869156,-0.25079346,0.0,-0.17940903,-0.10323715,-0.06671524,-0.29948425,-0.21832657,-0.22118378,-0.25979996,-0.21949005,-0.23939133,-0.26646805,-0.6268425,-0.27838516,-0.27965546,-0.26533508,-0.27946472,-0.23854065,-0.14536667,-0.14311218,-0.107875824,-0.074531555,-0.09111786,-0.039043427,-0.09271622,-0.06906128
p481,-0.00079345703,-0.00078964233,-0.00079345703,-0.5553398,-0.25444794,-0.28450394,-0.4886055,-0.45733643,0.0,-0.39292526,-0.2211914,-0.14323425,-0.3542099,-0.45958328,-0.54348373,-1.0180321,-0.53432846,-0.50691605,-0.25219345,-0.20891953,-0.28883362,-0.33154678,-0.6144638,-0.37589645,-0.46474075,-0.31643295,-0.30919647,-0.23223495,-0.15943527,-0.19488144,-0.08347702,-0.19802856,-0.14746475
p482,-0.0007343292,-0.0007324219,-0.00074005127,-0.51522446,-0.26698685,-0.29653168,-0.4696083,-0.44451904,0.0,-0.37097168,-0.20924759,-0.13548279,-0.3678627,-0.4371071,-0.5048027,-0.8584137,-0.49698257,-0.4816246,-0.2645073,-0.22387695,-0.30135727,-0.3415413,-0.5739174,-0.3824196,-0.44729233,-0.29893112,-0.29228592,-0.21958542,-0.1508522,-0.18439102,-0.07898331,-0.18738937,-0.13954926
p483,-0.00064086914,-0.00063705444,-0.00064849854,-0.46640015,-0.28232956,-0.31142044,-0.44750214,-0.42967987,0.0,-0.3446045,-0.19488144,-0.12615204,-0.38500977,-0.41051483,-0.45776176,-0.6981735,-0.45156097,-0.45186996,-0.2795639,-0.24170303,-0.31690216,-0.3542137,-0.5300789,-0.3910942,-0.4267807,-0.27788925,-0.27194977,-0.20437622,-0.14053345,-0.171772,-0.07357788,-0.17459106,-0.13002777
p484,-0.00079345703,-0.00078964233,-0.00079345703,-0.5553398,-0.25444794,-0.28450394,-0.4886055,-0.45733643,0.0,-0.39292526,-0.2211914,-0.14323425,-0.3542099,-0.45958328,-0.54348373,-1.0180321,-0.53432846,-0.50691605,-0.25219345,-0.20891953,-0.28883362,-0.33154678,-0.6144638,-0.37589645,-0.46474075,-0.31643295,-0.30919647,-0.23223495,-0.15943527,-0.19488144,-0.08347702,-0.19802856,-0.14746475
p485,-0.0007724762,-0.00077438354,-0.00078201294,-0.5604706,-0.2553215,-0.2865486,-0.5081177,-0.47201538,0.0,-0.4010353,-0.22572708,-0.14616394,-0.35807037,-0.47161865,-0.5489502,-0.82276917,-0.5401535,-0.52648544,-0.2531166,-0.20703506,-0.29088974,-0.3359642,-0.6843376,-0.38311386,-0.4794731,-0.32292557,-0.31553268,-0.2369957,-0.16269684,-0.19888306,-0.08517456,-0.20207977,-0.1504898
p486,-0.00038719177,-0.00038528442,-0.00039291382,-0.30727386,-0.48683548,-1.1980705,-0.348114,-0.35926056,0.0,-0.2480278,-0.14164352,-0.091609955,-0.4026718,-0.30605698,-0.3036766,-0.33226395,-0.30145645,-0.33374023,-0.5061722,-0.24751282,-0.47690582,-0.8570595,-0.34659195,-0.47930527,-0.33897018,-0.2004776,-0.19691849,-0.14822388,-0.10222626,-0.12496567,-0.053539276,-0.12709045,-0.09466171
p487,-0.00039672852,-0.00039672852,-0.0004005432,-0.30952835,-0.48292542,-1.1632805,-0.35082245,-0.36236572,0.0,-0.24989319,-0.14269638,-0.09228134,-0.4038086,-0.30847168,-0.30591583,-0.334198,-0.3036766,-0.3363533,-0.5016098,-0.24734497,-0.47580338,-0.9224243,-0.3486786,-0.4874344,-0.3418045,-0.20197678,-0.1983757,-0.14931488,-0.10297394,-0.12587357,-0.053928375,-0.12801361,-0.09535217
p488,-0.00031661987,-0.00031661987,-0.00032424927,-0.24773407,-0.4405861,-0.4075737,-0.27871704,-0.28414917,0.0,-0.19953537,-0.11452103,-0.074028015,-0.3413124,-0.24431992,-0.24478912,-0.27657318,-0.24298096,-0.2672081,-0.42567444,-0.24765015,-0.40715027,-0.37345886,-0.28650665,-0.34159088,-0.26895905,-0.16153717,-0.15891266,-0.11972809,-0.082668304,-0.10105896,-0.04330063,-0.10281372,-0.07658768
p489,-0.0003490448,-0.00034713745,-0.00035476685,-0.27238464,-0.42177963,-0.42393112,-0.30703735,-0.31361008,0.0,-0.21947479,-0.12568283,-0.08126068,-0.37604523,-0.26937866,-0.26914978,-0.30091476,-0.26716232,-0.29426575,-0.41172028,-0.24779129,-0.449131,-0.4054222,-0.31284332,-0.37705994,-0.29685593,-0.17753983,-0.17453766,-0.13145065,-0.090717316,-0.11089325,-0.047519684,-0.11280441,-0.084033966
p490,-0.00037574768,-0.00037384033,-0.00037765503,-0.28442383,-0.41623306,-0.43247604,-0.32090378,-0.32801437,0.0,-0.22915268,-0.13107681,-0.084754944,-0.39245605,-0.2816162,-0.28104782,-0.3128662,-0.278965,-0.30755615,-0.40787125,-0.24890137,-0.4684906,-0.4213524,-0.32575226,-0.3942871,-0.31053543,-0.18530273,-0.18210602,-0.1371193,-0.09461594,-0.11564636,-0.049549103,-0.11764145,-0.087623596
p491,-0.00038719177,-0.00038528442,-0.00039291382,-0.2976303,-0.41204453,-0.44234848,-0.3361473,-0.34383774,0.0,-0.23971939,-0.13697052,-0.08857727,-0.41017914,-0.2950325,-0.29408836,-0.32598114,-0.29189682,-0.32218552,-0.4052353,-0.25059128,-0.49017334,-0.43912506,-0.33992386,-0.41313934,-0.32559967,-0.19377899,-0.19037628,-0.14331055,-0.098854065,-0.120838165,-0.051776886,-0.12290573,-0.09154892
p492,-0.0004196167,-0.0004196167,-0.0004234314,-0.31617737,-0.47441864,-1.0882225,-0.35871506,-0.3713379,0.0,-0.25542068,-0.14573288,-0.09425354,-0.40782166,-0.3155632,-0.3125,-0.340065,-0.3102188,-0.34400177,-0.4912796,-0.24757004,-0.47453308,-1.1136475,-0.35495758,-0.5107155,-0.35006332,-0.2063713,-0.20265198,-0.15251541,-0.105163574,-0.12855148,-0.055072784,-0.1307373,-0.09737778
p493,-0.00041007996,-0.0004119873,-0.000415802,-0.31378555,-0.47768402,-1.116169,-0.35586166,-0.36808014,0.0,-0.25344467,-0.14463425,-0.09354401,-0.4064293,-0.31299973,-0.31012917,-0.3379631,-0.30786133,-0.3412361,-0.4952278,-0.24754715,-0.47512436,-1.0387611,-0.35271072,-0.50193405,-0.3470688,-0.20478821,-0.20111465,-0.15136719,-0.10437012,-0.12758636,-0.054660797,-0.12976074,-0.09664917
p494,-0.00031471252,-0.00031280518,-0.00031661987,-0.24078369,-0.40734863,-0.3828163,-0.270504,-0.27539062,0.0,-0.19386292,-0.111312866,-0.071949005,-0.33186722,-0.23709488,-0.23790932,-0.27025223,-0.23614883,-0.2594452,-0.39507294,-0.25008774,-0.38422775,-0.35480118,-0.27946472,-0.32810974,-0.26078033,-0.15696335,-0.15443039,-0.116363525,-0.08035278,-0.098236084,-0.042087555,-0.09994888,-0.07444763
p495,-0.00036239624,-0.00036239624,-0.00036621094,-0.27622604,-0.4018402,-0.41299057,-0.31119537,-0.31770706,0.0,-0.22246552,-0.12734222,-0.08234024,-0.38185883,-0.27310562,-0.27293968,-0.30537415,-0.270916,-0.29831696,-0.3937111,-0.2518196,-0.4386444,-0.40301895,-0.31740952,-0.37910843,-0.30085373,-0.17993546,-0.17686462,-0.13319397,-0.09191513,-0.11235809,-0.048137665,-0.11429596,-0.08513641
p496,-0.00038719177,-0.00038909912,-0.00039291382,-0.29785156,-0.4030838,-0.43072128,-0.33608627,-0.34349442,0.0,-0.23978424,-0.13700485,-0.08860016,-0.41122055,-0.29504395,-0.29430008,-0.32695007,-0.292099,-0.32219315,-0.39656067,-0.25519943,-0.46651077,-0.43141937,-0.34067154,-0.4092369,-0.32540894,-0.1938324,-0.19042206,-0.1433487,-0.09887695,-0.12086868,-0.051784515,-0.122932434,-0.09156418
p497,-0.00038719177,-0.00038909912,-0.00039291382,-0.2977867,-0.44646835,-0.48888397,-0.33660126,-0.34488678,0.0,-0.23999786,-0.13714218,-0.0886879,-0.4068222,-0.295475,-0.29426003,-0.3252716,-0.29208374,-0.32258987,-0.4367218,-0.24775314,-0.86642075,-0.46533203,-0.33926773,-0.42516327,-0.3263321,-0.19400787,-0.19060135,-0.14348984,-0.098976135,-0.120983124,-0.05183792,-0.12305832,-0.091659546
p498,-0.0004119873,-0.0004119873,-0.000415802,-0.30426788,-0.43800735,-0.4906006,-0.3440857,-0.35261917,0.0,-0.2451706,-0.14001083,-0.090545654,-0.41559982,-0.30205154,-0.3006668,-0.3317871,-0.29842758,-0.3297882,-0.43049622,-0.24904251,-1.1657448,-0.47240448,-0.34628677,-0.43390656,-0.33372116,-0.19815826,-0.19464111,-0.14650726,-0.10103989,-0.1235199,-0.05292511,-0.12562561,-0.093574524
p499,-0.00038719177,-0.00038909912,-0.00039291382,-0.2977867,-0.44646835,-0.48888397,-0.33660126,-0.34488678,0.0,-0.23999786,-0.13714218,-0.0886879,-0.4068222,-0.295475,-0.29426003,-0.3252716,-0.29208374,-0.32258987,-0.4367218,-0.24775314,-0.86642075,-0.46533203,-0.33926773,-0.42516327,-0.3263321,-0.19400787,-0.19060135,-0.14348984,-0.098976135,-0.120983124,-0.05183792,-0.12305832,-0.091659546
p500,-0.00041007996,-0.0004081726,-0.000415802,-0.30312347,-0.44313812,-0.50089645,-0.3428192,-0.3514595,0.0,-0.24423599,-0.13952637,-0.09023285,-0.41308975,-0.3009529,-0.29953384,-0.3304596,-0.29730988,-0.3285675,-0.4358406,-0.24835968,-0.7551117,-0.47730255,-0.34486008,-0.43522644,-0.3325348,-0.1974411,-0.19393921,-0.14599228,-0.10069275,-0.12308502,-0.05273819,-0.12519455,-0.09324646
p501,-0.00038909912,-0.00038909912,-0.00039291382,-0.30802155,-0.44275665,-0.51290894,-0.3484764,-0.357399,0.0,-0.2481575,-0.14170456,-0.09164429,-0.4188614,-0.30595398,-0.30437088,-0.33529282,-0.30210876,-0.33401108,-0.43729782,-0.2496376,-0.6866112,-0.48797226,-0.35004044,-0.4440117,-0.3381729,-0.20058441,-0.19700623,-0.14829254,-0.10226822,-0.12500381,-0.05355835,-0.12714386,-0.094696045
p502,-0.00040626526,-0.0004081726,-0.000415802,-0.3131523,-0.4444046,-0.5268402,-0.35438538,-0.36358643,0.0,-0.2522545,-0.14398575,-0.09312439,-0.42498016,-0.3111801,-0.3094406,-0.34043884,-0.30713272,-0.33971405,-0.44066238,-0.25153732,-0.63534164,-0.49904633,-0.35552597,-0.45285034,-0.34405518,-0.20386505,-0.20019913,-0.15068436,-0.10390854,-0.12701416,-0.054416656,-0.12916946,-0.096214294
p503,-0.0002822876,-0.0002861023,-0.0002861023,-0.21651077,-0.31476593,-0.30765915,-0.2418747,-0.24503708,0.0,-0.17400742,-0.10013962,-0.06471634,-0.29673767,-0.21197128,-0.21388626,-0.24774551,-0.2122879,-0.23236465,-0.30882645,-0.2563095,-0.31080627,-0.29623032,-0.2544365,-0.283329,-0.23242569,-0.14098358,-0.13881302,-0.104644775,-0.07229996,-0.088386536,-0.03787613,-0.08994293,-0.06700516
p504,-0.00033569336,-0.00033950806,-0.00034713745,-0.26873016,-0.35359573,-0.37513733,-0.3021164,-0.30792236,0.0,-0.21632385,-0.123909,-0.08011246,-0.373024,-0.2652321,-0.2655201,-0.29885864,-0.26354218,-0.28972244,-0.34875107,-0.25469208,-0.40137863,-0.3775177,-0.31001282,-0.36198044,-0.2917137,-0.17499924,-0.1720581,-0.12958527,-0.08943939,-0.10933304,-0.046848297,-0.11122131,-0.082847595
p505,-0.00037956238,-0.00038146973,-0.00038146973,-0.29516983,-0.3719902,-0.4053421,-0.33268738,-0.33971024,0.0,-0.23754883,-0.13576126,-0.08778763,-0.4090538,-0.29214096,-0.29163742,-0.32489395,-0.2894516,-0.3189926,-0.36743546,-0.25691986,-0.4398346,-0.41544342,-0.33825302,-0.39997482,-0.32191467,-0.19203568,-0.1886673,-0.14204025,-0.09797287,-0.11977005,-0.051311493,-0.12181854,-0.09073639
p506,-0.00041389465,-0.0004119873,-0.000415802,-0.30407715,-0.48342133,-0.6355896,-0.3439331,-0.35320663,0.0,-0.24509811,-0.14001846,-0.0905571,-0.4097252,-0.30210114,-0.3004818,-0.33093262,-0.29825974,-0.32967758,-0.48695374,-0.24989319,-0.5089989,-0.542572,-0.3452072,-0.4470482,-0.3339424,-0.19813919,-0.19462967,-0.1465149,-0.10105133,-0.12352753,-0.05291748,-0.12563705,-0.09357834
p507,-0.00039672852,-0.00039291382,-0.0004005432,-0.3092003,-0.4729538,-0.610199,-0.349823,-0.35923767,0.0,-0.2491684,-0.14228058,-0.09201813,-0.41701126,-0.30727386,-0.305542,-0.3361702,-0.30327606,-0.33535767,-0.47506714,-0.2512703,-0.5229759,-0.5339699,-0.35083008,-0.45332336,-0.33974457,-0.20140076,-0.19781494,-0.14889145,-0.10268021,-0.1255188,-0.053771973,-0.12765884,-0.095077515
p508,-0.00041770935,-0.0004119873,-0.0004234314,-0.3147812,-0.46164322,-0.5831337,-0.3562622,-0.3658142,0.0,-0.25360107,-0.14474106,-0.09361267,-0.42494202,-0.31289673,-0.31105232,-0.34186554,-0.3087349,-0.34154892,-0.46224976,-0.25271606,-0.53931427,-0.52540207,-0.3569603,-0.4601364,-0.3460617,-0.20494843,-0.20126343,-0.151474,-0.104450226,-0.12768555,-0.05470276,-0.12984848,-0.096717834
p509,-0.00045013428,-0.00044631958,-0.00045394897,-0.3374443,-0.42995453,-0.7945061,-0.38453674,-0.40190125,0.0,-0.2731781,-0.15556717,-0.100631714,-0.4151268,-0.3388443,-0.33358574,-0.3572998,-0.33117676,-0.3690796,-0.43868256,-0.2428627,-0.45782852,-2.2468529,-0.37366867,-0.61790466,-0.3779869,-0.22059631,-0.2164917,-0.16287231,-0.11224365,-0.13720703,-0.058776855,-0.13952255,-0.10391617
p510,-0.00046157837,-0.00045776367,-0.00046539307,-0.34064484,-0.42412567,-0.757637,-0.38842773,-0.4065132,0.0,-0.27585983,-0.15703964,-0.10159302,-0.41624832,-0.34236526,-0.33675957,-0.3598976,-0.3343315,-0.37285995,-0.4318161,-0.24225235,-0.45513916,-2.4581947,-0.37648773,-0.6364937,-0.3822441,-0.22273254,-0.21857452,-0.1644249,-0.11330795,-0.13850403,-0.05934143,-0.14083481,-0.104896545
p511,-0.00045585632,-0.00045394897,-0.00046157837,-0.3441162,-0.4185524,-0.7224388,-0.39262772,-0.4114647,0.0,-0.27873993,-0.158638,-0.102622986,-0.41765976,-0.34615326,-0.34019852,-0.3627739,-0.33774185,-0.37694168,-0.42525864,-0.24179077,-0.45261765,-2.684475,-0.37960052,-0.6564064,-0.38682556,-0.22503662,-0.22081757,-0.16610336,-0.11444855,-0.13991165,-0.059936523,-0.1422615,-0.105960846
p512,-0.00045013428,-0.00045394897,-0.00046157837,-0.3479538,-0.41308975,-0.6880989,-0.3972664,-0.416893,0.0,-0.28193283,-0.16039658,-0.103759766,-0.41944504,-0.35033417,-0.34400177,-0.36600113,-0.34152603,-0.38144684,-0.41881943,-0.24147415,-0.45021057,-2.9321747,-0.3830986,-0.678215,-0.3918686,-0.22758865,-0.2232933,-0.16796494,-0.11571884,-0.14144897,-0.06059265,-0.14383316,-0.10712814
p513,-0.0003566742,-0.00035858154,-0.00036621094,-0.27593613,-0.30897903,-0.3208809,-0.30518723,-0.3074684,0.0,-0.22013474,-0.12592316,-0.08143234,-0.36523056,-0.26892853,-0.27243805,-0.31927872,-0.2702484,-0.29432678,-0.30485916,-0.3195305,-0.32603455,-0.33311844,-0.3256836,-0.33796692,-0.29328918,-0.17803574,-0.17495728,-0.1317482,-0.09088516,-0.11110306,-0.047607422,-0.11301422,-0.084178925
p514,-0.0004310608,-0.0004310608,-0.0004386902,-0.32177353,-0.32670593,-0.35442734,-0.35912704,-0.36420822,0.0,-0.25733185,-0.14671707,-0.094898224,-0.5244255,-0.31636047,-0.31776428,-0.36087418,-0.31523132,-0.34544754,-0.32313538,-0.28982544,-0.36413193,-0.38489532,-0.37355042,-0.40076065,-0.34668732,-0.207901,-0.2040863,-0.15358734,-0.10586929,-0.12940598,-0.05544281,-0.13160706,-0.098026276
p515,-0.00044822693,-0.00044631958,-0.00045394897,-0.3463936,-0.33711243,-0.3720932,-0.38819885,-0.3945198,0.0,-0.2771263,-0.15768814,-0.102012634,-0.6276169,-0.34175873,-0.3420925,-0.3834381,-0.33935928,-0.37322617,-0.33372498,-0.28019714,-0.3839836,-0.41163254,-0.39974213,-0.4335823,-0.37546158,-0.2237587,-0.21952057,-0.16513824,-0.11376572,-0.1390686,-0.05958557,-0.14141083,-0.105327606
p516,-0.0007762909,-0.00077438354,-0.00077819824,-0.5624542,-0.25897217,-0.29162598,-0.5272522,-0.4868698,0.0,-0.40719604,-0.22902298,-0.14829636,-0.36601257,-0.48236465,-0.5513859,-0.6683693,-0.5429306,-0.5443268,-0.25677872,-0.20753098,-0.29610443,-0.3436203,-0.7811241,-0.3935547,-0.49341583,-0.32777405,-0.32022858,-0.24049759,-0.16505814,-0.20175934,-0.08640671,-0.20500946,-0.15266418
p517,-0.0007171631,-0.0007171631,-0.0007247925,-0.5431938,-0.25628662,-0.28935623,-0.55363846,-0.49993896,0.0,-0.40538025,-0.22811127,-0.14769363,-0.3633995,-0.48778915,-0.5337124,-0.60798645,-0.52672195,-0.56713104,-0.2541542,-0.20371628,-0.2936592,-0.34267044,-1.1260071,-0.39474487,-0.5048523,-0.32629395,-0.318882,-0.2394867,-0.16440582,-0.20097351,-0.0860672,-0.20420456,-0.15206909
p518,-0.0007762909,-0.00077438354,-0.00077819824,-0.5624542,-0.25897217,-0.29162598,-0.5272522,-0.4868698,0.0,-0.40719604,-0.22902298,-0.14829636,-0.36601257,-0.48236465,-0.5513859,-0.6683693,-0.5429306,-0.5443268,-0.25677872,-0.20753098,-0.29610443,-0.3436203,-0.7811241,-0.3935547,-0.49341583,-0.32777405,-0.32022858,-0.24049759,-0.16505814,-0.20175934,-0.08640671,-0.20500946,-0.15266418
p519,-0.0007171631,-0.0007133484,-0.0007209778,-0.5184212,-0.27191925,-0.3059311,-0.50658417,-0.47590637,0.0,-0.38365173,-0.21624374,-0.1400032,-0.38617706,-0.4589424,-0.50896454,-0.61009216,-0.502018,-0.51490784,-0.2695732,-0.21790695,-0.31114197,-0.3590355,-0.69569016,-0.4082756,-0.47600937,-0.30900192,-0.3021202,-0.22694016,-0.15587616,-0.19055176,-0.081604004,-0.19363022,-0.14419937
p520,-0.00064468384,-0.00064468384,-0.00064849854,-0.4773445,-0.2858925,-0.3214798,-0.4879799,-0.46702957,0.0,-0.3617897,-0.20438004,-0.13230133,-0.40792847,-0.4375496,-0.46943092,-0.55513763,-0.4638672,-0.48780823,-0.28339386,-0.22891998,-0.32746124,-0.37613297,-0.6196556,-0.42515182,-0.46078873,-0.2915802,-0.2852974,-0.21435928,-0.14735413,-0.18012619,-0.07715225,-0.18306732,-0.13633728
p521,-0.00044822693,-0.00044631958,-0.00045013428,-0.3481331,-0.31381607,-0.34156036,-0.38183212,-0.3832779,0.0,-0.27568817,-0.15684891,-0.10147476,-0.42002487,-0.3380127,-0.34352493,-0.40485382,-0.3405571,-0.36954117,-0.31046677,-0.27917862,-0.34859085,-0.37841034,-0.4111557,-0.40501404,-0.36727524,-0.22261047,-0.21836853,-0.1642685,-0.11315918,-0.13832474,-0.059257507,-0.14065552,-0.104766846
p522,-0.00046539307,-0.00046157837,-0.00046920776,-0.36404037,-0.32167816,-0.35607147,-0.40338135,-0.4073372,0.0,-0.28942108,-0.16446304,-0.10641098,-0.45793152,-0.3563118,-0.3593464,-0.4125595,-0.3563156,-0.3891678,-0.31853485,-0.26857758,-0.36491394,-0.40167618,-0.42531586,-0.4346466,-0.38920212,-0.23360443,-0.22907257,-0.17227554,-0.118644714,-0.14502335,-0.06212616,-0.14745712,-0.10982895
p523,-0.00041389465,-0.0004119873,-0.0004234314,-0.31453705,-0.4262619,-0.4907074,-0.3559494,-0.3648262,0.0,-0.2533455,-0.14455032,-0.0934906,-0.42951202,-0.31245804,-0.31080055,-0.34213257,-0.3084755,-0.34120178,-0.4215088,-0.25136566,-0.7529373,-0.4828453,-0.35743332,-0.4472847,-0.34540558,-0.20470428,-0.20101166,-0.15127945,-0.1043129,-0.12751389,-0.054634094,-0.12967682,-0.09659195
p524,-0.0004119873,-0.0004081726,-0.000415802,-0.3179245,-0.42842484,-0.50193787,-0.35995102,-0.36919785,0.0,-0.25603485,-0.14606857,-0.09447861,-0.43242645,-0.31598663,-0.31414604,-0.3452797,-0.31179428,-0.34505844,-0.42466354,-0.25181198,-0.65715027,-0.49500656,-0.36081696,-0.45662308,-0.34947968,-0.20689392,-0.20314026,-0.15287781,-0.105407715,-0.1288414,-0.05519867,-0.13104248,-0.097602844
p525,-0.00041389465,-0.0004119873,-0.0004234314,-0.31453705,-0.4262619,-0.4907074,-0.3559494,-0.3648262,0.0,-0.2533455,-0.14455032,-0.0934906,-0.42951202,-0.31245804,-0.31080055,-0.34213257,-0.3084755,-0.34120178,-0.4215088,-0.25136566,-0.7529373,-0.4828453,-0.35743332,-0.4472847,-0.34540558,-0.20470428,-0.20101166,-0.15127945,-0.1043129,-0.12751389,-0.054634094,-0.12967682,-0.09659195
p526,-0.0004005432,-0.0004005432,-0.0004081726,-0.31658936,-0.414711,-0.47377396,-0.35828018,-0.3669815,0.0,-0.2549324,-0.14543533,-0.09406662,-0.43400574,-0.31445312,-0.31282425,-0.34439087,-0.31048203,-0.343441,-0.4101944,-0.25152206,-0.6282158,-0.4744568,-0.35992813,-0.4446907,-0.34757996,-0.20598221,-0.20225525,-0.15221405,-0.10494614,-0.12828827,-0.054965973,-0.13047028,-0.09717941
p527,-0.0005016327,-0.00050354004,-0.00050735474,-0.37928772,-0.32850647,-0.36790848,-0.4234314,-0.4289627,0.0,-0.30228043,-0.17157364,-0.11101532,-0.48723984,-0.37330627,-0.37447548,-0.42103577,-0.3713646,-0.40790558,-0.32548904,-0.2622757,-0.37799835,-0.4207077,-0.44032288,-0.4595108,-0.4093399,-0.24388504,-0.2390747,-0.17975235,-0.12375641,-0.15128326,-0.06480789,-0.15380478,-0.114551544
p528,-0.00049591064,-0.00049591064,-0.00049591064,-0.38634872,-0.3247795,-0.365551,-0.43218994,-0.4377098,0.0,-0.30792236,-0.1747055,-0.11304855,-0.48081207,-0.38071442,-0.38145256,-0.42554855,-0.37828064,-0.41628647,-0.32188797,-0.2554741,-0.3751297,-0.42240524,-0.44936752,-0.46645737,-0.41774368,-0.24842834,-0.24348831,-0.18305206,-0.1260109,-0.15403748,-0.06598663,-0.15659714,-0.11663437
p529,-0.00046730042,-0.00046920776,-0.00047683716,-0.352314,-0.4075737,-0.6537361,-0.4025154,-0.42300034,0.0,-0.2855301,-0.16238403,-0.10504913,-0.4216957,-0.3550644,-0.34832,-0.3697281,-0.34581375,-0.38655472,-0.41231918,-0.24131393,-0.44789124,-2.5543098,-0.38711166,-0.70277405,-0.3975563,-0.23046875,-0.22609329,-0.17005539,-0.11714935,-0.14319992,-0.06134796,-0.14561081,-0.10844803
p530,-0.0004825592,-0.00048065186,-0.00048828125,-0.3599472,-0.40194702,-0.6131325,-0.4116211,-0.4333496,0.0,-0.29178238,-0.1658287,-0.107284546,-0.42686844,-0.36323547,-0.35587883,-0.3765831,-0.35331345,-0.395401,-0.40542603,-0.2422409,-0.4469719,-2.1077385,-0.39445496,-0.7409134,-0.40728378,-0.235466,-0.23095703,-0.17368317,-0.11963272,-0.14624023,-0.06264496,-0.14868164,-0.11074066
p531,-0.00048446655,-0.00048065186,-0.00048828125,-0.36950684,-0.3947296,-0.5664444,-0.42305756,-0.44628906,0.0,-0.29954147,-0.17013168,-0.110076904,-0.4335823,-0.37345886,-0.36533928,-0.38518143,-0.36270523,-0.4065094,-0.39673615,-0.24342728,-0.44595337,-1.6250992,-0.40370178,-0.79039,-0.4194908,-0.24169922,-0.23701096,-0.17821503,-0.12272644,-0.15001678,-0.06426239,-0.15252686,-0.11359787
p532,-0.00070762634,-0.0007095337,-0.0007133484,-0.53009796,-0.25514603,-0.28878784,-0.580246,-0.5126152,0.0,-0.40427017,-0.22741699,-0.14723969,-0.36309052,-0.49300003,-0.52178764,-0.55558777,-0.51569366,-0.588089,-0.2530594,-0.20117188,-0.292984,-0.3435402,-0.8119011,-0.3977127,-0.5156174,-0.32531738,-0.31795883,-0.23876953,-0.16390228,-0.20035553,-0.085803986,-0.20357895,-0.15159988
p533,-0.00069236755,-0.0006942749,-0.0007019043,-0.50597763,-0.26660156,-0.30159378,-0.55749893,-0.5030174,0.0,-0.3890915,-0.21915054,-0.14188004,-0.3815155,-0.47600937,-0.4983158,-0.53362274,-0.49281693,-0.5608368,-0.26438904,-0.20996094,-0.30646896,-0.35754776,-0.7363167,-0.4112816,-0.50174713,-0.31321335,-0.30625534,-0.23000336,-0.1579628,-0.19309235,-0.08269501,-0.1962204,-0.14612961
p534,-0.0006656647,-0.0006637573,-0.0006713867,-0.4914894,-0.2768097,-0.3130684,-0.54415894,-0.4990654,0.0,-0.38018417,-0.21431732,-0.13874435,-0.39772415,-0.46635437,-0.4842453,-0.520607,-0.47911835,-0.54401016,-0.2745018,-0.2177391,-0.31850052,-0.3704033,-0.68780136,-0.42432404,-0.49461365,-0.30613327,-0.2994156,-0.22489166,-0.15449905,-0.18886185,-0.080883026,-0.19192505,-0.14292526
p535,-0.0004348755,-0.0004348755,-0.00044250488,-0.3383255,-0.4109764,-0.49036407,-0.38392258,-0.39492416,0.0,-0.27249908,-0.15521622,-0.10040665,-0.45339966,-0.33715057,-0.33431816,-0.3645134,-0.33180618,-0.36820984,-0.4086609,-0.25320435,-0.5120239,-0.536747,-0.38158798,-0.5005646,-0.37373352,-0.22009277,-0.21599579,-0.16249466,-0.11199951,-0.13690186,-0.05865097,-0.13920975,-0.10368729
p536,-0.00047302246,-0.00047302246,-0.00048446655,-0.36819077,-0.39068222,-0.49222565,-0.42089462,-0.44129562,0.0,-0.29794693,-0.16926575,-0.10951233,-0.44687653,-0.37101364,-0.36397934,-0.38642883,-0.36131668,-0.404274,-0.38973236,-0.24726486,-0.46440506,-0.81337357,-0.40509796,-0.71149826,-0.41547775,-0.24043274,-0.23578262,-0.1772995,-0.12210083,-0.14926147,-0.06393814,-0.15175247,-0.113025665
p537,-0.0004348755,-0.0004348755,-0.00044250488,-0.3383255,-0.4109764,-0.49036407,-0.38392258,-0.39492416,0.0,-0.27249908,-0.15521622,-0.10040665,-0.45339966,-0.33715057,-0.33431816,-0.3645134,-0.33180618,-0.36820984,-0.4086609,-0.25320435,-0.5120239,-0.536747,-0.38158798,-0.5005646,-0.37373352,-0.22009277,-0.21599579,-0.16249466,-0.11199951,-0.13690186,-0.05865097,-0.13920975,-0.10368729
p538,-0.00043678284,-0.00044250488,-0.00044250488,-0.33896255,-0.40306854,-0.47459793,-0.38452148,-0.39466476,0.0,-0.27283096,-0.15538025,-0.10051727,-0.46006393,-0.33750153,-0.3349285,-0.36595535,-0.33239746,-0.36873245,-0.40037155,-0.25350952,-0.5013008,-0.5152359,-0.3833084,-0.48625183,-0.37382507,-0.22035599,-0.21623993,-0.16267776,-0.11211014,-0.13703918,-0.058704376,-0.1393547,-0.10379028
p539,-0.00049591064,-0.00049591064,-0.00049972534,-0.38208008,-0.33620834,-0.38008118,-0.43043518,-0.43793488,0.0,-0.30553436,-0.1733818,-0.11219406,-0.5445442,-0.37840652,-0.37734032,-0.4164505,-0.37428665,-0.41384125,-0.33325958,-0.25683594,-0.39262772,-0.43616867,-0.43939972,-0.47481155,-0.41703796,-0.24650955,-0.24163055,-0.1816597,-0.12506485,-0.152874,-0.06548691,-0.15542221,-0.11575699
p540,-0.00051116943,-0.00051116943,-0.00051498413,-0.3917694,-0.33174133,-0.37605286,-0.44215393,-0.45009995,0.0,-0.31336212,-0.17768478,-0.11497879,-0.50613785,-0.38859558,-0.38692284,-0.42466736,-0.38378906,-0.42515182,-0.32889175,-0.2532997,-0.38681793,-0.43750763,-0.44971848,-0.48477554,-0.42863464,-0.25276184,-0.24769592,-0.186203,-0.12815857,-0.15665817,-0.067108154,-0.15926361,-0.11861801
p541,-0.00049591064,-0.00049591064,-0.00049972534,-0.38208008,-0.33620834,-0.38008118,-0.43043518,-0.43793488,0.0,-0.30553436,-0.1733818,-0.11219406,-0.5445442,-0.37840652,-0.37734032,-0.4164505,-0.37428665,-0.41384125,-0.33325958,-0.25683594,-0.39262772,-0.43616867,-0.43939972,-0.47481155,-0.41703796,-0.24650955,-0.24163055,-0.1816597,-0.12506485,-0.152874,-0.06548691,-0.15542221,-0.11575699
p542,-0.00049209595,-0.00049209595,-0.00049591064,-0.38646317,-0.33898163,-0.3849373,-0.43759918,-0.44646835,0.0,-0.3096428,-0.1756401,-0.113651276,-0.52627945,-0.3841629,-0.38173103,-0.41746902,-0.378685,-0.42035675,-0.33607864,-0.2545166,-0.3979149,-0.44441605,-0.4407692,-0.48607635,-0.4247055,-0.24977875,-0.24481201,-0.18404007,-0.12668228,-0.15485764,-0.066337585,-0.15743256,-0.11725235
p543,-0.00077819824,-0.00077438354,-0.00078201294,-0.56172943,-0.24832535,-0.282444,-0.6656761,-0.55779266,0.0,-0.43338776,-0.24305725,-0.15740204,-0.35321426,-0.5353737,-0.5536213,-0.524704,-0.5474129,-0.6669922,-0.24637222,-0.19334412,-0.28590012,-0.33999252,-0.60485077,-0.39985657,-0.5632019,-0.34838867,-0.340271,-0.25540924,-0.1751175,-0.21406937,-0.091667175,-0.2174797,-0.16194916
p544,-0.00075912476,-0.00075912476,-0.00075912476,-0.55729675,-0.2524643,-0.28754807,-0.72966003,-0.5801735,0.0,-0.43626022,-0.24461365,-0.15840912,-0.35941315,-0.54374695,-0.5498142,-0.51810074,-0.5442047,-0.6654663,-0.25050354,-0.19581985,-0.2909813,-0.34726715,-0.5837631,-0.41016006,-0.5811157,-0.35062408,-0.3424797,-0.2570572,-0.1762352,-0.21543121,-0.09225464,-0.21887207,-0.16297913
p545,-0.0007762909,-0.00077438354,-0.00078201294,-0.5595741,-0.25700378,-0.2929077,-0.7640686,-0.59690094,0.0,-0.44112778,-0.24725723,-0.1601181,-0.36608505,-0.5524101,-0.55234146,-0.519474,-0.54697037,-0.6703148,-0.2550087,-0.1989708,-0.2963791,-0.35432434,-0.5796547,-0.41940308,-0.59531784,-0.35448074,-0.34622192,-0.25985718,-0.1781311,-0.21775055,-0.09324646,-0.22122192,-0.16473007
p546,-0.0007610321,-0.00076293945,-0.00076675415,-0.5637016,-0.26219177,-0.29897308,-0.801445,-0.61400604,0.0,-0.44691467,-0.25038528,-0.16214752,-0.37370682,-0.56191635,-0.5566387,-0.52301407,-0.551445,-0.676384,-0.26015472,-0.2026825,-0.30251694,-0.36216736,-0.5794411,-0.42949677,-0.60988235,-0.359066,-0.35066605,-0.26317978,-0.18037796,-0.22050476,-0.09441757,-0.22401047,-0.16680527
p547,-0.00053596497,-0.0005340576,-0.0005455017,-0.40166092,-0.3204918,-0.36177444,-0.4489746,-0.4530716,0.0,-0.3195305,-0.18109894,-0.117191315,-0.46817398,-0.39527512,-0.3965187,-0.4405899,-0.39315414,-0.43289185,-0.31770325,-0.25155258,-0.36990356,-0.42346954,-0.471447,-0.47530746,-0.4332199,-0.2577057,-0.2524948,-0.18978882,-0.13061142,-0.15965652,-0.06839371,-0.16230392,-0.12088394
p548,-0.00061798096,-0.00061798096,-0.00062561035,-0.45707703,-0.2977829,-0.3366928,-0.510746,-0.48674774,0.0,-0.35829544,-0.20239258,-0.13100433,-0.4312744,-0.4418335,-0.4507599,-0.48893738,-0.4464302,-0.5029068,-0.29525375,-0.23355484,-0.34329224,-0.39691544,-0.58477783,-0.45110703,-0.47549057,-0.28868484,-0.28253937,-0.21227264,-0.14592361,-0.17838287,-0.07640076,-0.18130112,-0.13502121
p549,-0.00044441223,-0.00044250488,-0.00045013428,-0.3463745,-0.38448715,-0.44299698,-0.3929634,-0.40238953,0.0,-0.27861404,-0.158535,-0.10256195,-0.47698212,-0.34471512,-0.34223175,-0.37413406,-0.3396225,-0.37682724,-0.38127518,-0.25365067,-0.47468948,-0.48134995,-0.39244843,-0.4720726,-0.38161469,-0.22493744,-0.22069931,-0.166008,-0.11437607,-0.13981247,-0.05989456,-0.14217377,-0.10589218
p550,-0.00043678284,-0.0004348755,-0.0004386902,-0.33456802,-0.39580536,-0.44970703,-0.37898636,-0.3879509,0.0,-0.26914978,-0.15330124,-0.09916687,-0.46069717,-0.3325615,-0.3305645,-0.36286545,-0.32805634,-0.36339188,-0.39183426,-0.2559662,-0.4962616,-0.4746437,-0.37991714,-0.45876312,-0.3678131,-0.21736908,-0.2133255,-0.16049957,-0.11061096,-0.13520813,-0.057929993,-0.13749695,-0.10241318
p551,-0.0005455017,-0.0005455017,-0.0005493164,-0.40468597,-0.32657242,-0.37043,-0.45640564,-0.46390915,0.0,-0.32328415,-0.18314362,-0.11852646,-0.4818077,-0.401165,-0.39964294,-0.4380455,-0.3963585,-0.43916702,-0.32380295,-0.25195312,-0.3788376,-0.43696976,-0.46637344,-0.493721,-0.4422531,-0.26068878,-0.2553978,-0.19195175,-0.1320839,-0.16145706,-0.06916046,-0.16412735,-0.122241974
p552,-0.0005607605,-0.0005607605,-0.0005645752,-0.4090767,-0.32883835,-0.37491226,-0.46569824,-0.47600937,0.0,-0.32809448,-0.18577957,-0.12022781,-0.48522568,-0.40836716,-0.40411377,-0.4364586,-0.40089035,-0.44729233,-0.32613754,-0.2497406,-0.38302994,-0.44706345,-0.4632988,-0.5106468,-0.45283127,-0.26451492,-0.2591133,-0.19473267,-0.1339798,-0.1637764,-0.07014847,-0.16648102,-0.12398529
p553,-0.00047302246,-0.00046920776,-0.00047683716,-0.3576584,-0.37467194,-0.42953873,-0.40607834,-0.4156685,0.0,-0.28753662,-0.16345978,-0.10575867,-0.493721,-0.3561554,-0.35336685,-0.38546753,-0.3506508,-0.3894844,-0.37144852,-0.25465012,-0.457798,-0.47297287,-0.40489578,-0.477005,-0.39444733,-0.23208237,-0.22763824,-0.1711998,-0.11792374,-0.1441536,-0.06175232,-0.14657211,-0.10916519
p554,-0.00045394897,-0.00045013428,-0.00045394897,-0.3391075,-0.38646698,-0.43748474,-0.3841324,-0.39305496,0.0,-0.27272415,-0.1552887,-0.10045242,-0.4682808,-0.33709717,-0.33504677,-0.36760712,-0.33249283,-0.36837006,-0.38261032,-0.25669098,-0.4783516,-0.46631622,-0.38507462,-0.45821762,-0.37277222,-0.2202301,-0.21611404,-0.1625824,-0.11203766,-0.13695145,-0.05867386,-0.13926697,-0.10372925
p555,-0.00048446655,-0.00048828125,-0.00048828125,-0.37491226,-0.35523987,-0.40591812,-0.42641068,-0.43644714,0.0,-0.30121994,-0.17102051,-0.11066055,-0.51836395,-0.37384415,-0.3704033,-0.40229416,-0.367527,-0.4090805,-0.35222626,-0.25337982,-0.4253044,-0.4601364,-0.42358017,-0.48669815,-0.41444778,-0.2430458,-0.23828506,-0.17916489,-0.123363495,-0.1507988,-0.06459808,-0.1533165,-0.11418915
p556,-0.00048446655,-0.00048446655,-0.00049209595,-0.37494278,-0.35159683,-0.3984642,-0.4239502,-0.43248367,0.0,-0.3004532,-0.17058945,-0.11038208,-0.62054825,-0.37229156,-0.3703537,-0.40672302,-0.36741638,-0.4071846,-0.3484993,-0.2610855,-0.41545105,-0.45030212,-0.4280777,-0.47782898,-0.41127777,-0.24243927,-0.23768234,-0.17871094,-0.123046875,-0.15041351,-0.064437866,-0.15291977,-0.113903046
p557,-0.0007343292,-0.0007324219,-0.0007362366,-0.54768753,-0.25101852,-0.28620148,-0.7559395,-0.5887909,0.0,-0.43472672,-0.2437973,-0.15786743,-0.35742188,-0.54631424,-0.54087067,-0.50584793,-0.5358963,-0.66741943,-0.24908066,-0.19413757,-0.28949738,-0.34643936,-0.55846786,-0.41038895,-0.58984375,-0.34937286,-0.34130096,-0.25617218,-0.17564392,-0.21472168,-0.09194183,-0.21814728,-0.16244125
p558,-0.00075149536,-0.00074768066,-0.00075531006,-0.5529747,-0.2551613,-0.2909851,-0.82641983,-0.6013069,0.0,-0.4401245,-0.24672318,-0.15977097,-0.36346054,-0.5543289,-0.5462017,-0.5106163,-0.541275,-0.6731529,-0.2531891,-0.19719696,-0.2943573,-0.35250854,-0.56188583,-0.41802216,-0.60090256,-0.3536644,-0.34545517,-0.25927734,-0.17774582,-0.21728897,-0.09304047,-0.2207489,-0.1643753
p559,-0.0007610321,-0.00076293945,-0.00076675415,-0.5615387,-0.26013565,-0.29670715,-0.90260315,-0.61494446,0.0,-0.4473343,-0.25061798,-0.16230011,-0.37070847,-0.5641899,-0.55469704,-0.5182648,-0.54971695,-0.6831932,-0.2581215,-0.20095062,-0.30017853,-0.35965347,-0.5688629,-0.42684937,-0.6134796,-0.35939026,-0.35098648,-0.26342392,-0.18054199,-0.22071457,-0.094501495,-0.22420883,-0.16696167
p560,-0.0005493164,-0.0005455017,-0.0005493164,-0.4145317,-0.33103943,-0.37935257,-0.47663498,-0.4894867,0.0,-0.33367538,-0.18884659,-0.12221527,-0.48659134,-0.4165802,-0.4096279,-0.43551254,-0.40644836,-0.4567871,-0.3284073,-0.24736023,-0.38723755,-0.45715714,-0.46079636,-0.5277481,-0.4648819,-0.26895905,-0.263443,-0.19796753,-0.13618088,-0.16647339,-0.071308136,-0.16921997,-0.12602997
p561,-0.00053977966,-0.000541687,-0.0005455017,-0.42166138,-0.3337326,-0.39312744,-0.4869194,-0.5116005,0.0,-0.34131622,-0.19307709,-0.12495041,-0.46404648,-0.42791367,-0.41687012,-0.4339981,-0.41377258,-0.46738815,-0.33164597,-0.24165344,-0.38963318,-0.5314598,-0.45793533,-0.67865753,-0.48290253,-0.27505112,-0.2693863,-0.20240784,-0.139225,-0.1701889,-0.07289505,-0.17298889,-0.12883377
p562,-0.0005569458,-0.0005569458,-0.0005645752,-0.4055214,-0.35881805,-0.45237732,-0.46731186,-0.49897003,0.0,-0.32948685,-0.18658066,-0.1207428,-0.44325638,-0.41323853,-0.40103722,-0.41456604,-0.39816284,-0.44942474,-0.35796738,-0.24033356,-0.4172821,-0.80620575,-0.43554306,-1.1103058,-0.468544,-0.2655983,-0.26021957,-0.19556046,-0.134552,-0.16448593,-0.070453644,-0.167202,-0.12451553
p563,-0.0005607605,-0.0005569458,-0.0005645752,-0.4106636,-0.35152817,-0.43795395,-0.47381592,-0.5068054,0.0,-0.3337822,-0.18893433,-0.12226868,-0.4427948,-0.4189949,-0.40613747,-0.41848755,-0.40322876,-0.4556961,-0.35046387,-0.23875046,-0.40903854,-0.7453308,-0.43987656,-1.0301437,-0.47581863,-0.26903152,-0.2635498,-0.19805145,-0.13624573,-0.16654968,-0.07133484,-0.16929626,-0.12608337
p564,-0.0005531311,-0.0005531311,-0.0005569458,-0.4141121,-0.3469391,-0.42879868,-0.4781494,-0.51187897,0.0,-0.33671188,-0.19051743,-0.12329483,-0.44282913,-0.42282486,-0.40955734,-0.42120743,-0.40663147,-0.45986176,-0.34573746,-0.23785782,-0.40385056,-0.7070732,-0.44288635,-0.9791832,-0.4805603,-0.2713318,-0.2657814,-0.19971848,-0.1373825,-0.16793823,-0.07193375,-0.1707077,-0.1271286
p565,-0.00056648254,-0.0005683899,-0.0005722046,-0.41736984,-0.34292984,-0.42038345,-0.4822235,-0.5162811,0.0,-0.33935547,-0.1919632,-0.124233246,-0.4437561,-0.4263115,-0.41278076,-0.42404938,-0.40982437,-0.46374512,-0.34158325,-0.23735428,-0.39933777,-0.67074966,-0.4460678,-0.9282608,-0.4847679,-0.2734413,-0.26782608,-0.20124435,-0.13842392,-0.16920853,-0.072467804,-0.17199326,-0.12808609
p566,-0.00055885315,-0.0005569458,-0.0005645752,-0.4204712,-0.33997345,-0.41332245,-0.4860649,-0.51987076,0.0,-0.34171295,-0.19327927,-0.12508774,-0.4461441,-0.42942047,-0.41583824,-0.42720032,-0.4128456,-0.46735,-0.33847046,-0.23756027,-0.3960762,-0.6376381,-0.4495964,-0.87730026,-0.48833847,-0.2753563,-0.26968384,-0.2026329,-0.13936996,-0.1703682,-0.07297897,-0.17317581,-0.1289711
p567,-0.0005569458,-0.0005569458,-0.0005645752,-0.4055214,-0.35881805,-0.45237732,-0.46731186,-0.49897003,0.0,-0.32948685,-0.18658066,-0.1207428,-0.44325638,-0.41323853,-0.40103722,-0.41456604,-0.39816284,-0.44942474,-0.35796738,-0.24033356,-0.4172821,-0.80620575,-0.43554306,-1.1103058,-0.468544,-0.2655983,-0.26021957,-0.19556046,-0.134552,-0.16448593,-0.070453644,-0.167202,-0.12451553
p568,-0.000579834,-0.000579834,-0.000579834,-0.42012405,-0.34675217,-0.42842102,-0.48558807,-0.52199554,0.0,-0.34186554,-0.19332886,-0.12512207,-0.4426117,-0.42983627,-0.41553688,-0.42544937,-0.41257858,-0.46718597,-0.3455429,-0.2379837,-0.4035263,-0.70599747,-0.4472885,-1.548748,-0.4896965,-0.27544022,-0.26977158,-0.20269012,-0.1394043,-0.17041016,-0.07298279,-0.17321396,-0.1289978
p569,-0.0005760193,-0.0005760193,-0.0005836487,-0.43338776,-0.338562,-0.4120674,-0.50221634,-0.5429802,0.0,-0.35300827,-0.19941711,-0.12906647,-0.4428215,-0.4448471,-0.42869568,-0.4354477,-0.42565536,-0.48332214,-0.33709335,-0.23671722,-0.39412308,-0.639637,-0.45803452,-1.220623,-0.5089264,-0.2843094,-0.27837372,-0.20912552,-0.14377975,-0.17576599,-0.07527542,-0.17863846,-0.13303757
p570,-0.0007266998,-0.0007247925,-0.0007286072,-0.54047394,-0.24914932,-0.28426743,-0.7496605,-0.59261703,0.0,-0.43263626,-0.24266052,-0.15713501,-0.3547821,-0.5464096,-0.5340786,-0.49617004,-0.5294914,-0.6655922,-0.24724197,-0.19231033,-0.28746796,-0.34465027,-0.5397415,-0.4090767,-0.59404755,-0.34769058,-0.33969116,-0.25496674,-0.17483139,-0.21372223,-0.09152222,-0.2171402,-0.16169357
p571,-0.0007457733,-0.00074768066,-0.00075531006,-0.5461159,-0.25309372,-0.28880692,-0.77915955,-0.6039047,0.0,-0.43771362,-0.24541473,-0.15891647,-0.3605194,-0.5535698,-0.53970146,-0.50164413,-0.53510666,-0.6687584,-0.25115204,-0.19526291,-0.2920761,-0.35033417,-0.5451355,-0.41612625,-0.60409546,-0.35172653,-0.3435936,-0.25788498,-0.17680359,-0.21613693,-0.092552185,-0.21958542,-0.163517
p572,-0.0007457733,-0.00074768066,-0.00074768066,-0.55514145,-0.25758362,-0.29393005,-0.79989624,-0.61548996,0.0,-0.44492722,-0.24930954,-0.16144562,-0.36702728,-0.56313324,-0.54862213,-0.5099449,-0.5439377,-0.6791229,-0.25559998,-0.19872665,-0.2972908,-0.3566246,-0.55410385,-0.42377472,-0.61532974,-0.35744858,-0.34913254,-0.26203156,-0.17959595,-0.21956253,-0.094013214,-0.22305298,-0.16609192
p573,-0.00062942505,-0.00062561035,-0.00063323975,-0.46931076,-0.31020355,-0.3561859,-0.55737686,-0.574955,0.0,-0.3810501,-0.21475983,-0.13901901,-0.44844818,-0.48148727,-0.4641304,-0.4658661,-0.46072006,-0.53045654,-0.30782318,-0.23340225,-0.36118698,-0.436306,-0.49315262,-0.52189255,-0.54654694,-0.30669403,-0.3000641,-0.22533798,-0.15480042,-0.1892395,-0.08104324,-0.19231033,-0.143219
p574,-0.0006198883,-0.00061798096,-0.00062561035,-0.47252655,-0.30755615,-0.35462952,-0.55975723,-0.5907707,0.0,-0.38466644,-0.21671295,-0.14028168,-0.44051743,-0.48703766,-0.46741486,-0.46549988,-0.46404648,-0.5343857,-0.30527496,-0.23041916,-0.3578949,-0.44211578,-0.49207306,-0.54517365,-0.55801773,-0.30955505,-0.3028412,-0.22741318,-0.15620804,-0.19095612,-0.081775665,-0.19404984,-0.14450836
p575,-0.00062179565,-0.00062179565,-0.00062561035,-0.47638702,-0.3068428,-0.3549881,-0.5626869,-0.6040039,0.0,-0.3885727,-0.21879959,-0.1416359,-0.43645477,-0.4926834,-0.47131348,-0.4666443,-0.467968,-0.5387268,-0.3046379,-0.22909546,-0.35694885,-0.44875717,-0.49270248,-0.56632996,-0.5679512,-0.3126297,-0.30581284,-0.2296257,-0.15769958,-0.19278717,-0.08255768,-0.1959076,-0.14588928
p576,-0.00064086914,-0.00063705444,-0.00064468384,-0.48101425,-0.30743408,-0.35710526,-0.56650543,-0.6185379,0.0,-0.39305115,-0.22119904,-0.14319992,-0.43379974,-0.4990158,-0.4759617,-0.46871567,-0.47262192,-0.54382324,-0.30530167,-0.22854614,-0.35751724,-0.45904922,-0.4942932,-0.5953407,-0.5787926,-0.31615067,-0.30922318,-0.23217392,-0.15942764,-0.19488907,-0.08346176,-0.19804382,-0.14748001
p577,-0.0007762909,-0.00077438354,-0.00078201294,-0.56674194,-0.26901627,-0.30702972,-0.8710022,-0.63859177,0.0,-0.453228,-0.25380707,-0.16436386,-0.38375854,-0.57325363,-0.5599899,-0.52497864,-0.5551033,-0.6807251,-0.26692963,-0.20739746,-0.31064606,-0.37281418,-0.57403564,-0.44348526,-0.63015366,-0.36405563,-0.35551834,-0.2668152,-0.182827,-0.22351074,-0.095703125,-0.22704697,-0.1690712
p578,-0.0007534027,-0.00075149536,-0.00075531006,-0.5574951,-0.2728691,-0.31180573,-0.7769623,-0.6562004,0.0,-0.45018387,-0.25216293,-0.16329193,-0.38959503,-0.57250977,-0.5512371,-0.5168419,-0.5468216,-0.66192627,-0.27075958,-0.20962524,-0.3154106,-0.3796463,-0.5580101,-0.45317078,-0.6403618,-0.36161423,-0.35317993,-0.2650528,-0.18165207,-0.22206497,-0.095085144,-0.22559357,-0.16798401
p579,-0.00074005127,-0.0007362366,-0.00074386597,-0.5422287,-0.24873734,-0.28386688,-0.7283249,-0.595253,0.0,-0.43457794,-0.24369049,-0.15779877,-0.35417175,-0.5495491,-0.5358734,-0.49475098,-0.5312958,-0.6757431,-0.24684143,-0.19186401,-0.28703308,-0.34435272,-0.53357697,-0.40901566,-0.5983772,-0.34921646,-0.34116364,-0.25606155,-0.17556763,-0.2146225,-0.09190369,-0.21804428,-0.16236877
p580,-0.0007534027,-0.00075149536,-0.00075912476,-0.5482254,-0.2543602,-0.29032135,-0.75938034,-0.6107979,0.0,-0.44047165,-0.24689484,-0.15987778,-0.3623581,-0.5581207,-0.5418873,-0.50203705,-0.5373535,-0.67287445,-0.25240326,-0.19609451,-0.29359436,-0.35240936,-0.542366,-0.41897202,-0.6113434,-0.35390472,-0.34571457,-0.25946426,-0.17786789,-0.21743774,-0.09310913,-0.22089767,-0.16449356
p581,-0.00066185,-0.0006599426,-0.000667572,-0.50733185,-0.29478836,-0.33810425,-0.61561584,-0.6316986,0.0,-0.41350174,-0.2324028,-0.15045929,-0.42344666,-0.52611923,-0.50193024,-0.48627853,-0.4983101,-0.5824661,-0.29253387,-0.22344589,-0.34222794,-0.41452026,-0.5153351,-0.49822998,-0.6025963,-0.33249283,-0.3250656,-0.24403,-0.16747284,-0.20473099,-0.08766937,-0.20801926,-0.15490341
p582,-0.00068855286,-0.0006866455,-0.0006942749,-0.50574493,-0.2933159,-0.33686066,-0.6102638,-0.6414566,0.0,-0.41292953,-0.23205185,-0.15023422,-0.4201889,-0.5258789,-0.50042915,-0.4837761,-0.49687195,-0.5795784,-0.29109192,-0.22198105,-0.34047318,-0.41516876,-0.5119858,-0.50346375,-0.60733414,-0.3320198,-0.3245964,-0.2436676,-0.16721725,-0.204422,-0.08753967,-0.20770645,-0.15467834
p583,-0.00069236755,-0.0006904602,-0.0006980896,-0.5072708,-0.29241943,-0.33613205,-0.6092148,-0.6531906,0.0,-0.4148445,-0.2330513,-0.15088272,-0.41807556,-0.5287895,-0.5020046,-0.48381042,-0.49848938,-0.580616,-0.2902298,-0.22111511,-0.3393898,-0.4157982,-0.5113945,-0.50738144,-0.61470413,-0.3334999,-0.3260193,-0.24473572,-0.1679306,-0.20529556,-0.0879097,-0.20859146,-0.15532684
p584,-0.0006656647,-0.0006637573,-0.0006713867,-0.509346,-0.29240417,-0.33649445,-0.6088562,-0.6662941,0.0,-0.41715622,-0.234272,-0.15167618,-0.4171257,-0.53219604,-0.50411797,-0.48456955,-0.5006218,-0.5821457,-0.29023743,-0.22084045,-0.3393402,-0.4181633,-0.5115776,-0.5141983,-0.62283707,-0.33530045,-0.32777023,-0.24603653,-0.16880798,-0.20635986,-0.08836746,-0.2096672,-0.15613174
p585,-0.0006790161,-0.0006790161,-0.0006866455,-0.51231,-0.29302597,-0.33770752,-0.60918427,-0.6836014,0.0,-0.4201393,-0.2359047,-0.15273285,-0.41679382,-0.5366821,-0.5071125,-0.48608017,-0.5036354,-0.5845375,-0.29087448,-0.22094345,-0.34003448,-0.42225266,-0.51247406,-0.524559,-0.63339615,-0.3376999,-0.33008194,-0.2477684,-0.16998291,-0.20779419,-0.08898163,-0.21112442,-0.15722275
p586,-0.00056266785,-0.0005645752,-0.0005683899,-0.42619705,-0.33744812,-0.40468216,-0.49288177,-0.52511597,0.0,-0.34601974,-0.19563293,-0.12661743,-0.45368195,-0.4348488,-0.42146492,-0.43383408,-0.41840363,-0.47372818,-0.33568954,-0.23955154,-0.39344788,-0.5901108,-0.4570198,-0.8024788,-0.49391556,-0.2787819,-0.27301407,-0.2051239,-0.14107132,-0.17243958,-0.07386017,-0.1752739,-0.13053131
p587,-0.0005874634,-0.0005912781,-0.0005912781,-0.435894,-0.33473206,-0.4024124,-0.5052147,-0.54426956,0.0,-0.3547516,-0.20037079,-0.12968826,-0.44733047,-0.44693375,-0.4311428,-0.43890762,-0.42805862,-0.48602295,-0.33303833,-0.2373352,-0.38993454,-0.5936699,-0.4620514,-0.8619766,-0.51067734,-0.28570557,-0.27972794,-0.2101326,-0.14447021,-0.17660141,-0.07564163,-0.17949295,-0.1336708
p588,-0.00071907043,-0.0007209778,-0.0007286072,-0.5427933,-0.28131866,-0.32205582,-0.6742859,-0.6760483,0.0,-0.4430809,-0.24832916,-0.16080093,-0.4024124,-0.56653595,-0.5371208,-0.5055504,-0.53323746,-0.6324806,-0.27916336,-0.2148552,-0.32574844,-0.3937416,-0.5368118,-0.47234344,-0.6502037,-0.35593796,-0.3477211,-0.26097107,-0.17889786,-0.21870422,-0.09365082,-0.22218323,-0.16545105
p589,-0.00071144104,-0.0007095337,-0.0007171631,-0.5415039,-0.27949524,-0.320076,-0.66498566,-0.696846,0.0,-0.44329834,-0.24842834,-0.16086578,-0.39948654,-0.5676918,-0.53595924,-0.5030556,-0.53219223,-0.62833786,-0.27736282,-0.21338272,-0.32361984,-0.39180374,-0.5328865,-0.47101593,-0.6612892,-0.35609818,-0.3478775,-0.26107407,-0.17897034,-0.21878815,-0.09368515,-0.22227097,-0.16551208
p590,-0.0007324219,-0.0007324219,-0.0007324219,-0.5420494,-0.27913284,-0.31973648,-0.6610565,-0.7129288,0.0,-0.4444809,-0.24903107,-0.16125488,-0.39876938,-0.569664,-0.5365677,-0.5027237,-0.53284836,-0.62758636,-0.27700043,-0.21304321,-0.32318878,-0.39176178,-0.53172684,-0.4716835,-0.6696243,-0.35699463,-0.34874725,-0.26171875,-0.17939377,-0.21931458,-0.09391022,-0.22280502,-0.16590881
p591,-0.00071907043,-0.0007209778,-0.0007286072,-0.5437012,-0.27944183,-0.32019424,-0.65818405,-0.73453903,0.0,-0.44652176,-0.2501526,-0.16198349,-0.398983,-0.5729866,-0.53827095,-0.5033951,-0.5345917,-0.6278496,-0.27732086,-0.21318817,-0.32354736,-0.39282608,-0.53154373,-0.47395706,-0.6810379,-0.35863113,-0.3503418,-0.26291656,-0.18020248,-0.22029495,-0.094329834,-0.22379303,-0.16664886
p592,-0.0007324219,-0.0007324219,-0.00074005127,-0.54667664,-0.2803421,-0.32136917,-0.65546036,-0.7659302,0.0,-0.4499359,-0.251976,-0.16317368,-0.39995956,-0.57821655,-0.54131126,-0.5050278,-0.5376816,-0.62903595,-0.27821732,-0.21374893,-0.3245926,-0.3950119,-0.5320854,-0.47808838,-0.697773,-0.36133575,-0.35295105,-0.26486206,-0.18151855,-0.22190094,-0.095012665,-0.22542572,-0.16786194
p593,-0.00077056885,-0.00077056885,-0.00077819824,-0.55379486,-0.24518967,-0.27991486,-0.64944077,-0.5946312,0.0,-0.44422913,-0.24881744,-0.16113281,-0.3489151,-0.5633545,-0.54739,-0.49266052,-0.5426903,-0.74824905,-0.2433281,-0.18899536,-0.28294373,-0.33980942,-0.5166626,-0.40398788,-0.6099243,-0.35684967,-0.3485222,-0.26153946,-0.17923737,-0.21910477,-0.09382248,-0.22259521,-0.16575623
p594,-0.0007610321,-0.00075912476,-0.00076675415,-0.55420685,-0.25094986,-0.28664398,-0.6532097,-0.616272,0.0,-0.44805908,-0.25089264,-0.16247559,-0.3573494,-0.57084656,-0.5481014,-0.49560547,-0.543705,-0.7095413,-0.2490387,-0.19311905,-0.28974533,-0.34851074,-0.519722,-0.4152031,-0.62908936,-0.3598671,-0.3514595,-0.26373672,-0.18072891,-0.220932,-0.09460449,-0.2244339,-0.16712952
p595,-0.00076675415,-0.00076675415,-0.00077438354,-0.55877686,-0.25712204,-0.2937889,-0.66467667,-0.6364136,0.0,-0.4542122,-0.25421906,-0.1646347,-0.3663559,-0.58086777,-0.55283356,-0.5019722,-0.5486107,-0.69301605,-0.2551651,-0.19768524,-0.29698944,-0.3575554,-0.5270958,-0.42658997,-0.6472893,-0.3647461,-0.3561859,-0.26726532,-0.18311691,-0.22385406,-0.0958519,-0.2273941,-0.16933441
p596,-0.00074386597,-0.00074386597,-0.00075149536,-0.55265045,-0.27591324,-0.31567383,-0.6854553,-0.68203354,0.0,-0.45141602,-0.2527771,-0.16368484,-0.39416504,-0.57806015,-0.54691315,-0.5096283,-0.54296494,-0.6484146,-0.2737999,-0.21121597,-0.31922913,-0.38549805,-0.5406952,-0.46193314,-0.6618042,-0.3625145,-0.35406494,-0.26571274,-0.18209076,-0.22259903,-0.09531021,-0.22613525,-0.16838455
p597,-0.0007343292,-0.0007324219,-0.0007362366,-0.5502815,-0.2747879,-0.31451416,-0.6722107,-0.709877,0.0,-0.45121384,-0.25265503,-0.16361237,-0.39231873,-0.5789223,-0.54472923,-0.5064583,-0.54093933,-0.64105225,-0.27268982,-0.21020508,-0.31794357,-0.3846321,-0.5355797,-0.4619484,-0.6762161,-0.36233902,-0.35391235,-0.26558304,-0.1819992,-0.22249985,-0.09526825,-0.22602463,-0.16830444
p598,-0.0007343292,-0.0007324219,-0.00074005127,-0.5503998,-0.2750435,-0.31487656,-0.6687622,-0.7249603,0.0,-0.45178223,-0.25297928,-0.16381836,-0.39258194,-0.58011246,-0.54489326,-0.5062485,-0.5411377,-0.63973236,-0.2729454,-0.21032715,-0.31825256,-0.38536072,-0.53473663,-0.46337128,-0.68346024,-0.36281204,-0.3543663,-0.26592636,-0.1822319,-0.22277832,-0.09539032,-0.22631454,-0.16852188
p599,-0.00074005127,-0.00074005127,-0.00074386597,-0.55158234,-0.2761116,-0.31619644,-0.666172,-0.74708176,0.0,-0.45339584,-0.2538414,-0.1643753,-0.394001,-0.58267593,-0.5461197,-0.507061,-0.542408,-0.6391678,-0.2740097,-0.21102905,-0.3195114,-0.38739014,-0.53487015,-0.46660614,-0.69415283,-0.36408234,-0.35559464,-0.2668457,-0.18284607,-0.22352982,-0.095710754,-0.22707748,-0.16908646
p600,-0.000749588,-0.00074768066,-0.00075149536,-0.5537796,-0.27785873,-0.31834412,-0.663105,-0.78079605,0.0,-0.45614624,-0.2553177,-0.1653328,-0.39632797,-0.58695984,-0.54839134,-0.5086479,-0.54473114,-0.6388588,-0.27575302,-0.21221161,-0.32157898,-0.3906517,-0.5354843,-0.47174835,-0.7107887,-0.3662529,-0.35770035,-0.26841354,-0.18390656,-0.224823,-0.096263885,-0.22838593,-0.17006683
p601,-0.00076675415,-0.00076675415,-0.00077056885,-0.5566292,-0.27206802,-0.3111725,-0.6856537,-0.6789055,0.0,-0.45484924,-0.2545929,-0.16487122,-0.38838577,-0.5829849,-0.55088043,-0.5100136,-0.5469017,-0.65689087,-0.2699852,-0.20852661,-0.31464386,-0.37973785,-0.5400734,-0.45470047,-0.66553116,-0.36522675,-0.35668182,-0.26765823,-0.18338776,-0.22418594,-0.09598923,-0.22774506,-0.16959
p602,-0.00075149536,-0.00074768066,-0.00075531006,-0.5535698,-0.2715721,-0.31074524,-0.67246246,-0.7029877,0.0,-0.45419312,-0.25426865,-0.1646576,-0.38750458,-0.5834427,-0.5480232,-0.5067024,-0.5442238,-0.64717865,-0.2694931,-0.20795059,-0.314106,-0.37976456,-0.5349083,-0.45572662,-0.6811905,-0.36472702,-0.35621262,-0.26729584,-0.18315506,-0.22390366,-0.09587097,-0.22745514,-0.16936874
p603,-0.00075149536,-0.00074768066,-0.00075531006,-0.5541382,-0.27223969,-0.31158447,-0.6694298,-0.7176857,0.0,-0.45532608,-0.25487137,-0.1650505,-0.38839722,-0.58537674,-0.5486469,-0.50699234,-0.5449028,-0.64575195,-0.2701645,-0.20837784,-0.31490707,-0.3810768,-0.5345535,-0.45783997,-0.6904907,-0.36561584,-0.35707474,-0.26794434,-0.18358612,-0.22443771,-0.09610367,-0.2279892,-0.16976929
p604,-0.00075912476,-0.00075531006,-0.00075912476,-0.555542,-0.27383804,-0.31349182,-0.6680145,-0.737587,0.0,-0.4570198,-0.25577545,-0.16563797,-0.39061356,-0.5879593,-0.5500908,-0.50831985,-0.54637146,-0.6453514,-0.2717476,-0.20948792,-0.3167839,-0.38378906,-0.53541565,-0.46179962,-0.7011719,-0.36694717,-0.3583641,-0.26890564,-0.18423462,-0.22522736,-0.09643555,-0.2287941,-0.17037582
p605,-0.00076675415,-0.00076293945,-0.00076675415,-0.55763245,-0.27622604,-0.31636047,-0.66583633,-0.76857376,0.0,-0.45960236,-0.25716782,-0.16653824,-0.3939247,-0.59194565,-0.55223656,-0.51026535,-0.5485649,-0.64452744,-0.27412415,-0.21114731,-0.31959915,-0.38788223,-0.53663254,-0.46784973,-0.71803665,-0.36899185,-0.36034775,-0.27038956,-0.18523026,-0.22644806,-0.09695053,-0.23002625,-0.17128754
p606,-0.00074005127,-0.00074005127,-0.00074386597,-0.5442314,-0.24005127,-0.27421188,-0.60899353,-0.5935173,0.0,-0.44810104,-0.25082397,-0.16243744,-0.34144592,-0.57855225,-0.5389824,-0.47968292,-0.53533936,-0.64936066,-0.23824692,-0.18473816,-0.27706146,-0.333313,-0.49578857,-0.39691162,-0.6338806,-0.3598175,-0.3514328,-0.26368332,-0.1806755,-0.22086334,-0.09457779,-0.22437286,-0.16707993
p607,-0.00076675415,-0.00076675415,-0.00077438354,-0.5535507,-0.245327,-0.2802658,-0.618618,-0.61089325,0.0,-0.4577713,-0.25603485,-0.16581726,-0.34907913,-0.5933418,-0.54838943,-0.48807144,-0.54483414,-0.64593506,-0.24346542,-0.18873215,-0.28321457,-0.3408966,-0.5040245,-0.40633774,-0.65698624,-0.3674736,-0.35884857,-0.26922226,-0.1844101,-0.22543335,-0.096530914,-0.22901154,-0.17052841
p608,-0.00074005127,-0.00074005127,-0.00074386597,-0.5442314,-0.24005127,-0.27421188,-0.60899353,-0.5935173,0.0,-0.44810104,-0.25082397,-0.16243744,-0.34144592,-0.57855225,-0.5389824,-0.47968292,-0.53533936,-0.64936066,-0.23824692,-0.18473816,-0.27706146,-0.333313,-0.49578857,-0.39691162,-0.6338806,-0.3598175,-0.3514328,-0.26368332,-0.1806755,-0.22086334,-0.09457779,-0.22437286,-0.16707993
p609,-0.0007457733,-0.00074386597,-0.00075149536,-0.5465355,-0.23897171,-0.27299118,-0.6010895,-0.5928345,0.0,-0.453022,-0.25344086,-0.16413498,-0.3398552,-0.5883789,-0.54154587,-0.47917557,-0.53812027,-0.6319809,-0.2371788,-0.18391418,-0.27581024,-0.33184433,-0.49273682,-0.39519882,-0.6428032,-0.3636856,-0.35517502,-0.26647568,-0.18254852,-0.2231636,-0.09556198,-0.22669983,-0.16880798
p610,-0.00075149536,-0.00074768066,-0.00075531006,-0.557312,-0.24666214,-0.28181458,-0.619545,-0.61610794,0.0,-0.46225357,-0.25844574,-0.16737747,-0.35100174,-0.6008072,-0.552248,-0.49067688,-0.5487709,-0.64095306,-0.24479294,-0.18973541,-0.28477097,-0.34283066,-0.50587463,-0.4087715,-0.66708755,-0.37102127,-0.36227417,-0.27178574,-0.18613815,-0.22754669,-0.09743118,-0.23114777,-0.17212296
p611,-0.0007362366,-0.0007362366,-0.00074005127,-0.553421,-0.24217606,-0.27666092,-0.6066208,-0.60337067,0.0,-0.46007156,-0.25723648,-0.16659546,-0.34446716,-0.5992584,-0.5484905,-0.48485947,-0.5451126,-0.6303673,-0.240345,-0.18634415,-0.2795334,-0.33641815,-0.49798584,-0.40086365,-0.65843964,-0.3692627,-0.36058044,-0.2705078,-0.1852684,-0.22648239,-0.096977234,-0.2300682,-0.17131805
p612,-0.0007762909,-0.00077438354,-0.00077819824,-0.566761,-0.25934982,-0.29651642,-0.64315414,-0.6692085,0.0,-0.4722786,-0.2638626,-0.17089462,-0.36940765,-0.61416245,-0.56178665,-0.50442505,-0.5584259,-0.64748764,-0.25737762,-0.19914246,-0.29964066,-0.3616066,-0.52287674,-0.43273926,-0.74189377,-0.37895966,-0.3699646,-0.27754974,-0.19002914,-0.23230362,-0.09946823,-0.23596954,-0.17570877
p613,-0.0007686615,-0.00077056885,-0.00077438354,-0.5699692,-0.2614746,-0.2989769,-0.6453819,-0.68079376,0.0,-0.47570038,-0.26569366,-0.172081,-0.37244797,-0.61914825,-0.5650387,-0.5073776,-0.56170654,-0.64847946,-0.25948334,-0.20070648,-0.30212402,-0.36478806,-0.52568436,-0.4368782,-0.7613907,-0.38165283,-0.3725853,-0.27950668,-0.19134521,-0.2339096,-0.10015869,-0.23759842,-0.17691803
p614,-0.0007266998,-0.0007247925,-0.0007286072,-0.5426445,-0.26502228,-0.30368042,-0.6272316,-0.76459503,0.0,-0.45184326,-0.25290298,-0.16377258,-0.37737656,-0.58439636,-0.53782463,-0.49228668,-0.53461456,-0.6153717,-0.26304245,-0.20246124,-0.30656815,-0.3727455,-0.5134697,-0.4503212,-0.7582855,-0.3627739,-0.3543396,-0.26586914,-0.18217468,-0.22269821,-0.09535599,-0.22623062,-0.16846848
p615,-0.0007534027,-0.00075149536,-0.00075531006,-0.55376816,-0.27054214,-0.30998993,-0.6407623,-0.78250504,0.0,-0.46082306,-0.25775528,-0.16692352,-0.38536072,-0.5964165,-0.5488262,-0.5024376,-0.54551315,-0.6285324,-0.2685051,-0.20670319,-0.31298065,-0.38056946,-0.52420425,-0.4599762,-0.77560425,-0.36989594,-0.36123657,-0.27103043,-0.18564987,-0.2269516,-0.0971756,-0.23054886,-0.17167664
p616,-0.00075912476,-0.00075912476,-0.00076293945,-0.56528854,-0.27626038,-0.3165207,-0.6548042,-0.8011246,0.0,-0.47011566,-0.26276398,-0.17017746,-0.39364624,-0.6088753,-0.560215,-0.51294327,-0.556797,-0.6421776,-0.2741661,-0.21109772,-0.31962967,-0.38866425,-0.53533936,-0.46998596,-0.7935982,-0.37727356,-0.3683586,-0.27636337,-0.18924332,-0.23134613,-0.09905243,-0.23500061,-0.17499161
p617,-0.0007419586,-0.00074386597,-0.00075149536,-0.5414734,-0.23708344,-0.27096176,-0.58356094,-0.60128784,0.0,-0.4578514,-0.2559433,-0.16575623,-0.33703613,-0.60038376,-0.53736305,-0.47288132,-0.53463364,-0.5972557,-0.23531723,-0.18224716,-0.27366257,-0.32976532,-0.48337173,-0.3933525,-0.7084007,-0.36740112,-0.3588028,-0.26914597,-0.18432999,-0.2253418,-0.09649277,-0.22890854,-0.17045593
p618,-0.000749588,-0.00074768066,-0.00075531006,-0.54748535,-0.23807144,-0.27206802,-0.5836525,-0.6056862,0.0,-0.46660233,-0.2606163,-0.16878891,-0.33841324,-0.61361694,-0.5436611,-0.47637177,-0.5411606,-0.5970688,-0.23628998,-0.18303299,-0.2747879,-0.33113098,-0.48548508,-0.39504242,-0.7358818,-0.37429047,-0.36548233,-0.27412796,-0.18768692,-0.22943115,-0.09824753,-0.23306274,-0.17354965
p619,-0.0007419586,-0.00074005127,-0.00074386597,-0.55472946,-0.23973465,-0.27396774,-0.58616257,-0.6112251,0.0,-0.47592545,-0.26560593,-0.17202759,-0.34079742,-0.6270828,-0.5511532,-0.4811859,-0.5488281,-0.59967804,-0.23793793,-0.18435669,-0.27671432,-0.33343887,-0.48919296,-0.3978424,-0.756382,-0.3816414,-0.372612,-0.27943802,-0.19126129,-0.23380661,-0.10011673,-0.23749161,-0.17684555
p620,-0.00076675415,-0.00076675415,-0.00077438354,-0.56300354,-0.2420311,-0.27656937,-0.5904846,-0.6183739,0.0,-0.48602295,-0.27101517,-0.17553711,-0.34408188,-0.64121246,-0.5596466,-0.48711395,-0.5574837,-0.6042633,-0.2402153,-0.18615723,-0.2793579,-0.33662415,-0.49420166,-0.40169907,-0.78424835,-0.3896141,-0.3803215,-0.28520203,-0.19514084,-0.2385521,-0.102142334,-0.24230194,-0.18042374
p621,-0.0007419586,-0.00074386597,-0.00075149536,-0.5414734,-0.23708344,-0.27096176,-0.58356094,-0.60128784,0.0,-0.4578514,-0.2559433,-0.16575623,-0.33703613,-0.60038376,-0.53736305,-0.47288132,-0.53463364,-0.5972557,-0.23531723,-0.18224716,-0.27366257,-0.32976532,-0.48337173,-0.3933525,-0.7084007,-0.36740112,-0.3588028,-0.26914597,-0.18432999,-0.2253418,-0.09649277,-0.22890854,-0.17045593
p622,-0.00076293945,-0.00075912476,-0.00076675415,-0.55307007,-0.245327,-0.28041458,-0.6029358,-0.62913513,0.0,-0.46691895,-0.26086426,-0.16894913,-0.34896088,-0.6115875,-0.5487938,-0.4853859,-0.5459442,-0.6132393,-0.24347687,-0.18849945,-0.28326416,-0.34159088,-0.4977455,-0.40805054,-0.7445793,-0.3746071,-0.3657837,-0.2743721,-0.18786621,-0.22966003,-0.09833908,-0.23329163,-0.17372131
p623,-0.0007762909,-0.00077438354,-0.00077819824,-0.56624985,-0.2537079,-0.29005432,-0.6227951,-0.6573601,0.0,-0.4774704,-0.26656723,-0.1726532,-0.36111832,-0.62504196,-0.56181145,-0.4988098,-0.55885315,-0.6303673,-0.25178528,-0.19488144,-0.29304123,-0.35360718,-0.51277924,-0.422966,-0.7799072,-0.3829918,-0.3738823,-0.2804451,-0.1919632,-0.23466492,-0.100479126,-0.23836517,-0.17749405
p624,-0.0007610321,-0.00075912476,-0.00076675415,-0.5637436,-0.25774765,-0.29473114,-0.63487244,-0.67103195,0.0,-0.4715767,-0.26346207,-0.17063141,-0.3670349,-0.6141815,-0.55896187,-0.5010147,-0.5557518,-0.63848877,-0.25579453,-0.19784546,-0.29779053,-0.3595543,-0.5183449,-0.43049622,-0.7606888,-0.3783722,-0.36941528,-0.2771225,-0.1897316,-0.23194504,-0.09931183,-0.23560715,-0.17543793
p625,-0.0007801056,-0.00077819824,-0.00078201294,-0.56835556,-0.26085663,-0.2983055,-0.6421776,-0.68187714,0.0,-0.4749298,-0.26528168,-0.17181015,-0.3715477,-0.6183891,-0.56349564,-0.5058365,-0.560215,-0.6448364,-0.2588768,-0.20021057,-0.3014183,-0.3640213,-0.52381516,-0.4360695,-0.7675667,-0.3810501,-0.37199783,-0.27905655,-0.19104004,-0.23353958,-0.099998474,-0.23722076,-0.17664719
p626,-0.0007686615,-0.00077056885,-0.00077819824,-0.57526016,-0.26503754,-0.3031006,-0.65120316,-0.69753265,0.0,-0.48056412,-0.26831436,-0.17378235,-0.377594,-0.6258545,-0.57032394,-0.5125694,-0.5669899,-0.65270996,-0.26302338,-0.2033844,-0.30628967,-0.37004852,-0.5310898,-0.44361877,-0.78484726,-0.38552094,-0.37631226,-0.2822914,-0.19321442,-0.23620605,-0.101135254,-0.23992157,-0.17865753
p627,-0.00077819824,-0.00077438354,-0.00078201294,-0.57759094,-0.26816177,-0.3067665,-0.6541443,-0.7176895,0.0,-0.48308182,-0.26966858,-0.17465973,-0.38208008,-0.62924576,-0.57268333,-0.5156212,-0.5693779,-0.65317154,-0.2661171,-0.20565796,-0.30996323,-0.3748703,-0.5344238,-0.4500656,-0.814209,-0.38750458,-0.3782425,-0.28373718,-0.19419098,-0.23739624,-0.10164261,-0.24113464,-0.17955017
p628,-0.0007762909,-0.00077438354,-0.00078201294,-0.58218,-0.27218246,-0.31142807,-0.6602249,-0.7394562,0.0,-0.48708344,-0.2718315,-0.17606354,-0.3878708,-0.63451767,-0.5772457,-0.5206833,-0.5739212,-0.657238,-0.27010727,-0.20863724,-0.31467438,-0.38091278,-0.5399666,-0.4579544,-0.84046173,-0.3906784,-0.38131332,-0.28602982,-0.19574356,-0.23928833,-0.10245514,-0.24304962,-0.18098068
p629,-0.00078582764,-0.00078582764,-0.00079345703,-0.57718277,-0.28216553,-0.32327652,-0.6693382,-0.8204346,0.0,-0.47969818,-0.2679329,-0.17353058,-0.40221024,-0.621727,-0.5719776,-0.5238037,-0.56845474,-0.6562958,-0.28001785,-0.21564484,-0.32649994,-0.39704514,-0.5468445,-0.48033524,-0.81224823,-0.38488007,-0.3757019,-0.28186417,-0.19295502,-0.2358818,-0.10099411,-0.23959732,-0.17840958
p630,-0.00078582764,-0.00078582764,-0.00079345703,-0.58159256,-0.2805977,-0.3213501,-0.66952515,-0.80103683,0.0,-0.4845581,-0.27052307,-0.17520905,-0.399971,-0.6292114,-0.5764656,-0.52544403,-0.57299805,-0.65922546,-0.27846146,-0.21463013,-0.32461548,-0.3942299,-0.54737854,-0.47614288,-0.8380585,-0.38872147,-0.37942123,-0.28462982,-0.19480515,-0.23814774,-0.10196686,-0.24189377,-0.18011856
p631,-0.000787735,-0.00078582764,-0.00079345703,-0.57951736,-0.26319885,-0.30096054,-0.64461136,-0.69169617,0.0,-0.4876175,-0.27204895,-0.17621231,-0.37486267,-0.63759613,-0.574873,-0.51304626,-0.5717583,-0.6485748,-0.26119995,-0.20207214,-0.30411148,-0.36728668,-0.52907944,-0.44010544,-0.82605743,-0.3910637,-0.38167572,-0.28628922,-0.19589615,-0.23947525,-0.10253906,-0.24324417,-0.18112183
p632,-0.0007801056,-0.00077819824,-0.00078964233,-0.57790756,-0.26460648,-0.30264664,-0.64469147,-0.7041397,0.0,-0.48633194,-0.27136612,-0.17576599,-0.37688828,-0.6354561,-0.5732784,-0.51288223,-0.5701866,-0.6463089,-0.26259613,-0.20303345,-0.30578613,-0.3696289,-0.52939224,-0.44338226,-0.84415054,-0.39004135,-0.38070297,-0.28555298,-0.19540787,-0.23888016,-0.10227966,-0.24263763,-0.18066788
p633,-0.0007801056,-0.00078201294,-0.00078964233,-0.5793495,-0.26629257,-0.3046074,-0.64718246,-0.7133789,0.0,-0.48758698,-0.27204895,-0.17620468,-0.3793106,-0.63697433,-0.57471275,-0.5147476,-0.5716133,-0.64770126,-0.26426697,-0.20427704,-0.30776596,-0.3721695,-0.5315552,-0.4467125,-0.8626785,-0.39102936,-0.38166046,-0.28627777,-0.19589615,-0.23947144,-0.10253143,-0.24323654,-0.18112183
p634,-0.0007762909,-0.00077819824,-0.00078201294,-0.5822983,-0.26853943,-0.30718994,-0.65163803,-0.72323227,0.0,-0.48988342,-0.27328873,-0.1770134,-0.38255692,-0.63988495,-0.57761955,-0.5179138,-0.5744896,-0.6512909,-0.26648712,-0.2059555,-0.31038284,-0.37546158,-0.5351105,-0.45091248,-0.8799362,-0.3928604,-0.38342667,-0.28760147,-0.19678879,-0.24056625,-0.10300064,-0.2443428,-0.18194199
p635,-0.00079345703,-0.00079345703,-0.0008010864,-0.58629227,-0.27164078,-0.31077576,-0.6582298,-0.73633575,0.0,-0.49269104,-0.2748108,-0.17799759,-0.38705063,-0.6433182,-0.5815277,-0.5223007,-0.578331,-0.65678406,-0.2695694,-0.2082901,-0.31401062,-0.38000488,-0.5401497,-0.4566841,-0.894886,-0.395092,-0.38558578,-0.2892151,-0.19786835,-0.24189377,-0.10356903,-0.2456932,-0.18294525
p636,-0.000787735,-0.00078582764,-0.00079345703,-0.57951736,-0.26319885,-0.30096054,-0.64461136,-0.69169617,0.0,-0.4876175,-0.27204895,-0.17621231,-0.37486267,-0.63759613,-0.574873,-0.51304626,-0.5717583,-0.6485748,-0.26119995,-0.20207214,-0.30411148,-0.36728668,-0.52907944,-0.44010544,-0.82605743,-0.3910637,-0.38167572,-0.28628922,-0.19589615,-0.23947525,-0.10253906,-0.24324417,-0.18112183
p637,-0.000787735,-0.00078582764,-0.00079345703,-0.57907104,-0.2624588,-0.30013657,-0.640358,-0.69314957,0.0,-0.4890709,-0.2728157,-0.1767044,-0.37376022,-0.64017105,-0.5746021,-0.51187897,-0.5716286,-0.6439972,-0.26046753,-0.20148087,-0.30325317,-0.36635208,-0.52706146,-0.4390869,-0.88817596,-0.39219284,-0.38277817,-0.28710175,-0.19644165,-0.24014282,-0.102817535,-0.24391556,-0.18162537
p638,-0.0007724762,-0.00077438354,-0.00078201294,-0.5806885,-0.26289368,-0.3006401,-0.6404495,-0.6958389,0.0,-0.49116135,-0.2739296,-0.17742538,-0.37437057,-0.64328766,-0.5762749,-0.512928,-0.5733452,-0.6440697,-0.2608986,-0.20181274,-0.3037567,-0.36698914,-0.5277748,-0.43992233,-0.9422302,-0.39383316,-0.38436508,-0.28829193,-0.19724274,-0.24111557,-0.10324097,-0.24490356,-0.18235779
p639,-0.00078964233,-0.00078964233,-0.00079345703,-0.58400726,-0.2638092,-0.3016739,-0.6418152,-0.69940186,0.0,-0.49497986,-0.27596664,-0.17874908,-0.3756752,-0.6488495,-0.5796604,-0.515255,-0.5767822,-0.6455879,-0.26180267,-0.20252609,-0.30480576,-0.3682747,-0.5296707,-0.44150925,-1.0103645,-0.3968506,-0.38728714,-0.2904625,-0.19870377,-0.24290848,-0.104003906,-0.24671936,-0.18370438
p640,-0.00078582764,-0.00078582764,-0.00078964233,-0.57325745,-0.24430084,-0.27913284,-0.5942993,-0.6252327,0.0,-0.49920654,-0.2780609,-0.18011093,-0.34731293,-0.6593437,-0.5702343,-0.493927,-0.5683174,-0.60884094,-0.24245453,-0.18795776,-0.28196716,-0.3397255,-0.4995079,-0.4054184,-0.8264351,-0.39999008,-0.39038467,-0.29271698,-0.2001915,-0.24472046,-0.104782104,-0.24855042,-0.18507385
p641,-0.0007762909,-0.00077438354,-0.00077819824,-0.5666466,-0.24615097,-0.28134155,-0.59783936,-0.63694,0.0,-0.48996353,-0.27315903,-0.17692947,-0.3500328,-0.64523697,-0.5633297,-0.49201965,-0.56121063,-0.60860825,-0.24429321,-0.18922043,-0.28417587,-0.34271622,-0.5000763,-0.40950394,-0.86623,-0.3927269,-0.38336182,-0.2874756,-0.19667435,-0.24042892,-0.10294342,-0.24420547,-0.18183899
p642,-0.00076293945,-0.00076675415,-0.00077438354,-0.5645294,-0.24726868,-0.28266525,-0.60025406,-0.64291763,0.0,-0.4865036,-0.27131653,-0.17573166,-0.35168076,-0.6398926,-0.5610714,-0.49183655,-0.55885315,-0.6094246,-0.24541092,-0.19001389,-0.28551483,-0.34446716,-0.5009842,-0.41181564,-0.88370895,-0.39000702,-0.38072205,-0.28551865,-0.19536209,-0.23882294,-0.10225296,-0.24258041,-0.18062973
p643,-0.00076293945,-0.00076293945,-0.00076675415,-0.56383896,-0.24845505,-0.28404617,-0.6029587,-0.648304,0.0,-0.48464203,-0.2703476,-0.17509842,-0.35339737,-0.6369324,-0.5602665,-0.49242783,-0.55796814,-0.6110115,-0.24658585,-0.19088364,-0.286911,-0.34624863,-0.502388,-0.41412354,-0.89645004,-0.38855743,-0.37932205,-0.28447342,-0.194664,-0.23797226,-0.10188675,-0.24171448,-0.17998886
p644,-0.00078582764,-0.00078582764,-0.00078964233,-0.57325745,-0.24430084,-0.27913284,-0.5942993,-0.6252327,0.0,-0.49920654,-0.2780609,-0.18011093,-0.34731293,-0.6593437,-0.5702343,-0.493927,-0.5683174,-0.60884094,-0.24245453,-0.18795776,-0.28196716,-0.3397255,-0.4995079,-0.4054184,-0.8264351,-0.39999008,-0.39038467,-0.29271698,-0.2001915,-0.24472046,-0.104782104,-0.24855042,-0.18507385
p645,-0.0007724762,-0.00077438354,-0.00077819824,-0.5759201,-0.2511406,-0.2870407,-0.6103554,-0.6520157,0.0,-0.49687576,-0.276886,-0.17934418,-0.3572502,-0.6544113,-0.57244873,-0.5008774,-0.5702133,-0.6205139,-0.24923325,-0.19305801,-0.28998184,-0.3497696,-0.50972366,-0.41815948,-0.9201393,-0.39822006,-0.38865662,-0.2914505,-0.19935226,-0.24369812,-0.1043396,-0.24752045,-0.1843071
p646,-0.00078582764,-0.00078582764,-0.00078964233,-0.583004,-0.25701523,-0.29380417,-0.6247673,-0.67235184,0.0,-0.5003395,-0.2787819,-0.18057632,-0.36577988,-0.658371,-0.5792427,-0.5092964,-0.5767975,-0.63288116,-0.25506973,-0.19750595,-0.29684067,-0.3582344,-0.5199051,-0.4287262,-0.9954529,-0.4010086,-0.39133835,-0.2934723,-0.20071411,-0.24536514,-0.10505676,-0.24921036,-0.18556595
p647,-0.0008049011,-0.0008049011,-0.0008125305,-0.5901375,-0.27680206,-0.31677246,-0.6675987,-0.7631607,0.0,-0.49469757,-0.27591705,-0.17871475,-0.39451218,-0.6451149,-0.58522224,-0.5279236,-0.5819168,-0.6632767,-0.27468872,-0.2121048,-0.32006454,-0.38775635,-0.54717636,-0.46678925,-0.9095917,-0.39670944,-0.38713837,-0.29039764,-0.19866943,-0.24287033,-0.10398865,-0.24668121,-0.18368149
p648,-0.0008068085,-0.0008087158,-0.0008163452,-0.5912285,-0.2759323,-0.3157463,-0.6663475,-0.75696945,0.0,-0.49634552,-0.2767868,-0.17928314,-0.3932457,-0.64780045,-0.5863762,-0.5279312,-0.5831108,-0.6630478,-0.27382278,-0.21149445,-0.31903458,-0.38636398,-0.54660416,-0.4648857,-0.92349625,-0.39800262,-0.3883896,-0.29132462,-0.19929123,-0.24362946,-0.10430908,-0.24745178,-0.1842575
p649,-0.0008125305,-0.0008087158,-0.0008163452,-0.5920296,-0.27527237,-0.3149681,-0.6653557,-0.7524414,0.0,-0.49759293,-0.27744675,-0.17971039,-0.39230347,-0.64982605,-0.58722496,-0.52791595,-0.58399963,-0.6628189,-0.2731743,-0.21103668,-0.31825638,-0.38531876,-0.5461502,-0.46346664,-0.9343338,-0.3989792,-0.38933182,-0.29202652,-0.19976044,-0.2442131,-0.10455322,-0.24803162,-0.18469238
p650,-0.0008163452,-0.0008125305,-0.0008201599,-0.59261703,-0.27479553,-0.3143921,-0.6645889,-0.74913025,0.0,-0.49851608,-0.27793503,-0.18003082,-0.39159012,-0.6513443,-0.58784676,-0.5279007,-0.58465195,-0.6626129,-0.27269363,-0.21069717,-0.31768036,-0.3845482,-0.54580307,-0.46240616,-0.9424057,-0.3997078,-0.39004135,-0.29254913,-0.20011902,-0.24463272,-0.10474396,-0.24846649,-0.18502045
p651,-0.0008163452,-0.0008125305,-0.0008201599,-0.59297943,-0.27448273,-0.31402588,-0.66407776,-0.74702835,0.0,-0.4990921,-0.2782402,-0.18022537,-0.3911476,-0.65229034,-0.58823204,-0.52788544,-0.5850525,-0.66246414,-0.27238083,-0.21047974,-0.31731415,-0.38405228,-0.545578,-0.4617386,-0.9470558,-0.40016174,-0.3904724,-0.2928772,-0.20032883,-0.24489975,-0.10486221,-0.24874115,-0.185215
p652,-0.0008049011,-0.0008049011,-0.0008125305,-0.5901375,-0.27680206,-0.31677246,-0.6675987,-0.7631607,0.0,-0.49469757,-0.27591705,-0.17871475,-0.39451218,-0.6451149,-0.58522224,-0.5279236,-0.5819168,-0.6632767,-0.27468872,-0.2121048,-0.32006454,-0.38775635,-0.54717636,-0.46678925,-0.9095917,-0.39670944,-0.38713837,-0.29039764,-0.19866943,-0.24287033,-0.10398865,-0.24668121,-0.18368149
p653,-0.0008029938,-0.0007972717,-0.0008010864,-0.5878906,-0.27280807,-0.31214142,-0.6595154,-0.743557,0.0,-0.49448776,-0.2757759,-0.1786232,-0.38872147,-0.645813,-0.5831585,-0.5238571,-0.57998276,-0.6574478,-0.27072144,-0.20915604,-0.3153801,-0.3817749,-0.54166794,-0.45903778,-1.0387688,-0.3965187,-0.3869629,-0.29024506,-0.19857025,-0.24274826,-0.10393524,-0.24655533,-0.1835823
p654,-0.00078582764,-0.00078582764,-0.00078964233,-0.58481216,-0.27044296,-0.30940247,-0.6541405,-0.7341919,0.0,-0.49250412,-0.27469635,-0.17792511,-0.38528442,-0.64344025,-0.5801563,-0.52043533,-0.57704926,-0.65280914,-0.2683792,-0.20736694,-0.3126068,-0.37833023,-0.5376892,-0.4546814,-1.1528053,-0.39493942,-0.38542938,-0.28909683,-0.19778824,-0.24179459,-0.103530884,-0.24559021,-0.18287659
p655,-0.0007839203,-0.00077819824,-0.00078964233,-0.5833626,-0.26869965,-0.30739212,-0.65040207,-0.7265663,0.0,-0.49194717,-0.27438354,-0.17772293,-0.3827629,-0.6430435,-0.57878494,-0.51836395,-0.57572937,-0.6498985,-0.26665497,-0.20606995,-0.31056595,-0.37576675,-0.5350609,-0.4513893,-1.2697487,-0.39448166,-0.3849945,-0.28876495,-0.1975708,-0.24152756,-0.10341263,-0.24530792,-0.18266678
p656,-0.0007801056,-0.00077819824,-0.00078582764,-0.58309555,-0.26740646,-0.30588913,-0.64779663,-0.72016907,0.0,-0.49243546,-0.27463913,-0.17788696,-0.38088226,-0.644104,-0.57858086,-0.51726913,-0.5755844,-0.6481819,-0.2653656,-0.2051239,-0.30905533,-0.37381744,-0.5334015,-0.44886017,-1.3854675,-0.39485168,-0.38536072,-0.2890396,-0.19774628,-0.24174118,-0.10350418,-0.2455368,-0.18283081
p657,-0.00078582764,-0.00078582764,-0.00078964233,-0.5839348,-0.2663803,-0.3046875,-0.6459274,-0.71416473,0.0,-0.49402237,-0.27547836,-0.17843246,-0.37939072,-0.6467438,-0.5795002,-0.51698685,-0.576561,-0.6473808,-0.2643509,-0.20439148,-0.30784225,-0.3722191,-0.532444,-0.44673157,-1.5290451,-0.3961029,-0.38656616,-0.28993988,-0.198349,-0.2424736,-0.1038208,-0.24628448,-0.18338394
p658,-0.0007953644,-0.00079345703,-0.0008010864,-0.5858879,-0.26559448,-0.3037529,-0.64471436,-0.70854187,0.0,-0.4967537,-0.27692795,-0.1793747,-0.37825394,-0.6510315,-0.58154106,-0.5174675,-0.5786629,-0.647419,-0.26358032,-0.20385742,-0.30691147,-0.37094498,-0.53216934,-0.44498062,-1.7136307,-0.39824677,-0.38864136,-0.29148483,-0.1993866,-0.2437439,-0.10436249,-0.24756622,-0.18434525
p659,-0.0008125305,-0.0008087158,-0.0008163452,-0.5900383,-0.2648964,-0.30288315,-0.6438446,-0.7018509,0.0,-0.50206757,-0.27975082,-0.18120956,-0.37722778,-0.6591873,-0.5858269,-0.5191841,-0.5830536,-0.648468,-0.26288223,-0.20341873,-0.30605698,-0.369709,-0.5326843,-0.44317627,-1.1271439,-0.4024353,-0.39269638,-0.29450607,-0.2014122,-0.24622345,-0.10542297,-0.2500801,-0.18621063
p660,-0.0007953644,-0.00079345703,-0.0008010864,-0.58563995,-0.2619896,-0.29955292,-0.6365242,-0.6923523,0.0,-0.49933624,-0.27828217,-0.18024826,-0.37300873,-0.65577316,-0.5815525,-0.5145645,-0.5788727,-0.64178467,-0.25999832,-0.2012024,-0.3026657,-0.365551,-0.52736664,-0.4380226,-1.0169563,-0.40026093,-0.39059067,-0.2929268,-0.20035172,-0.24492645,-0.10486603,-0.24876404,-0.18523026
p661,-0.0008125305,-0.0008087158,-0.0008163452,-0.5900383,-0.2648964,-0.30288315,-0.6438446,-0.7018509,0.0,-0.50206757,-0.27975082,-0.18120956,-0.37722778,-0.6591873,-0.5858269,-0.5191841,-0.5830536,-0.648468,-0.26288223,-0.20341873,-0.30605698,-0.369709,-0.5326843,-0.44317627,-1.1271439,-0.4024353,-0.39269638,-0.29450607,-0.2014122,-0.24622345,-0.10542297,-0.2500801,-0.18621063
p662,-0.0008029938,-0.0008010864,-0.0008087158,-0.58758545,-0.26617432,-0.30440903,-0.6462059,-0.70991516,0.0,-0.4983139,-0.27776337,-0.17991638,-0.37908554,-0.6532326,-0.5832348,-0.5188217,-0.5803566,-0.6490402,-0.2641449,-0.20430756,-0.30757523,-0.37174606,-0.53347397,-0.44592667,-1.0451546,-0.39948273,-0.38983536,-0.29237747,-0.1999855,-0.24448013,-0.10467148,-0.24830627,-0.18489075
p663,-0.0008029938,-0.0008049011,-0.0008087158,-0.58816147,-0.26763535,-0.30609894,-0.64930725,-0.71665955,0.0,-0.49801254,-0.2776184,-0.17982483,-0.3812065,-0.65242004,-0.5837345,-0.5202141,-0.5807991,-0.6512108,-0.26559448,-0.20538712,-0.3092842,-0.3739128,-0.5354767,-0.44873047,-1.0087776,-0.39926147,-0.38962555,-0.29221344,-0.1998787,-0.24435425,-0.10462189,-0.24818039,-0.1847992
p664,-0.0008049011,-0.0008049011,-0.0008125305,-0.5901985,-0.26997375,-0.30880737,-0.65452194,-0.72652817,0.0,-0.4987831,-0.27803802,-0.18009949,-0.38460922,-0.65296555,-0.58566475,-0.52305603,-0.58264923,-0.65534973,-0.26792145,-0.20713425,-0.3120308,-0.3773651,-0.539093,-0.45313263,-0.9874344,-0.39988708,-0.39021683,-0.2926674,-0.2001915,-0.24472427,-0.10477829,-0.24856186,-0.18507767
p665,-0.00078582764,-0.00078582764,-0.00078964233,-0.583374,-0.260437,-0.29777908,-0.6325836,-0.68730164,0.0,-0.49799728,-0.27755356,-0.17977905,-0.37075806,-0.65413284,-0.57935715,-0.5121422,-0.5767288,-0.6382103,-0.258461,-0.20001984,-0.30085373,-0.36333466,-0.5245476,-0.43527222,-0.9601402,-0.399189,-0.3895645,-0.29216003,-0.19983292,-0.2442894,-0.104595184,-0.24811935,-0.18475723
p666,-0.00078582764,-0.00078582764,-0.00078964233,-0.57396317,-0.2546196,-0.29109573,-0.61819077,-0.66817856,0.0,-0.49160385,-0.27410507,-0.17754364,-0.36231613,-0.64593506,-0.57016563,-0.5026169,-0.5676956,-0.62501144,-0.25268555,-0.19557953,-0.294075,-0.35502243,-0.51382065,-0.42496872,-0.9243355,-0.39409637,-0.38467026,-0.28848267,-0.19736099,-0.24126816,-0.10330582,-0.24505997,-0.18247223
p667,-0.0008029938,-0.0008010864,-0.0008087158,-0.58821106,-0.26369476,-0.3015175,-0.6404953,-0.6985092,0.0,-0.50115204,-0.2792511,-0.18088531,-0.37547684,-0.6580696,-0.5840721,-0.5172348,-0.5813484,-0.6452942,-0.26168442,-0.20249557,-0.30465317,-0.36800766,-0.53037643,-0.44109344,-0.9645157,-0.40169525,-0.39198303,-0.2939644,-0.20105362,-0.24578857,-0.105228424,-0.24963379,-0.18588257
p668,-0.0008029938,-0.0008010864,-0.0008087158,-0.5878563,-0.26473618,-0.30272293,-0.6427498,-0.7035599,0.0,-0.49993515,-0.27861404,-0.18046951,-0.37698746,-0.65600204,-0.58363533,-0.5178337,-0.5808525,-0.6466675,-0.2627144,-0.20325089,-0.30587387,-0.36957932,-0.53160477,-0.44313812,-0.9660454,-0.4007454,-0.3910637,-0.29328537,-0.20059586,-0.24522781,-0.10499573,-0.24906921,-0.18545532
p669,-0.0008029938,-0.0008049011,-0.0008087158,-0.5882492,-0.2664032,-0.30467224,-0.6464348,-0.7112007,0.0,-0.49916077,-0.2782135,-0.18021011,-0.37942505,-0.6544304,-0.58392143,-0.51931,-0.5810623,-0.64922714,-0.26437378,-0.20448685,-0.30784607,-0.3720894,-0.53386307,-0.44636917,-0.9628372,-0.4001541,-0.39048386,-0.29286194,-0.20031357,-0.24487686,-0.10484314,-0.24871063,-0.18519974
p670,-0.0008049011,-0.0008049011,-0.0008125305,-0.58927536,-0.2687912,-0.30744553,-0.65166473,-0.7218971,0.0,-0.49866486,-0.27796936,-0.1800499,-0.38288498,-0.65309906,-0.58481216,-0.5216446,-0.5818405,-0.65301895,-0.26674652,-0.20625305,-0.31064606,-0.37562943,-0.53722,-0.45093155,-0.9571419,-0.3997841,-0.39011765,-0.2925949,-0.20013809,-0.24465561,-0.10475159,-0.2484932,-0.18502808
p671,-0.0008163452,-0.0008125305,-0.0008201599,-0.593338,-0.27421188,-0.31370926,-0.66363525,-0.74526215,0.0,-0.49965668,-0.27853394,-0.18041992,-0.3907585,-0.6532097,-0.5886154,-0.52788544,-0.5854492,-0.6623421,-0.2721176,-0.210289,-0.31699753,-0.38363266,-0.54538345,-0.46116257,-0.9510193,-0.40060043,-0.3909073,-0.29319382,-0.20054245,-0.24515915,-0.104969025,-0.24900436,-0.18540955
p672,-0.00081443787,-0.0008125305,-0.0008201599,-0.5921097,-0.27322006,-0.31257248,-0.6613693,-0.7414551,0.0,-0.49892807,-0.2781334,-0.18016052,-0.38932037,-0.65236664,-0.58742714,-0.52648544,-0.5842972,-0.66039276,-0.27114105,-0.20954132,-0.3158455,-0.38219452,-0.54372406,-0.4593544,-0.9500656,-0.40001678,-0.3903427,-0.2927742,-0.20026016,-0.24481201,-0.104824066,-0.24865341,-0.18515015
p673,-0.0005950928,-0.0005950928,-0.00060653687,-0.44029617,-0.14781189,-0.16851044,-0.35042572,-0.34156036,-0.22805023,-1.482029,-0.29260254,-0.18527985,-0.20821762,-0.4623146,-0.44518852,-0.34134674,-0.44773865,-0.38087082,-0.1467781,-0.114414215,-0.16983414,-0.20285034,-0.31943893,-0.23810577,-0.38056564,-0.39818192,-0.428154,-0.3040123,-0.20795059,-0.25587082,-0.108608246,-0.2605629,-0.19383621
p674,-0.00061416626,-0.00061416626,-0.00062179565,-0.44904327,-0.15054703,-0.17161942,-0.35708618,-0.34802628,-0.14707947,-1.5189476,-0.29827118,-0.18885422,-0.21211624,-0.47146988,-0.45405197,-0.34793854,-0.45663834,-0.38819885,-0.14949036,-0.11655426,-0.17298508,-0.206604,-0.32553864,-0.24255371,-0.38780594,-0.40596008,-0.4367485,-0.3099327,-0.21195221,-0.2607956,-0.1106987,-0.26556778,-0.19755936
p675,-0.00064468384,-0.00064468384,-0.00065231323,-0.46689987,-0.15610886,-0.17793655,-0.37065125,-0.36117935,-0.7931137,-1.5951881,-0.3098297,-0.1961441,-0.22003555,-0.49014664,-0.47215652,-0.36137772,-0.47481918,-0.40312195,-0.15501022,-0.120895386,-0.17938995,-0.21423721,-0.33795547,-0.2515869,-0.4025383,-0.42184448,-0.45430756,-0.3220253,-0.22009659,-0.27084732,-0.11494446,-0.27578735,-0.20515442
p676,-0.00064468384,-0.00064468384,-0.00065231323,-0.47102737,-0.15738678,-0.17938995,-0.3737831,-0.36421204,-0.8035126,-1.6129074,-0.3125,-0.19782257,-0.22185898,-0.49446106,-0.47633743,-0.36448288,-0.47902298,-0.40657043,-0.15628052,-0.12189484,-0.18086624,-0.2159996,-0.3408203,-0.25366974,-0.4059372,-0.4255104,-0.45837402,-0.32482147,-0.22198486,-0.27316284,-0.115924835,-0.27814484,-0.206913
p677,-0.00063705444,-0.00063705444,-0.00064468384,-0.45485306,-0.15235138,-0.17367554,-0.36151123,-0.35230637,-0.42152405,-1.5436745,-0.30202484,-0.19121933,-0.21468735,-0.47755432,-0.45994377,-0.35231018,-0.46255112,-0.39305496,-0.15128708,-0.1179657,-0.1750679,-0.20908356,-0.3295822,-0.24549103,-0.39260483,-0.41112137,-0.4424553,-0.31386566,-0.21460342,-0.2640648,-0.11207962,-0.268898,-0.2000351
p678,-0.00063323975,-0.00063323975,-0.00063705444,-0.4541855,-0.15215302,-0.17343521,-0.36100006,-0.35181427,-0.42065048,-1.5408401,-0.3016014,-0.1909523,-0.21439362,-0.47685242,-0.45926476,-0.35181046,-0.4618721,-0.39250183,-0.15108871,-0.117801666,-0.17483139,-0.20880127,-0.329113,-0.24515533,-0.3920555,-0.4105301,-0.44180298,-0.31341934,-0.21429825,-0.26368332,-0.1119194,-0.26851273,-0.19975281
p679,-0.00063323975,-0.00062942505,-0.00063705444,-0.4632187,-0.15496063,-0.17663574,-0.36785126,-0.35847473,-0.4181099,-1.5793533,-0.3074417,-0.1946373,-0.21840286,-0.4862976,-0.46842003,-0.35860443,-0.47106934,-0.40005112,-0.15387344,-0.11999893,-0.17806625,-0.21266556,-0.3353958,-0.24972534,-0.39950562,-0.41856766,-0.4506836,-0.3195305,-0.21841812,-0.26877213,-0.11407089,-0.27367783,-0.20359421
p680,-0.00064086914,-0.00064086914,-0.00064849854,-0.46554184,-0.15568161,-0.1774559,-0.36962128,-0.3601799,-0.3549385,-1.5892944,-0.30894852,-0.19558716,-0.21943283,-0.48872375,-0.4707756,-0.36035538,-0.47343445,-0.40198517,-0.15459442,-0.12056732,-0.17890167,-0.2136612,-0.33701324,-0.25090027,-0.4014244,-0.42063904,-0.4529686,-0.32110214,-0.2194786,-0.27008057,-0.11462402,-0.27500534,-0.2045784
p681,-0.0007534027,-0.00075149536,-0.00075912476,-0.5636749,-0.1846466,-0.21033478,-0.44036865,-0.42845154,0.0,-0.5755272,-0.3189354,-0.20685577,-0.2607994,-0.58403015,-0.5712185,-0.43239212,-0.57452774,-0.48034286,-0.18331146,-0.14326477,-0.21228027,-0.253376,-0.40263367,-0.29795837,-0.4774742,-0.4619484,-0.44890213,-0.33670425,-0.22950363,-0.28048325,-0.12013245,-0.28476334,-0.21203995
p682,-0.00074005127,-0.00074005127,-0.00074768066,-0.54468536,-0.17920303,-0.2041626,-0.42700195,-0.4155655,0.0,-0.5821724,-0.32305527,-0.20962906,-0.25299835,-0.56601715,-0.5517292,-0.4186325,-0.55488586,-0.46548843,-0.17791367,-0.13898468,-0.2060051,-0.24591446,-0.39017868,-0.28910065,-0.46313477,-0.46862793,-0.4545288,-0.3412323,-0.23251724,-0.28412247,-0.121707916,-0.2884369,-0.2147789
p683,-0.0007534027,-0.00075149536,-0.00075912476,-0.5636749,-0.1846466,-0.21033478,-0.44036865,-0.42845154,0.0,-0.5755272,-0.3189354,-0.20685577,-0.2607994,-0.58403015,-0.5712185,-0.43239212,-0.57452774,-0.48034286,-0.18331146,-0.14326477,-0.21228027,-0.253376,-0.40263367,-0.29795837,-0.4774742,-0.4619484,-0.44890213,-0.33670425,-0.22950363,-0.28048325,-0.12013245,-0.28476334,-0.21203995
p684,-0.00078964233,-0.00078964233,-0.00079345703,-0.5943947,-0.18910217,-0.2153244,-0.45021057,-0.43674088,0.0,-0.5716171,-0.31681442,-0.20546341,-0.267128,-0.5872803,-0.6056366,-0.4496498,-0.60989,-0.49267578,-0.18771362,-0.14690018,-0.2173729,-0.259243,-0.41501236,-0.30470276,-0.48482132,-0.45869446,-0.44587326,-0.33441925,-0.22798538,-0.2786293,-0.119335175,-0.28289032,-0.21064377
p685,-0.00084495544,-0.0008468628,-0.0008506775,-0.6237793,-0.19313431,-0.219841,-0.45908737,-0.44406128,0.0,-0.5689087,-0.31539154,-0.20452118,-0.27286148,-0.5886841,-0.63830376,-0.4658928,-0.6431427,-0.5040703,-0.19170761,-0.15019226,-0.22197342,-0.264534,-0.4264679,-0.3107605,-0.4910698,-0.45648956,-0.4438095,-0.33286667,-0.22696304,-0.2773819,-0.11879349,-0.28163147,-0.20970154
p686,-0.0007610321,-0.00075912476,-0.00076675415,-0.5697136,-0.19177246,-0.21850586,-0.45919418,-0.44841003,0.0,-0.5739937,-0.31677628,-0.20521545,-0.2710762,-0.6249962,-0.5739517,-0.4428482,-0.57626724,-0.49896622,-0.19036484,-0.14870071,-0.22055817,-0.26346588,-0.4160576,-0.31023788,-0.50273895,-0.4573784,-0.44656754,-0.33412933,-0.22782898,-0.2785225,-0.11923218,-0.28282166,-0.21058273
p687,-0.00074005127,-0.00074005127,-0.00074386597,-0.550045,-0.18323135,-0.20876694,-0.43753052,-0.4264984,0.0,-0.62690735,-0.33322144,-0.21398544,-0.2588005,-0.58688354,-0.5554199,-0.4253502,-0.55812454,-0.4762535,-0.18190002,-0.14207458,-0.21067429,-0.25157166,-0.3981018,-0.29595947,-0.4766159,-0.47112274,-0.47774506,-0.34972382,-0.2384491,-0.29224396,-0.124679565,-0.2970314,-0.2210846
p688,-0.0007610321,-0.00075912476,-0.00076675415,-0.5697136,-0.19177246,-0.21850586,-0.45919418,-0.44841003,0.0,-0.5739937,-0.31677628,-0.20521545,-0.2710762,-0.6249962,-0.5739517,-0.4428482,-0.57626724,-0.49896622,-0.19036484,-0.14870071,-0.22055817,-0.26346588,-0.4160576,-0.31023788,-0.50273895,-0.4573784,-0.44656754,-0.33412933,-0.22782898,-0.2785225,-0.11923218,-0.28282166,-0.21058273
p689,-0.00078582764,-0.00078582764,-0.00078964233,-0.57313156,-0.19746399,-0.22504807,-0.47441864,-0.46495056,0.0,-0.5584793,-0.30881882,-0.20006943,-0.27931213,-0.66194916,-0.5755005,-0.45035553,-0.57689667,-0.51350784,-0.19602203,-0.15302277,-0.22718811,-0.27157593,-0.4264183,-0.32019043,-0.5242996,-0.44564056,-0.43496704,-0.3256302,-0.22216034,-0.2715912,-0.11626816,-0.27578735,-0.20534515
p690,-0.0007019043,-0.000705719,-0.000705719,-0.5241585,-0.17333984,-0.19751358,-0.4126358,-0.40175247,0.0,-0.58867645,-0.32774353,-0.2128334,-0.24461746,-0.5468521,-0.5306053,-0.40377426,-0.5335884,-0.4495201,-0.17209625,-0.13438034,-0.19924927,-0.23788452,-0.37675858,-0.27956772,-0.4477768,-0.47652435,-0.4606018,-0.34642792,-0.2359581,-0.2882614,-0.12350845,-0.2926178,-0.21789551
p691,-0.00068473816,-0.0006828308,-0.0006866455,-0.5111046,-0.16937256,-0.19300842,-0.40286636,-0.3922882,0.0,-0.5744972,-0.33261108,-0.21858978,-0.23892975,-0.5333061,-0.5173607,-0.3940544,-0.5202713,-0.4387474,-0.16815948,-0.13127518,-0.194664,-0.23242569,-0.36780548,-0.27309418,-0.43716812,-0.49850082,-0.45741272,-0.35443878,-0.24097061,-0.29338074,-0.12627792,-0.2973976,-0.22156906
p692,-0.00068092346,-0.0006790161,-0.0006866455,-0.49713516,-0.16510773,-0.18815231,-0.3923874,-0.38212585,0.0,-0.55929565,-0.33773804,-0.22468567,-0.23283386,-0.5187874,-0.5031853,-0.38362885,-0.5060272,-0.42718124,-0.16392899,-0.12792969,-0.18974304,-0.22656631,-0.35819626,-0.26612854,-0.425766,-0.52207947,-0.45394897,-0.36294556,-0.2462616,-0.29875183,-0.12919235,-0.302433,-0.22543335
p693,-0.0006313324,-0.00063323975,-0.00064086914,-0.48220444,-0.16052246,-0.18295288,-0.3811493,-0.3712387,0.0,-0.542984,-0.34310532,-0.23112488,-0.22628403,-0.5032387,-0.48804474,-0.37247086,-0.49080658,-0.41480255,-0.15938568,-0.12434387,-0.1844635,-0.22027206,-0.3479004,-0.2586708,-0.41355896,-0.54733276,-0.45017624,-0.37194443,-0.25180817,-0.3043785,-0.13225555,-0.30770493,-0.22949219
p694,-0.0006046295,-0.00060272217,-0.00060653687,-0.46592712,-0.1554985,-0.1772461,-0.36885452,-0.3593216,0.0,-0.5252495,-0.3488922,-0.2381134,-0.21912003,-0.48626328,-0.47154045,-0.36027908,-0.47421646,-0.40126038,-0.1544075,-0.120414734,-0.1786766,-0.2133789,-0.33664703,-0.2504921,-0.40019226,-0.5751343,-0.44602966,-0.3817482,-0.2578087,-0.31042862,-0.13557053,-0.3133812,-0.23385239
p695,-0.0005836487,-0.0005836487,-0.0005874634,-0.44845963,-0.15007782,-0.17109299,-0.35561752,-0.3464775,0.0,-0.50619125,-0.35508728,-0.24559402,-0.21138763,-0.46800995,-0.45383453,-0.34715652,-0.45641708,-0.38668442,-0.1490326,-0.11618042,-0.17243195,-0.20594025,-0.32452393,-0.24167252,-0.38581085,-0.605381,-0.4415741,-0.39231873,-0.2641983,-0.31687927,-0.13910675,-0.31943512,-0.23851395
p696,-0.00071907043,-0.0007171631,-0.0007209778,-0.5332184,-0.17650604,-0.20111084,-0.4206047,-0.4095993,0.0,-0.70328903,-0.35269165,-0.22314835,-0.24916077,-0.5591278,-0.5394497,-0.4109993,-0.5424042,-0.45817947,-0.17523575,-0.13685608,-0.20289993,-0.24224854,-0.38373566,-0.2848053,-0.4568138,-0.48085785,-0.5198631,-0.3669548,-0.25027847,-0.30805588,-0.1306839,-0.31359863,-0.23326492
p697,-0.0007247925,-0.0007209778,-0.0007324219,-0.5391731,-0.17832947,-0.2031784,-0.4250679,-0.41392517,0.0,-0.88235855,-0.35653305,-0.2255745,-0.2517624,-0.5653038,-0.545496,-0.41545105,-0.5484772,-0.46311188,-0.1770401,-0.13828659,-0.20500183,-0.24475098,-0.38782883,-0.2877655,-0.46166992,-0.48615646,-0.5257683,-0.37099075,-0.25299072,-0.31139374,-0.13209534,-0.31699753,-0.23579025
p698,-0.0007457733,-0.00074768066,-0.00075149536,-0.54489136,-0.18007278,-0.20515823,-0.4293518,-0.41806793,0.0,-1.0975685,-0.36021423,-0.22790146,-0.2542534,-0.57123566,-0.55130386,-0.41970825,-0.55430603,-0.46783447,-0.17876434,-0.13964844,-0.20701218,-0.24714279,-0.39175415,-0.29060745,-0.46632767,-0.49124527,-0.5314369,-0.37486267,-0.2555771,-0.31459427,-0.13344574,-0.32025146,-0.23820877
p699,-0.0007324219,-0.0007324219,-0.0007362366,-0.55057144,-0.18179703,-0.20711899,-0.43359756,-0.4221878,0.0,-1.3130226,-0.36387634,-0.23020554,-0.25671768,-0.57712173,-0.5570698,-0.42393875,-0.56010056,-0.47252274,-0.18047333,-0.14100266,-0.20900345,-0.24951553,-0.39565277,-0.2934265,-0.47093582,-0.49629974,-0.5370598,-0.3787117,-0.258152,-0.3177681,-0.13479233,-0.32347107,-0.24060059
p700,-0.0007534027,-0.00075149536,-0.00075912476,-0.55587006,-0.18340683,-0.2089386,-0.4375534,-0.42601395,0.0,-1.5791359,-0.3672943,-0.23235703,-0.2590294,-0.5826111,-0.5624485,-0.42787933,-0.56549835,-0.47689056,-0.18207169,-0.14225769,-0.21085739,-0.25172043,-0.39928436,-0.2960472,-0.475235,-0.5010147,-0.5423088,-0.38228607,-0.26054764,-0.32071686,-0.13603973,-0.32648087,-0.242836
p701,-0.00075531006,-0.00075531006,-0.00075912476,-0.5611801,-0.18501282,-0.21076965,-0.4415245,-0.42986298,0.0,-1.838398,-0.37071228,-0.23451233,-0.26133347,-0.5881119,-0.5678444,-0.43183136,-0.57091904,-0.48126984,-0.18367004,-0.14352036,-0.21271515,-0.25393295,-0.40292358,-0.29867554,-0.4795456,-0.50574493,-0.5475769,-0.38588333,-0.2629547,-0.3236885,-0.13729858,-0.32949448,-0.24507904
p702,-0.00063705444,-0.00063705444,-0.00064468384,-0.4594307,-0.15374374,-0.17523956,-0.36483765,-0.35552597,0.0,-0.57800674,-0.44255447,-0.24892426,-0.21665955,-0.4819107,-0.4645977,-0.3557129,-0.46727753,-0.39673996,-0.15266037,-0.11904144,-0.17665482,-0.21097183,-0.33267593,-0.24772263,-0.39616013,-0.44395828,-0.7860489,-0.43250656,-0.2944603,-0.37478638,-0.15192795,-0.3863907,-0.28600693
p703,-0.00062179565,-0.00062179565,-0.00062942505,-0.44768906,-0.15009308,-0.1710968,-0.35591888,-0.34687424,0.0,-0.5601196,-0.46196747,-0.25481796,-0.2114563,-0.46954346,-0.45270348,-0.3468933,-0.45532608,-0.3869171,-0.14904404,-0.116191864,-0.17245865,-0.20596695,-0.32452393,-0.24178696,-0.3864479,-0.4384575,-1.0289764,-0.44758987,-0.30413818,-0.38931274,-0.15656662,-0.40211868,-0.29738235
p704,-0.00061035156,-0.00061035156,-0.00061798096,-0.4451561,-0.14931107,-0.17020798,-0.35399628,-0.34500504,0.0,-0.55582047,-0.47221756,-0.25849915,-0.21033859,-0.46684265,-0.45014,-0.34500122,-0.45275116,-0.38479614,-0.14826584,-0.11558533,-0.17155838,-0.20489502,-0.32276917,-0.24051285,-0.38434982,-0.43840408,-1.2365417,-0.4561882,-0.30960846,-0.39720535,-0.15923691,-0.41053772,-0.30350494
p705,-0.00060653687,-0.00061035156,-0.00061416626,-0.4455185,-0.14943695,-0.17035675,-0.35427856,-0.34527588,0.0,-0.555603,-0.4814949,-0.2621956,-0.21051407,-0.46715927,-0.4505024,-0.34528732,-0.45311356,-0.38510513,-0.14839935,-0.11568451,-0.17170334,-0.20506287,-0.32303238,-0.24071503,-0.38464737,-0.44036102,-1.4854889,-0.46411133,-0.3147812,-0.40444946,-0.1618042,-0.41823196,-0.30911636
p706,-0.00063705444,-0.00063705444,-0.00064468384,-0.4594307,-0.15374374,-0.17523956,-0.36483765,-0.35552597,0.0,-0.57800674,-0.44255447,-0.24892426,-0.21665955,-0.4819107,-0.4645977,-0.3557129,-0.46727753,-0.39673996,-0.15266037,-0.11904144,-0.17665482,-0.21097183,-0.33267593,-0.24772263,-0.39616013,-0.44395828,-0.7860489,-0.43250656,-0.2944603,-0.37478638,-0.15192795,-0.3863907,-0.28600693
p707,-0.0006198883,-0.00062179565,-0.00062561035,-0.4467392,-0.1497879,-0.17074966,-0.35518646,-0.3461609,0.0,-0.5590286,-0.45722198,-0.2530861,-0.21102524,-0.46855545,-0.45173645,-0.34617233,-0.45435715,-0.38611603,-0.14873886,-0.11596298,-0.17210388,-0.20554352,-0.32386017,-0.24129868,-0.38565826,-0.43722534,-0.8080673,-0.44483948,-0.30167007,-0.38584137,-0.15533066,-0.3982811,-0.29455566
p708,-0.0005970001,-0.00059890747,-0.00060272217,-0.44155502,-0.1481781,-0.16893005,-0.3512497,-0.34233856,0.0,-0.551239,-0.46442795,-0.25531387,-0.20872879,-0.46307373,-0.44648933,-0.34228516,-0.44908524,-0.38177872,-0.14715195,-0.11470795,-0.17026138,-0.20334244,-0.32025528,-0.23868561,-0.38136673,-0.4347458,-0.81946945,-0.45124435,-0.30534363,-0.39136887,-0.15707779,-0.40416718,-0.2987976
p709,-0.0006198883,-0.00062179565,-0.00062561035,-0.4381523,-0.14712143,-0.16772461,-0.3486519,-0.33982086,0.0,-0.5458298,-0.47154236,-0.2578354,-0.20721817,-0.45948792,-0.44304276,-0.33972168,-0.4456215,-0.37892914,-0.14609909,-0.11387634,-0.16903305,-0.20188904,-0.31788635,-0.23695374,-0.37854767,-0.43369675,-0.82378006,-0.4582672,-0.30918503,-0.3970108,-0.15892029,-0.4100685,-0.30304718
p710,-0.0006046295,-0.00060272217,-0.00061035156,-0.43449402,-0.14597702,-0.16641998,-0.3458557,-0.3371086,0.0,-0.5398178,-0.48153305,-0.26153946,-0.20558167,-0.45563126,-0.43933105,-0.33695984,-0.44190216,-0.3758545,-0.14496231,-0.11297989,-0.16770935,-0.20030975,-0.3153305,-0.23508835,-0.37550735,-0.43304062,-0.8338089,-0.46827316,-0.31468964,-0.40498734,-0.16157532,-0.41838837,-0.30905914
p711,-0.00060272217,-0.00060272217,-0.00060653687,-0.4428177,-0.14858246,-0.16938019,-0.35220718,-0.34327316,0.0,-0.5518074,-0.48968124,-0.2639351,-0.20929718,-0.46438217,-0.44776535,-0.34323883,-0.4503708,-0.3828392,-0.14754486,-0.11501312,-0.17071533,-0.20389175,-0.3211441,-0.23931885,-0.38241196,-0.43825912,-0.8190918,-0.46541977,-0.31806183,-0.40956497,-0.16340256,-0.4244461,-0.31370163
p712,-0.0005970001,-0.0005950928,-0.00060272217,-0.44124222,-0.14807892,-0.1688118,-0.35100174,-0.34209824,0.0,-0.5490875,-0.49737167,-0.26656723,-0.20858002,-0.46273804,-0.4461689,-0.34204102,-0.44876862,-0.38150406,-0.14704514,-0.11462402,-0.17013931,-0.2032013,-0.3200302,-0.23851013,-0.3810959,-0.43818283,-0.8315582,-0.47110367,-0.32201767,-0.41531372,-0.16533661,-0.43069458,-0.31824112
p713,-0.0005970001,-0.00059890747,-0.00060653687,-0.44174576,-0.14823532,-0.16898727,-0.3513794,-0.34246445,0.0,-0.5492096,-0.50522995,-0.26963043,-0.2088089,-0.46325684,-0.44668007,-0.34241867,-0.4492874,-0.3819313,-0.14720154,-0.114746094,-0.1703186,-0.20341492,-0.32038116,-0.23876953,-0.3815117,-0.4398384,-0.8500557,-0.4774208,-0.32631302,-0.4213562,-0.16746521,-0.4371605,-0.3229599
p714,-0.00060272217,-0.00060272217,-0.00061035156,-0.44395065,-0.14893341,-0.1697731,-0.35305786,-0.34410095,0.0,-0.5516548,-0.5132599,-0.27305984,-0.2097969,-0.4655342,-0.44891548,-0.34408188,-0.45153046,-0.38377762,-0.147892,-0.11528778,-0.17111969,-0.20436478,-0.3219223,-0.23989105,-0.38332748,-0.4429245,-0.8753357,-0.48431778,-0.33091736,-0.42768478,-0.16976547,-0.44384766,-0.32785797
p715,-0.00060272217,-0.00060272217,-0.00060653687,-0.4428177,-0.14858246,-0.16938019,-0.35220718,-0.34327316,0.0,-0.5518074,-0.48968124,-0.2639351,-0.20929718,-0.46438217,-0.44776535,-0.34323883,-0.4503708,-0.3828392,-0.14754486,-0.11501312,-0.17071533,-0.20389175,-0.3211441,-0.23931885,-0.38241196,-0.43825912,-0.8190918,-0.46541977,-0.31806183,-0.40956497,-0.16340256,-0.4244461,-0.31370163
p716,-0.0006198883,-0.00061798096,-0.00062561035,-0.43820953,-0.14713669,-0.16774368,-0.34869385,-0.3398552,0.0,-0.54458237,-0.50517654,-0.268795,-0.20724487,-0.45951843,-0.44309807,-0.33976746,-0.44568253,-0.3789711,-0.14611816,-0.1138916,-0.16905212,-0.20190811,-0.31792068,-0.23697662,-0.378582,-0.43671417,-0.8144531,-0.475502,-0.32569504,-0.42082977,-0.16711426,-0.43688202,-0.3227501
p717,-0.0005970001,-0.0005950928,-0.00060272217,-0.4326706,-0.145401,-0.16576385,-0.34445953,-0.3357544,0.0,-0.53578186,-0.5265999,-0.2756157,-0.20476532,-0.45368958,-0.43748856,-0.33558655,-0.44004822,-0.37431717,-0.1443901,-0.112529755,-0.16705704,-0.19952393,-0.3140564,-0.23415375,-0.37397766,-0.43515015,-0.8071747,-0.48958206,-0.33628845,-0.43643188,-0.17227554,-0.45409393,-0.33528137
p718,-0.0006008148,-0.00060272217,-0.00060653687,-0.43405533,-0.14583206,-0.16626358,-0.34552383,-0.33677673,0.0,-0.5371704,-0.534359,-0.27870178,-0.20539093,-0.45513535,-0.43888855,-0.3366356,-0.44145966,-0.37548065,-0.14482498,-0.11286926,-0.16755295,-0.20011902,-0.31502533,-0.23486328,-0.3751297,-0.43738174,-0.81266785,-0.49560165,-0.34055328,-0.44237518,-0.1743927,-0.46047592,-0.33995438
p719,-0.0006122589,-0.00061035156,-0.00061798096,-0.4370346,-0.14677048,-0.16732407,-0.34779358,-0.33898926,0.0,-0.5406532,-0.5428505,-0.28233337,-0.20671463,-0.45824432,-0.44190598,-0.33887863,-0.44449234,-0.37797546,-0.14575195,-0.113601685,-0.1686287,-0.20140076,-0.31710052,-0.2363739,-0.3775978,-0.44100952,-0.82071304,-0.5025253,-0.3453827,-0.44898605,-0.17681122,-0.46751404,-0.34511566
p720,-0.0005970001,-0.0005950928,-0.00060272217,-0.4326706,-0.145401,-0.16576385,-0.34445953,-0.3357544,0.0,-0.53578186,-0.5265999,-0.2756157,-0.20476532,-0.45368958,-0.43748856,-0.33558655,-0.44004822,-0.37431717,-0.1443901,-0.112529755,-0.16705704,-0.19952393,-0.3140564,-0.23415375,-0.37397766,-0.43515015,-0.8071747,-0.48958206,-0.33628845,-0.43643188,-0.17227554,-0.45409393,-0.33528137
p721,-0.0005931854,-0.0005912781,-0.00059890747,-0.43177032,-0.14512634,-0.16544724,-0.3437767,-0.33508682,0.0,-0.53396225,-0.5372658,-0.2793274,-0.20436859,-0.45271683,-0.43657875,-0.33491516,-0.43914032,-0.37356186,-0.14411926,-0.11231995,-0.16673279,-0.19913864,-0.3134346,-0.2336998,-0.37322998,-0.43588257,-0.80330276,-0.4969597,-0.3417778,-0.4443283,-0.17496872,-0.46271896,-0.34158707
p722,-0.0005950928,-0.0005950928,-0.00059890747,-0.43320465,-0.1455841,-0.16596985,-0.34487534,-0.33615112,0.0,-0.53536606,-0.5464363,-0.2829094,-0.20501328,-0.45420074,-0.43803215,-0.33600235,-0.44059753,-0.3747635,-0.1445694,-0.1126709,-0.1672554,-0.19976425,-0.31443405,-0.23443604,-0.37441254,-0.4383278,-0.80487823,-0.503891,-0.34675217,-0.45130157,-0.17744064,-0.47024536,-0.34709167
p723,-0.0006008148,-0.0005950928,-0.00060653687,-0.43472672,-0.14605713,-0.16650772,-0.346035,-0.33728027,0.0,-0.5366745,-0.5588379,-0.28766632,-0.20569229,-0.45579147,-0.4395752,-0.33714676,-0.4421463,-0.3760414,-0.14505005,-0.11304855,-0.16780853,-0.20041656,-0.31549835,-0.23521805,-0.37568283,-0.44124985,-0.80516815,-0.513134,-0.35342407,-0.46068192,-0.1807518,-0.48038483,-0.35451126
p724,-0.0005931854,-0.0005912781,-0.00059890747,-0.42770386,-0.14385605,-0.16401291,-0.34066772,-0.33207703,0.0,-0.52890015,-0.4992485,-0.2680893,-0.20256042,-0.44844055,-0.43246078,-0.33185196,-0.43499756,-0.37015152,-0.14286041,-0.111328125,-0.16527557,-0.19739532,-0.31059647,-0.23163605,-0.3698578,-0.4316826,-0.8585663,-0.4864998,-0.3244629,-0.41920853,-0.16627884,-0.43317413,-0.31970215
p725,-0.00056648254,-0.0005645752,-0.0005722046,-0.40408707,-0.1364212,-0.15555191,-0.32256317,-0.3144951,0.0,-0.49482346,-0.5187874,-0.27431107,-0.19197464,-0.42346954,-0.40855408,-0.314003,-0.41098404,-0.35025406,-0.13548279,-0.10551834,-0.15670395,-0.18719101,-0.2940483,-0.21955109,-0.35015106,-0.41926193,-0.7444687,-0.5140381,-0.33517075,-0.4358635,-0.17113113,-0.4498062,-0.33139038
p726,-0.0005569458,-0.0005569458,-0.0005645752,-0.42994308,-0.14430237,-0.16453171,-0.34152222,-0.33280563,0.0,-0.48594666,-0.3616562,-0.2535591,-0.20315552,-0.44862366,-0.43506813,-0.33322144,-0.4375534,-0.37118912,-0.14330673,-0.11167145,-0.16577911,-0.19800949,-0.31163406,-0.23228455,-0.37049866,-0.57992935,-0.43683243,-0.40359497,-0.27098083,-0.3236885,-0.14284897,-0.3258438,-0.2434578
p727,-0.0005340576,-0.0005302429,-0.0005378723,-0.405365,-0.13658524,-0.15576172,-0.32275772,-0.31458664,0.0,-0.45906067,-0.36581802,-0.26025772,-0.192173,-0.42287445,-0.41017342,-0.31467438,-0.4125328,-0.35056305,-0.13565445,-0.105644226,-0.15689468,-0.18741608,-0.2944641,-0.21974945,-0.35009766,-0.5459671,-0.42764664,-0.41265488,-0.2761879,-0.32846832,-0.14577866,-0.33016205,-0.24684906
p728,-0.00049972534,-0.00049972534,-0.00050354004,-0.3798294,-0.12852097,-0.14658737,-0.30316925,-0.2955742,0.0,-0.4312477,-0.37039185,-0.2674942,-0.18069458,-0.39608002,-0.38431358,-0.29535294,-0.38654327,-0.32906723,-0.12765121,-0.09935379,-0.14759827,-0.17634201,-0.27654648,-0.20664978,-0.32881165,-0.5096283,-0.41822433,-0.42253876,-0.2818222,-0.33364487,-0.14896011,-0.33485794,-0.2505455
p729,-0.0005187988,-0.0005187988,-0.0005264282,-0.38166046,-0.1293335,-0.1475029,-0.30529785,-0.29771805,0.0,-0.46310043,-0.53847504,-0.28132248,-0.18187332,-0.39963913,-0.3858757,-0.2970276,-0.3881874,-0.33130646,-0.12845612,-0.09998703,-0.1485405,-0.1774559,-0.27829742,-0.20802689,-0.3313408,-0.40844727,-0.64595413,-0.5477104,-0.34667587,-0.45349503,-0.17636108,-0.46697998,-0.343441
p730,-0.0005054474,-0.00050354004,-0.00051116943,-0.3788948,-0.12846375,-0.1465187,-0.30317307,-0.2956543,0.0,-0.45907593,-0.5546417,-0.28643036,-0.18064117,-0.39665604,-0.38308334,-0.29494095,-0.38537598,-0.32896805,-0.12759781,-0.09931183,-0.14754486,-0.1762619,-0.27635956,-0.20661545,-0.32901764,-0.40792084,-0.63097763,-0.5578766,-0.3546524,-0.46528625,-0.18021774,-0.47987366,-0.3528061
p731,-0.0005016327,-0.00050354004,-0.00051116943,-0.37970734,-0.1287384,-0.14682388,-0.30381012,-0.29627228,0.0,-0.45986557,-0.5710068,-0.2916031,-0.18102646,-0.39746094,-0.3839054,-0.295578,-0.38620377,-0.32966614,-0.12787247,-0.09952545,-0.14785767,-0.17663956,-0.27695084,-0.20705032,-0.32969666,-0.4095993,-0.6286087,-0.5650253,-0.36248016,-0.47666168,-0.18408203,-0.49267578,-0.36218262
p732,-0.0005092621,-0.00050735474,-0.00051498413,-0.38134384,-0.12927246,-0.14744186,-0.30508804,-0.29750824,0.0,-0.4617653,-0.5920372,-0.29790878,-0.18178177,-0.39913177,-0.3855648,-0.29683685,-0.38785934,-0.3310547,-0.12840271,-0.09994125,-0.14847946,-0.1773758,-0.2781105,-0.20791245,-0.33107758,-0.41178513,-0.628891,-0.572155,-0.37208557,-0.4906273,-0.18885803,-0.50878143,-0.37402344
p733,-0.00050735474,-0.00050735474,-0.00051498413,-0.3713417,-0.12605667,-0.14378357,-0.29730988,-0.28995132,0.0,-0.44765472,-0.5419197,-0.28619766,-0.17721176,-0.38853836,-0.37545967,-0.28919983,-0.37770462,-0.32253647,-0.12520981,-0.09743118,-0.14476776,-0.17295074,-0.27101898,-0.20269775,-0.3226204,-0.40838242,-0.5944443,-0.5845032,-0.35212326,-0.46050644,-0.17892838,-0.4718628,-0.34669876
p734,-0.00051498413,-0.00051498413,-0.0005187988,-0.3732872,-0.12669373,-0.14449692,-0.29882812,-0.29143524,0.0,-0.45077133,-0.5559845,-0.28902435,-0.1781044,-0.39060593,-0.3774166,-0.2906952,-0.379673,-0.3242073,-0.12583923,-0.09792328,-0.14550018,-0.17382812,-0.27240753,-0.2037201,-0.32427597,-0.407753,-0.6042175,-0.57814026,-0.35763168,-0.46920776,-0.18157578,-0.48236084,-0.35440445
p735,-0.0005092621,-0.00050735474,-0.00051498413,-0.37648392,-0.12771225,-0.14565659,-0.30130005,-0.29383087,0.0,-0.4549713,-0.56695175,-0.29228592,-0.17955399,-0.39398956,-0.38065147,-0.29312134,-0.38292694,-0.32691956,-0.12685013,-0.098724365,-0.1466713,-0.1752243,-0.27466583,-0.20537949,-0.32696152,-0.40995407,-0.61275864,-0.57865906,-0.3626442,-0.47650146,-0.18406296,-0.49080658,-0.3606186
p736,-0.0005016327,-0.00050354004,-0.00051116943,-0.3797531,-0.12875748,-0.1468544,-0.303833,-0.29628754,0.0,-0.45912552,-0.5802078,-0.29640198,-0.18104553,-0.3974228,-0.38396072,-0.29560852,-0.38624954,-0.32969284,-0.12789154,-0.099536896,-0.14787674,-0.17666245,-0.27697754,-0.20707321,-0.3297119,-0.4126587,-0.6202736,-0.58124924,-0.36880875,-0.48540497,-0.1871376,-0.50102997,-0.36816025
p737,-0.0006656647,-0.0006637573,-0.0006713867,-0.48591232,-0.16199493,-0.18463135,-0.3850441,-0.37514114,-0.52851486,-1.6771965,-0.3221283,-0.20389175,-0.22844315,-0.50997925,-0.49143028,-0.37564468,-0.4941826,-0.41897202,-0.1608429,-0.12550354,-0.1861763,-0.22232437,-0.35113907,-0.26116943,-0.41817856,-0.43875885,-0.47303772,-0.33490753,-0.22877121,-0.2815361,-0.119464874,-0.2866478,-0.21323395
p738,-0.0006504059,-0.00065231323,-0.0006599426,-0.47811127,-0.15958405,-0.18188477,-0.37914658,-0.3694191,-0.51644135,-1.6434593,-0.31708527,-0.20071793,-0.22499466,-0.50185394,-0.48352242,-0.36979675,-0.48623657,-0.41247177,-0.15845108,-0.12361145,-0.1833992,-0.21900558,-0.34573364,-0.2572441,-0.41176605,-0.43181992,-0.46535873,-0.32962036,-0.22521591,-0.27715302,-0.11761093,-0.28219223,-0.20992279
p739,-0.00046348572,-0.00046539307,-0.00046920776,-0.35330582,-0.12008667,-0.13700104,-0.28276062,-0.27575684,0.0,-0.40260315,-0.3752098,-0.27532578,-0.16871643,-0.3682747,-0.3574543,-0.27523422,-0.35954285,-0.3066826,-0.11928558,-0.09278488,-0.13788986,-0.1647644,-0.2578888,-0.19298172,-0.30664444,-0.4704399,-0.40841675,-0.43312454,-0.28782654,-0.33911514,-0.15234375,-0.33983612,-0.25445938
p740,-0.00042915344,-0.0004272461,-0.0004310608,-0.32867813,-0.11218262,-0.12799072,-0.2636757,-0.2572136,0.0,-0.3752098,-0.355011,-0.27918625,-0.15748596,-0.3424225,-0.33252716,-0.25645828,-0.33449173,-0.2857895,-0.11143112,-0.08662033,-0.12878418,-0.15389633,-0.240448,-0.18016052,-0.28592682,-0.4390335,-0.38181305,-0.406662,-0.28215408,-0.32474518,-0.15043259,-0.3241043,-0.24378586
p741,-0.00038337708,-0.00038146973,-0.00038909912,-0.30270004,-0.103767395,-0.11842346,-0.24347687,-0.23757172,0.0,-0.3463211,-0.33358002,-0.28430176,-0.14557266,-0.31515884,-0.30622864,-0.2366066,-0.3080597,-0.26368332,-0.103084564,-0.08008194,-0.11910629,-0.14235687,-0.22198105,-0.16655731,-0.2639923,-0.4056282,-0.35372162,-0.37849808,-0.27650833,-0.30963135,-0.14858627,-0.3074684,-0.23251343
p742,-0.00036239624,-0.00036239624,-0.00036621094,-0.2781334,-0.09577179,-0.109313965,-0.22429657,-0.21892548,0.0,-0.3189392,-0.31328964,-0.28962326,-0.13424683,-0.28938675,-0.28136444,-0.2177887,-0.28305435,-0.24273682,-0.095149994,-0.0738678,-0.10990906,-0.13137054,-0.20446014,-0.15362549,-0.24317169,-0.37373352,-0.32726288,-0.35185623,-0.27130508,-0.29536057,-0.14683914,-0.2917137,-0.22183228
p743,-0.00032424927,-0.00032043457,-0.00032806396,-0.25287628,-0.08749008,-0.09988785,-0.20451736,-0.19967651,0.0,-0.29073334,-0.2924614,-0.29593277,-0.12254715,-0.2628975,-0.25580025,-0.19838715,-0.25735474,-0.22114563,-0.08692932,-0.06744003,-0.10039139,-0.12000656,-0.18638992,-0.14025879,-0.22170639,-0.34059525,-0.30018616,-0.3244667,-0.26628876,-0.28078842,-0.14516449,-0.2755623,-0.21089172
p744,-0.00029182434,-0.000289917,-0.0002937317,-0.22524261,-0.07836914,-0.08949661,-0.1828003,-0.17853546,0.0,-0.25981903,-0.26964188,-0.30423737,-0.10967255,-0.23396683,-0.22783852,-0.17711258,-0.2292366,-0.19747162,-0.077869415,-0.060367584,-0.0899086,-0.10748291,-0.16654587,-0.12555695,-0.19813919,-0.3039055,-0.27066422,-0.29436874,-0.26134872,-0.26498032,-0.14356232,-0.2579193,-0.19899368
p745,-0.00053596497,-0.0005340576,-0.0005455017,-0.3899765,-0.13199997,-0.15053558,-0.31175995,-0.30399704,0.0,-0.47302628,-0.6970062,-0.32606506,-0.18567276,-0.40841675,-0.39426994,-0.30337524,-0.39663315,-0.3383789,-0.13110352,-0.10206604,-0.15161133,-0.18111038,-0.28419113,-0.21235275,-0.3383522,-0.41770554,-0.6434593,-0.5846939,-0.41640854,-0.55607605,-0.21105194,-0.58859634,-0.43322372
p746,-0.0005226135,-0.00051498413,-0.0005264282,-0.37744904,-0.12804413,-0.14603806,-0.30212784,-0.29464722,0.0,-0.45705414,-0.7156334,-0.33568954,-0.18003845,-0.39517593,-0.3815899,-0.2938919,-0.38389587,-0.327816,-0.127182,-0.09897995,-0.1470604,-0.17568207,-0.27540207,-0.20592499,-0.32788467,-0.40732956,-0.6131706,-0.5849533,-0.43328094,-0.58112717,-0.22001648,-0.6242752,-0.46220398
p747,-0.0005168915,-0.00051498413,-0.0005226135,-0.37252426,-0.12649155,-0.14427185,-0.29833984,-0.29096603,0.0,-0.45076752,-0.73298645,-0.34262848,-0.17782211,-0.3899269,-0.376606,-0.29016495,-0.37888336,-0.323658,-0.12564087,-0.097766876,-0.14526367,-0.17354202,-0.27194595,-0.20339584,-0.32375717,-0.4037552,-0.6009331,-0.5892563,-0.44458008,-0.59776306,-0.22589874,-0.64648056,-0.47987366
p748,-0.00050735474,-0.00050354004,-0.00051116943,-0.37052536,-0.12586975,-0.1435585,-0.29680634,-0.2894745,0.0,-0.44810486,-0.7507477,-0.34906387,-0.17693329,-0.3877716,-0.37457848,-0.28866196,-0.3768425,-0.32196808,-0.12501907,-0.097278595,-0.14455032,-0.17268372,-0.27054977,-0.20237732,-0.32208252,-0.4028473,-0.5950012,-0.5955391,-0.4546013,-0.61239624,-0.23101425,-0.6650009,-0.4942932
p749,-0.0005187988,-0.0005187988,-0.0005264282,-0.38492203,-0.13043213,-0.14875412,-0.30786133,-0.30020523,0.0,-0.4661255,-0.6098442,-0.30368805,-0.18341827,-0.40286636,-0.38918495,-0.299572,-0.39149475,-0.33409882,-0.12954712,-0.10084152,-0.14980698,-0.17895508,-0.28066254,-0.20978546,-0.33407974,-0.4155159,-0.63531494,-0.5789833,-0.38048553,-0.50260544,-0.1930542,-0.5224724,-0.3841095
p750,-0.0005283356,-0.0005302429,-0.0005378723,-0.39068222,-0.13225555,-0.15083313,-0.31230545,-0.30451584,0.0,-0.47356415,-0.64442444,-0.3129921,-0.18601608,-0.40896988,-0.39500237,-0.30393982,-0.3973465,-0.3389778,-0.13135529,-0.10226059,-0.15190887,-0.18146896,-0.28471375,-0.21274948,-0.33891296,-0.4199257,-0.6493912,-0.5826187,-0.39468002,-0.5232239,-0.20023727,-0.547657,-0.40277863
p751,-0.0005493164,-0.0005455017,-0.0005493164,-0.3885193,-0.13154984,-0.15001678,-0.3106346,-0.30290985,0.0,-0.47080612,-0.71086884,-0.32923508,-0.18502045,-0.40684128,-0.39279747,-0.3022766,-0.39515305,-0.33715057,-0.1306572,-0.10171509,-0.15108871,-0.1804924,-0.28317642,-0.21161652,-0.33713913,-0.4175644,-0.63783646,-0.59202576,-0.42129135,-0.5635147,-0.21329498,-0.5960846,-0.438282
p752,-0.0005168915,-0.00051498413,-0.0005226135,-0.3811531,-0.12921906,-0.1473732,-0.30497742,-0.29740524,0.0,-0.4613037,-0.74419403,-0.3351822,-0.18170929,-0.39905548,-0.385334,-0.2966957,-0.38765335,-0.33093262,-0.1283493,-0.09989929,-0.1484108,-0.17728806,-0.27799988,-0.2078247,-0.33097458,-0.41191864,-0.61886215,-0.5999794,-0.4318695,-0.5804825,-0.21809769,-0.61475754,-0.45116043
p753,-0.00044059753,-0.0004386902,-0.00044250488,-0.3426056,-0.11696625,-0.13344574,-0.2751236,-0.2683792,0.0,-0.40843964,-0.5669174,-0.3022461,-0.16425323,-0.357769,-0.34640884,-0.2674446,-0.3484764,-0.29820633,-0.11619568,-0.09033203,-0.1342926,-0.16046524,-0.2508011,-0.18790436,-0.2984085,-0.3959236,-0.5117302,-1.0889854,-0.3781929,-0.5027962,-0.1894226,-0.5010376,-0.3655777
p754,-0.00045585632,-0.00045394897,-0.00046157837,-0.3368492,-0.11512756,-0.13134766,-0.2706604,-0.26404953,0.0,-0.40163422,-0.55784225,-0.2974472,-0.16163254,-0.35171127,-0.3405819,-0.2630577,-0.34261703,-0.29332352,-0.114364624,-0.088897705,-0.13217545,-0.15792847,-0.24671936,-0.184906,-0.29356003,-0.38956833,-0.5031853,-1.0665855,-0.37215042,-0.49464035,-0.18642426,-0.49303436,-0.35975266
p755,-0.00044059753,-0.0004386902,-0.00044250488,-0.3426056,-0.11696625,-0.13344574,-0.2751236,-0.2683792,0.0,-0.40843964,-0.5669174,-0.3022461,-0.16425323,-0.357769,-0.34640884,-0.2674446,-0.3484764,-0.29820633,-0.11619568,-0.09033203,-0.1342926,-0.16046524,-0.2508011,-0.18790436,-0.2984085,-0.3959236,-0.5117302,-1.0889854,-0.3781929,-0.5027962,-0.1894226,-0.5010376,-0.3655777
p756,-0.00044822693,-0.00044631958,-0.00045394897,-0.3405304,-0.11634064,-0.13273239,-0.27357483,-0.2668724,0.0,-0.4067726,-0.5937042,-0.31394196,-0.1633606,-0.35556412,-0.34428787,-0.2659073,-0.34634018,-0.29649734,-0.1155777,-0.08984375,-0.13357544,-0.1595993,-0.24938583,-0.1868782,-0.29670715,-0.39139938,-0.514019,-1.4245377,-0.39945984,-0.53874207,-0.19810104,-0.5297661,-0.38489914
p757,-0.00044822693,-0.00044631958,-0.00045394897,-0.34015274,-0.1162529,-0.1326294,-0.27331924,-0.2666359,0.0,-0.4068756,-0.61557007,-0.32578278,-0.16321945,-0.35518265,-0.34389687,-0.2656479,-0.3459549,-0.29621124,-0.115478516,-0.089767456,-0.13346481,-0.15946579,-0.24915695,-0.18671799,-0.2964325,-0.38927078,-0.51631546,-1.1597137,-0.42009354,-0.57398605,-0.20644379,-0.5561333,-0.4025154
p758,-0.00049209595,-0.00048828125,-0.00049972534,-0.36481476,-0.12408447,-0.1415329,-0.29244232,-0.28523254,0.0,-0.4405403,-0.7819443,-0.36797714,-0.17438507,-0.38167572,-0.3687935,-0.28437042,-0.3710289,-0.3171692,-0.12324524,-0.095882416,-0.14249039,-0.17023087,-0.26656342,-0.19947052,-0.31730652,-0.39977264,-0.5787697,-0.60785675,-0.4835167,-0.6529274,-0.2468605,-0.7225609,-0.5429573
p759,-0.0004787445,-0.00047302246,-0.00048446655,-0.36045074,-0.12268829,-0.1399498,-0.28907394,-0.28195572,0.0,-0.43537903,-0.77220535,-0.36387634,-0.17240143,-0.37708282,-0.36437798,-0.28105164,-0.3665924,-0.31347275,-0.12186813,-0.09479904,-0.14088821,-0.1683197,-0.26348495,-0.19721603,-0.31365204,-0.39517975,-0.5712662,-0.60053253,-0.47811127,-0.6455002,-0.24416351,-0.7146301,-0.53718567
p760,-0.000497818,-0.00049209595,-0.00049972534,-0.35601807,-0.121276855,-0.13834,-0.28564835,-0.2786255,0.0,-0.43013,-0.7624359,-0.35976028,-0.17039871,-0.37241364,-0.3598919,-0.27767944,-0.36207962,-0.3097191,-0.12046814,-0.093696594,-0.13925934,-0.1663742,-0.2603531,-0.19491577,-0.30992508,-0.3905182,-0.5636635,-0.5931549,-0.47270203,-0.63806534,-0.24147034,-0.7067337,-0.53144836
p761,-0.00046539307,-0.00046157837,-0.00046920776,-0.3472557,-0.118442535,-0.13512039,-0.2788124,-0.27199554,0.0,-0.41917038,-0.7238655,-0.33501053,-0.16638184,-0.36314774,-0.3510418,-0.27098083,-0.35318375,-0.3022461,-0.11766052,-0.091495514,-0.13600159,-0.16249466,-0.2541237,-0.19032669,-0.3025093,-0.38370132,-0.54491425,-0.6445236,-0.4384346,-0.59835434,-0.21763611,-0.61481094,-0.44543076
p762,-0.0004711151,-0.00047302246,-0.00047683716,-0.35829544,-0.12195587,-0.13911438,-0.2873459,-0.28028107,0.0,-0.43286133,-0.75258636,-0.33876038,-0.17137527,-0.37485123,-0.3622074,-0.27936172,-0.3644066,-0.3115921,-0.12114334,-0.09423447,-0.14004517,-0.16731262,-0.26190567,-0.19603729,-0.31179047,-0.39308548,-0.5674553,-0.62592316,-0.4420433,-0.6009064,-0.22077942,-0.6267357,-0.45572662
p763,-0.00045013428,-0.00045394897,-0.00045776367,-0.33951187,-0.11602402,-0.13236618,-0.27283096,-0.2661667,0.0,-0.40727997,-0.64653397,-0.3414421,-0.16291428,-0.3546486,-0.34323502,-0.26515198,-0.34530258,-0.295681,-0.11526489,-0.08959961,-0.13320923,-0.15916443,-0.24868774,-0.18636703,-0.29593277,-0.38479233,-0.51952744,-0.87968445,-0.44797134,-0.6225014,-0.2176323,-0.59259415,-0.42691422
p764,-0.00042152405,-0.0004196167,-0.0004234314,-0.32718277,-0.112075806,-0.12787628,-0.26329803,-0.25689697,0.0,-0.3927536,-0.6319046,-0.3503189,-0.15730667,-0.34168243,-0.33075523,-0.25576782,-0.33275604,-0.2852249,-0.111335754,-0.08652496,-0.1286583,-0.15372849,-0.23997116,-0.17996597,-0.28556442,-0.37086487,-0.5008583,-0.7747154,-0.4667282,-0.6564331,-0.22250748,-0.60188675,-0.43120956
p765,-0.0004196167,-0.000415802,-0.0004234314,-0.31764984,-0.10900116,-0.12438965,-0.25590897,-0.24972153,0.0,-0.3814888,-0.6199379,-0.35876083,-0.15295029,-0.33166122,-0.32109642,-0.24850082,-0.32305527,-0.27714157,-0.10829544,-0.08413696,-0.12513351,-0.14952469,-0.23322296,-0.17500305,-0.27754593,-0.36005783,-0.48641586,-0.7008171,-0.48352432,-0.68244934,-0.22654724,-0.6063919,-0.43275452
p766,-0.0004005432,-0.0004005432,-0.0004043579,-0.308712,-0.10612488,-0.12110138,-0.24897003,-0.24297333,0.0,-0.3708763,-0.60803604,-0.36966705,-0.14887619,-0.322258,-0.31204796,-0.24168396,-0.31396103,-0.26955795,-0.10543823,-0.08189392,-0.12182236,-0.14557266,-0.22689056,-0.17034149,-0.2700081,-0.3500328,-0.47278214,-0.6372528,-0.5037651,-0.71391296,-0.23132324,-0.6084976,-0.43312836
p767,-0.0005168915,-0.00051498413,-0.0005226135,-0.372818,-0.12658691,-0.14438248,-0.2985649,-0.29118347,0.0,-0.45059967,-0.8069725,-0.34617233,-0.17795944,-0.39020538,-0.37689972,-0.29039383,-0.3791771,-0.32390213,-0.12573624,-0.09783554,-0.14537811,-0.17367554,-0.27215576,-0.20354843,-0.32399368,-0.40597534,-0.5973892,-0.6135254,-0.45035553,-0.6094284,-0.22672272,-0.64725494,-0.47400284
p768,-0.00048446655,-0.00048065186,-0.00048828125,-0.36139297,-0.12296677,-0.14025879,-0.2897606,-0.28263092,0.0,-0.43691635,-0.77539444,-0.3470497,-0.17280197,-0.37810898,-0.36533928,-0.28173828,-0.36755753,-0.3142395,-0.12213898,-0.09501648,-0.14120865,-0.16869354,-0.26411438,-0.19765854,-0.31441116,-0.39481735,-0.5761337,-0.5968323,-0.4534874,-0.6133385,-0.22946548,-0.66187286,-0.4890709
p769,-0.0005168915,-0.00051498413,-0.0005226135,-0.372818,-0.12658691,-0.14438248,-0.2985649,-0.29118347,0.0,-0.45059967,-0.8069725,-0.34617233,-0.17795944,-0.39020538,-0.37689972,-0.29039383,-0.3791771,-0.32390213,-0.12573624,-0.09783554,-0.14537811,-0.17367554,-0.27215576,-0.20354843,-0.32399368,-0.40597534,-0.5973892,-0.6135254,-0.45035553,-0.6094284,-0.22672272,-0.64725494,-0.47400284
p770,-0.00049972534,-0.00049591064,-0.00050354004,-0.3648033,-0.1240387,-0.14147949,-0.2923851,-0.28517914,0.0,-0.44089127,-0.8462105,-0.34504318,-0.17433548,-0.38174438,-0.36878967,-0.2843132,-0.3710251,-0.3171196,-0.12320709,-0.09585953,-0.1424408,-0.17017746,-0.2665062,-0.1994133,-0.31726837,-0.39842987,-0.5814705,-0.60895157,-0.45030975,-0.61091995,-0.22637558,-0.6490402,-0.47440338
p771,-0.00046539307,-0.00046539307,-0.00047302246,-0.33525848,-0.11460495,-0.13075638,-0.26953506,-0.2629738,0.0,-0.4046669,-0.7050667,-0.33327484,-0.16093445,-0.35046387,-0.33890343,-0.26185608,-0.34097672,-0.2920723,-0.113853455,-0.08850098,-0.13158798,-0.15721893,-0.2456398,-0.18410492,-0.2924118,-0.37182617,-0.5237465,-0.6272545,-0.43885422,-0.6040077,-0.21687698,-0.6180954,-0.44401932
p772,-0.00044822693,-0.00045013428,-0.00045394897,-0.33127213,-0.11332703,-0.12929535,-0.26644897,-0.25997543,0.0,-0.4000473,-0.703228,-0.33398438,-0.15911484,-0.3462677,-0.33486557,-0.2588234,-0.3369217,-0.28868866,-0.112586975,-0.087509155,-0.13010788,-0.15546799,-0.24282455,-0.18202972,-0.28905487,-0.36712265,-0.5180054,-0.6038742,-0.44130325,-0.6108475,-0.21800232,-0.6273842,-0.44846725
p773,-0.0004386902,-0.0004386902,-0.00044250488,-0.32868195,-0.11250305,-0.12835693,-0.26444244,-0.2580223,0.0,-0.39699554,-0.70017624,-0.33583832,-0.15793991,-0.3435402,-0.33224678,-0.256855,-0.33428574,-0.28649902,-0.111759186,-0.08686447,-0.12916183,-0.1543312,-0.2409935,-0.18069077,-0.28687286,-0.3642578,-0.51397705,-0.5911484,-0.4451561,-0.6199646,-0.21961212,-0.63640594,-0.45279694
p774,-0.00049972534,-0.00049591064,-0.00050354004,-0.35637283,-0.12137604,-0.13845062,-0.2858925,-0.27886963,0.0,-0.43090057,-0.7608299,-0.3464012,-0.17053604,-0.3727913,-0.3602543,-0.2779312,-0.36244202,-0.30999756,-0.12056732,-0.09377289,-0.13936996,-0.16651154,-0.26057816,-0.19507599,-0.31020355,-0.38977814,-0.56705475,-0.58861923,-0.45324326,-0.6125946,-0.22992706,-0.66563416,-0.4940033
p775,-0.000497818,-0.00049591064,-0.00050354004,-0.3557129,-0.121170044,-0.13821793,-0.2854004,-0.2783928,0.0,-0.43003464,-0.76172256,-0.34943008,-0.17024994,-0.37210083,-0.35959244,-0.27744293,-0.36178207,-0.30945587,-0.12036514,-0.09361267,-0.13913727,-0.16622925,-0.26012802,-0.19474411,-0.30965805,-0.38937378,-0.5651283,-0.58883667,-0.45779037,-0.6186447,-0.23260498,-0.6754837,-0.5028076
p776,-0.00026130676,-0.0002593994,-0.0002670288,-0.1972351,-0.069057465,-0.078884125,-0.16069412,-0.15702057,0.0,-0.22839355,-0.24642181,-0.31347656,-0.0965538,-0.20471191,-0.19949722,-0.15548325,-0.200737,-0.17341614,-0.068626404,-0.053150177,-0.07920456,-0.0947113,-0.14635849,-0.11055374,-0.17416763,-0.26623917,-0.24094772,-0.26406097,-0.25653076,-0.24886703,-0.14198685,-0.2399025,-0.1868515
p777,-0.00022125244,-0.00022506714,-0.00023269653,-0.17132187,-0.060325623,-0.068935394,-0.14007568,-0.13693237,0.0,-0.19897461,-0.21497345,-0.27259445,-0.08426666,-0.1776886,-0.17329788,-0.1353569,-0.17438507,-0.15101624,-0.05995941,-0.046398163,-0.069179535,-0.082733154,-0.12753296,-0.096515656,-0.15182114,-0.23254776,-0.2100792,-0.23055649,-0.22415161,-0.21713638,-0.12805557,-0.20942307,-0.1635971
p778,-0.00018501282,-0.00017929077,-0.00019073486,-0.14445114,-0.051189423,-0.058509827,-0.11859131,-0.11597824,0.0,-0.16825104,-0.18230057,-0.23020554,-0.07143402,-0.14970398,-0.14613342,-0.11442566,-0.14706802,-0.12771225,-0.05088806,-0.039344788,-0.058692932,-0.070194244,-0.1079216,-0.08184433,-0.12851334,-0.1972847,-0.17789459,-0.19564438,-0.19053268,-0.18421173,-0.11356354,-0.17775345,-0.13942337
p779,-0.00016021729,-0.00015640259,-0.00016403198,-0.11674118,-0.04165268,-0.047626495,-0.09626007,-0.09417343,0.0,-0.1364479,-0.14840317,-0.18652725,-0.058071136,-0.12088013,-0.11810875,-0.09273529,-0.11887741,-0.10354614,-0.041412354,-0.031986237,-0.047756195,-0.057106018,-0.08755875,-0.06655502,-0.104286194,-0.16048431,-0.14450836,-0.15928268,-0.15567017,-0.15008926,-0.098552704,-0.1449089,-0.11434555
p780,-0.00011444092,-0.00011444092,-0.000118255615,-0.08818054,-0.031692505,-0.036247253,-0.073036194,-0.07148743,0.0,-0.10349655,-0.11326218,-0.1415329,-0.044136047,-0.09121323,-0.089221954,-0.070259094,-0.08980942,-0.07847977,-0.031513214,-0.02432251,-0.036327362,-0.043441772,-0.06641388,-0.05059433,-0.0790863,-0.12208557,-0.109882355,-0.12144089,-0.11954498,-0.11476517,-0.08299255,-0.11087036,-0.088329315
p781,-8.010864e-05,-8.010864e-05,-8.392334e-05,-0.058872223,-0.021343231,-0.024417877,-0.04903412,-0.04801941,0.0,-0.06942749,-0.07695389,-0.09548187,-0.02968216,-0.06080246,-0.059577942,-0.047065735,-0.05996704,-0.05260849,-0.021224976,-0.016357422,-0.024456024,-0.029239655,-0.044563293,-0.03404236,-0.053073883,-0.08206558,-0.07409668,-0.0821991,-0.082206726,-0.07829285,-0.06689453,-0.0757103,-0.061416626
p782,-0.0004787445,-0.00047683716,-0.00048446655,-0.3515091,-0.119838715,-0.13669968,-0.2821579,-0.27524185,0.0,-0.4247856,-0.7526207,-0.3556404,-0.1683464,-0.3676529,-0.3553276,-0.27425385,-0.35749435,-0.30590057,-0.11903381,-0.09257507,-0.13759995,-0.16439438,-0.25717163,-0.19257736,-0.30613708,-0.38578415,-0.5559578,-0.5857239,-0.46728897,-0.6306381,-0.23877716,-0.698864,-0.5257454
p783,-0.0004711151,-0.00046920776,-0.00047683716,-0.3504715,-0.119506836,-0.1363182,-0.28136444,-0.27446747,0.0,-0.4235382,-0.75089645,-0.35559082,-0.1678772,-0.3665657,-0.35428047,-0.2734604,-0.3564453,-0.30501556,-0.11870575,-0.092315674,-0.13721848,-0.16394043,-0.2564392,-0.19203949,-0.30526733,-0.38478088,-0.55402756,-0.58452225,-0.4673462,-0.6306381,-0.2389183,-0.69973373,-0.5268593
p784,-0.00046730042,-0.00046539307,-0.00047302246,-0.34944153,-0.11916733,-0.13594055,-0.28055573,-0.27368927,0.0,-0.42233276,-0.74916077,-0.35557938,-0.16740799,-0.36548615,-0.35323715,-0.2726822,-0.35539246,-0.3041458,-0.11837387,-0.092056274,-0.13683319,-0.16348648,-0.2557068,-0.19150162,-0.30439758,-0.38378143,-0.5520706,-0.58333206,-0.46746063,-0.630703,-0.23910522,-0.70075226,-0.5281334
p785,-0.00045776367,-0.00046157837,-0.00046157837,-0.34232712,-0.116867065,-0.13331985,-0.27501678,-0.2682953,0.0,-0.41363144,-0.76007843,-0.33783722,-0.16413498,-0.35798645,-0.34605217,-0.267231,-0.34817123,-0.29807281,-0.11609268,-0.09026718,-0.13418579,-0.1603241,-0.25064087,-0.18777084,-0.298378,-0.37740707,-0.5383949,-0.60359573,-0.4445114,-0.6100998,-0.22114182,-0.6375923,-0.45890808
p786,-0.00046730042,-0.00046920776,-0.00047683716,-0.33983612,-0.11606979,-0.13241196,-0.27308273,-0.26641846,0.0,-0.41065216,-0.7533798,-0.33747864,-0.16300201,-0.35534668,-0.34353065,-0.26533508,-0.34563446,-0.29595947,-0.11530304,-0.089645386,-0.13326645,-0.1592331,-0.24887848,-0.18648148,-0.29627228,-0.3748436,-0.5341759,-0.5980263,-0.44464874,-0.6116829,-0.221035,-0.63905716,-0.4588623
p787,-0.00046539307,-0.00046539307,-0.00047302246,-0.33900452,-0.115802765,-0.13210678,-0.27243805,-0.26580048,0.0,-0.40964127,-0.7491684,-0.3377571,-0.16263199,-0.35446548,-0.34269333,-0.26470184,-0.3447876,-0.29526138,-0.115039825,-0.08944321,-0.13296127,-0.15886688,-0.24829102,-0.18605423,-0.2955742,-0.37405777,-0.5326576,-0.5970764,-0.44532776,-0.61343,-0.22122574,-0.6402054,-0.45914078
p788,-0.00025558472,-0.0002593994,-0.0002593994,-0.2110672,-0.0739212,-0.08442688,-0.17206192,-0.16811752,0.0,-0.24739838,-0.33787155,-0.6556015,-0.10335922,-0.21938705,-0.21339035,-0.16645432,-0.2147026,-0.18569183,-0.073467255,-0.056900024,-0.08478165,-0.101364136,-0.1566925,-0.11834335,-0.18649673,-0.26597977,-0.28388596,-0.33496094,-0.4419136,-0.38219452,-0.22502899,-0.35375595,-0.27848053
p789,-0.00028800964,-0.0002861023,-0.0002937317,-0.20951462,-0.07341766,-0.083862305,-0.1708641,-0.16695786,0.0,-0.24609756,-0.3426323,-0.79893875,-0.10265732,-0.2177887,-0.2118187,-0.16527176,-0.21312332,-0.18439102,-0.07297516,-0.05651474,-0.08421326,-0.100681305,-0.15559769,-0.11754608,-0.18520737,-0.262146,-0.28470612,-0.33763123,-0.45541,-0.38939667,-0.23597717,-0.36072922,-0.2855606
p790,-0.00028419495,-0.0002861023,-0.0002937317,-0.20874405,-0.07316589,-0.08358383,-0.17026901,-0.16638565,0.0,-0.24545288,-0.3449211,-0.9273033,-0.102306366,-0.21698761,-0.21103287,-0.16468811,-0.21233368,-0.18373871,-0.072719574,-0.05632019,-0.083927155,-0.1003418,-0.155056,-0.11713791,-0.18455887,-0.2602234,-0.2850876,-0.33882523,-0.46229172,-0.39286423,-0.24230957,-0.3642006,-0.28932953
p791,-0.00048446655,-0.00048828125,-0.00048828125,-0.35263824,-0.12015915,-0.1370697,-0.2829857,-0.27604675,0.0,-0.42607498,-0.83132935,-0.34427643,-0.16882324,-0.36886978,-0.35648155,-0.275074,-0.35865784,-0.30681992,-0.11936188,-0.09283066,-0.13797379,-0.16485214,-0.25792694,-0.19311905,-0.30704498,-0.387455,-0.55719376,-0.60934067,-0.4519577,-0.617424,-0.22589111,-0.6516609,-0.47206116
p792,-0.00046348572,-0.00046157837,-0.00046920776,-0.34728622,-0.118450165,-0.13513184,-0.27884674,-0.27202606,0.0,-0.4196434,-0.79774857,-0.34186172,-0.16639328,-0.36320877,-0.3510685,-0.2709999,-0.35321045,-0.30228043,-0.11766052,-0.09149933,-0.13601303,-0.16250229,-0.25414658,-0.19034576,-0.30254745,-0.38223648,-0.54756546,-0.6046715,-0.4495468,-0.615921,-0.22418976,-0.6478996,-0.46741104
p793,-0.00046348572,-0.00046539307,-0.00046920776,-0.3437767,-0.11733246,-0.1338501,-0.2761345,-0.26938248,0.0,-0.41543198,-0.7790222,-0.33974457,-0.16479874,-0.3595085,-0.3475151,-0.26833344,-0.3496399,-0.29930496,-0.11655426,-0.09062576,-0.13471603,-0.16095352,-0.25166702,-0.18852234,-0.29959488,-0.37869644,-0.54142,-0.6003189,-0.44714737,-0.613678,-0.22273636,-0.6441994,-0.46374893
p794,-0.00045394897,-0.00045394897,-0.00046157837,-0.3410988,-0.11647034,-0.13286972,-0.2740631,-0.26737213,0.0,-0.41221237,-0.76584244,-0.33834076,-0.16358566,-0.35668182,-0.34480667,-0.2663002,-0.3469162,-0.29703903,-0.11570358,-0.089954376,-0.13373184,-0.15978241,-0.24977112,-0.1871376,-0.29733658,-0.37599182,-0.5366936,-0.5967369,-0.44565964,-0.61260223,-0.22177124,-0.6419525,-0.46131516
p795,-0.00049591064,-0.00049209595,-0.00049972534,-0.35546494,-0.12106705,-0.13809967,-0.28517532,-0.27817154,0.0,-0.42967606,-1.02742,-0.3451805,-0.1701088,-0.3718567,-0.35934067,-0.2772255,-0.3615265,-0.30921173,-0.12025833,-0.09354019,-0.13901901,-0.16609192,-0.25992203,-0.19458771,-0.30942154,-0.38949585,-0.5638695,-0.59921265,-0.45223236,-0.6144333,-0.22764206,-0.6574516,-0.48168945
p796,-0.00048446655,-0.00048065186,-0.00048828125,-0.3521347,-0.12000275,-0.13689041,-0.2825966,-0.2756729,0.0,-0.42570877,-1.9584694,-0.3417244,-0.16859818,-0.36834717,-0.35596848,-0.27469635,-0.35813904,-0.30639267,-0.119205475,-0.09270859,-0.1377945,-0.16463089,-0.25756836,-0.19286346,-0.30662918,-0.385952,-0.5583153,-0.5931854,-0.44760895,-0.60801697,-0.22534561,-0.65055084,-0.4766655
p797,-0.00049591064,-0.00049209595,-0.00049972534,-0.35546494,-0.12106705,-0.13809967,-0.28517532,-0.27817154,0.0,-0.42967606,-1.02742,-0.3451805,-0.1701088,-0.3718567,-0.35934067,-0.2772255,-0.3615265,-0.30921173,-0.12025833,-0.09354019,-0.13901901,-0.16609192,-0.25992203,-0.19458771,-0.30942154,-0.38949585,-0.5638695,-0.59921265,-0.45223236,-0.6144333,-0.22764206,-0.6574516,-0.48168945
p798,-0.0004825592,-0.00048065186,-0.00048828125,-0.3524933,-0.12013626,-0.13703918,-0.28290176,-0.275959,0.0,-0.42613983,-0.8733673,-0.34869003,-0.1687851,-0.36868668,-0.3563347,-0.27498627,-0.35850143,-0.30672073,-0.11933899,-0.092811584,-0.1379509,-0.16481781,-0.25784683,-0.19307327,-0.306942,-0.38651657,-0.55885315,-0.58984375,-0.4575348,-0.6198273,-0.23183441,-0.67396545,-0.49939346
p799,-0.00029563904,-0.0002975464,-0.00030136108,-0.22402573,-0.078315735,-0.08944321,-0.1824379,-0.1782341,0.0,-0.26415253,-0.38114166,-0.67233276,-0.10954666,-0.23300552,-0.22646713,-0.17656326,-0.2278595,-0.19696426,-0.07783127,-0.060302734,-0.089839935,-0.10739899,-0.1661644,-0.12541199,-0.19775772,-0.2748947,-0.310894,-0.3727951,-0.5108681,-0.43610764,-0.24883652,-0.4016838,-0.31348038
p800,-0.0002822876,-0.0002784729,-0.0002861023,-0.21907806,-0.07666397,-0.08755875,-0.17851639,-0.17441177,0.0,-0.258255,-0.3717041,-0.8819237,-0.10721207,-0.22781754,-0.22146797,-0.17272949,-0.2228241,-0.19269562,-0.076187134,-0.05902481,-0.0879364,-0.10512924,-0.16257858,-0.12275314,-0.1934967,-0.2694931,-0.30343246,-0.36296844,-0.5008316,-0.42497253,-0.25724792,-0.39336395,-0.3108101
p801,-0.00030517578,-0.00030517578,-0.00031280518,-0.23736191,-0.08280182,-0.09455109,-0.19306564,-0.18858719,0.0,-0.28154755,-0.42516708,-0.58680725,-0.1158638,-0.2470398,-0.23992157,-0.18692398,-0.24139404,-0.2085228,-0.08228302,-0.06377411,-0.09498978,-0.11354828,-0.17585754,-0.13263702,-0.20928192,-0.2842331,-0.3404007,-0.4112854,-0.5924034,-0.49398422,-0.26207352,-0.44919205,-0.34514618
p802,-0.00029945374,-0.0002975464,-0.00030517578,-0.2302742,-0.08043671,-0.09185791,-0.18745804,-0.18312836,0.0,-0.27289963,-0.40954208,-0.635273,-0.11254501,-0.23959732,-0.23275948,-0.18144608,-0.23418808,-0.20241547,-0.07994461,-0.061943054,-0.09228134,-0.110305786,-0.1707344,-0.12882996,-0.20319748,-0.27705383,-0.32844162,-0.3962021,-0.56601715,-0.47344208,-0.27046204,-0.43434525,-0.3386383
p803,-0.00028800964,-0.0002861023,-0.0002937317,-0.2263794,-0.079135895,-0.09037399,-0.18437195,-0.18012238,0.0,-0.26817322,-0.4012642,-0.6518402,-0.11070633,-0.2355156,-0.22882652,-0.17842865,-0.23023224,-0.1990509,-0.07865143,-0.060935974,-0.090782166,-0.10852814,-0.16791534,-0.12673187,-0.19985199,-0.2730713,-0.3220253,-0.38795853,-0.55358887,-0.46281052,-0.27729034,-0.42682266,-0.33597565
p804,-0.00029563904,-0.000289917,-0.0002975464,-0.22341537,-0.0781517,-0.08925247,-0.18201828,-0.17783356,0.0,-0.2646103,-0.39541626,-0.6649132,-0.109306335,-0.23241806,-0.22583771,-0.1761322,-0.22722626,-0.19649506,-0.07766724,-0.060165405,-0.0896492,-0.10716629,-0.16577911,-0.12514114,-0.19730377,-0.26993942,-0.31736374,-0.38179398,-0.5463486,-0.4554901,-0.28593445,-0.42201233,-0.335392
p805,-0.0002822876,-0.0002861023,-0.0002937317,-0.22062302,-0.07720947,-0.08818436,-0.17980194,-0.17567062,0.0,-0.26125717,-0.3901024,-0.6868019,-0.107990265,-0.22948074,-0.22301292,-0.17396164,-0.2243805,-0.19408035,-0.076732635,-0.059444427,-0.08856583,-0.10587692,-0.16374207,-0.12363052,-0.1948967,-0.26694107,-0.31306076,-0.37582016,-0.54174805,-0.44890594,-0.2975273,-0.4181366,-0.33605576
p806,-0.00048065186,-0.00048065186,-0.00048828125,-0.34830093,-0.11880875,-0.13552475,-0.27967834,-0.27283096,0.0,-0.42095184,-0.74731827,-0.35557938,-0.16688919,-0.36427307,-0.3520832,-0.27181244,-0.3542328,-0.30317688,-0.118011475,-0.09177399,-0.13641357,-0.16298676,-0.25489807,-0.19091797,-0.3034401,-0.3826828,-0.54994583,-0.5820465,-0.4676094,-0.6307907,-0.23931122,-0.70189667,-0.529541
p807,-0.00047302246,-0.00046920776,-0.00047683716,-0.34636307,-0.11818695,-0.13482285,-0.27817917,-0.27136993,0.0,-0.41861725,-0.74163055,-0.35528946,-0.16601181,-0.3622284,-0.35011864,-0.27033615,-0.3522606,-0.30153656,-0.11739731,-0.091293335,-0.13570404,-0.16213226,-0.2535286,-0.18990707,-0.3018036,-0.38077927,-0.5464363,-0.5795593,-0.4673996,-0.630291,-0.23944855,-0.7030487,-0.531353
p808,-0.00046348572,-0.00046539307,-0.00046920776,-0.34439468,-0.117557526,-0.13410568,-0.27664948,-0.26989746,0.0,-0.4162445,-0.7359123,-0.35499954,-0.16512299,-0.36014938,-0.34812737,-0.2688446,-0.3502617,-0.29986954,-0.11677551,-0.09080124,-0.13497543,-0.16126633,-0.25214005,-0.18888474,-0.30015564,-0.3788452,-0.5428848,-0.5770569,-0.46719742,-0.6297798,-0.23959732,-0.7042732,-0.5332527
p809,-0.00045585632,-0.00045776367,-0.00046157837,-0.34235382,-0.11691284,-0.13337326,-0.27507782,-0.26836395,0.0,-0.41374588,-0.7301254,-0.35469818,-0.16419601,-0.35798645,-0.3460636,-0.26729584,-0.34818268,-0.29814148,-0.11613083,-0.090293884,-0.13423538,-0.1603775,-0.25070572,-0.1878357,-0.29844284,-0.37685394,-0.53925705,-0.5744972,-0.46697235,-0.6292038,-0.2397461,-0.70552444,-0.5352135
p810,-0.00046730042,-0.00046539307,-0.00047302246,-0.34033203,-0.11626434,-0.13263702,-0.2735176,-0.2668457,0.0,-0.41130447,-0.72436905,-0.3544197,-0.16327667,-0.3558464,-0.34401894,-0.2657585,-0.34612656,-0.29642868,-0.11549759,-0.089790344,-0.13349152,-0.1594963,-0.24928284,-0.18679047,-0.29673767,-0.3748703,-0.535656,-0.5719528,-0.466774,-0.6286354,-0.23992157,-0.70687485,-0.5373039
p811,-0.00045776367,-0.00046157837,-0.00046539307,-0.33821106,-0.11558914,-0.13187027,-0.2718773,-0.26525116,0.0,-0.40869904,-0.71845627,-0.35413742,-0.16231537,-0.35360718,-0.34187317,-0.2641487,-0.34397125,-0.29463196,-0.11482239,-0.08926773,-0.1327095,-0.15856934,-0.24778366,-0.18568802,-0.2949562,-0.37280273,-0.5319061,-0.5693283,-0.46658707,-0.6280365,-0.24011993,-0.7083702,-0.5395622
p812,-0.00032234192,-0.00032043457,-0.00032424927,-0.2557106,-0.08888626,-0.10147858,-0.20755386,-0.20269775,0.0,-0.30481339,-0.47743225,-0.509079,-0.1244545,-0.26633835,-0.25845528,-0.20109558,-0.2600441,-0.22430801,-0.088329315,-0.06849289,-0.1019783,-0.12189102,-0.18907928,-0.14244461,-0.22500992,-0.3000679,-0.3767929,-0.45801163,-0.6998596,-0.5669174,-0.26381683,-0.5043793,-0.37771988
p813,-0.00033187866,-0.00033187866,-0.00033569336,-0.25312042,-0.08803558,-0.10051346,-0.20552826,-0.20072174,0.0,-0.3020363,-0.4768257,-0.48866653,-0.123249054,-0.26364136,-0.25583458,-0.19910812,-0.25740433,-0.22209549,-0.08747864,-0.06782532,-0.10100174,-0.12072754,-0.18722534,-0.14107132,-0.22281265,-0.29613495,-0.37483978,-0.4540863,-0.9644356,-0.56295395,-0.27016068,-0.51335144,-0.38262177
p814,-0.00033187866,-0.00033187866,-0.00033950806,-0.25242996,-0.08781052,-0.10025406,-0.20499039,-0.20019913,0.0,-0.3014145,-0.47827148,-0.477005,-0.12293625,-0.26292038,-0.25513268,-0.19857407,-0.2566986,-0.22150421,-0.087257385,-0.06765747,-0.10074997,-0.12041855,-0.18674088,-0.14070511,-0.222229,-0.29467773,-0.37504578,-0.45308304,-1.1832047,-0.5631561,-0.27288818,-0.520813,-0.38624954
p815,-0.00031471252,-0.00031280518,-0.00032043457,-0.25271225,-0.0879097,-0.10037613,-0.2052269,-0.20043182,0.0,-0.3019066,-0.48099518,-0.46878433,-0.12307739,-0.2632141,-0.25541496,-0.19880295,-0.2569847,-0.22176361,-0.08735657,-0.067733765,-0.10086441,-0.12056351,-0.1869545,-0.14087296,-0.22248077,-0.29444122,-0.37646103,-0.4535942,-1.3958931,-0.56539917,-0.27479553,-0.5279503,-0.38978195
p816,-0.00031471252,-0.00031280518,-0.00032043457,-0.2533722,-0.08813858,-0.100624084,-0.20575714,-0.20094681,0.0,-0.30280685,-0.48386765,-0.46366882,-0.1233902,-0.2639084,-0.2560768,-0.19932175,-0.25764847,-0.22233963,-0.087589264,-0.06790924,-0.10112381,-0.12086868,-0.18743515,-0.14123917,-0.2230568,-0.2947693,-0.37817,-0.45464706,-1.6289444,-0.56861115,-0.2769432,-0.5342636,-0.39308548
p817,-0.00031471252,-0.00031280518,-0.00032043457,-0.25342178,-0.08815384,-0.10064316,-0.20580673,-0.20098495,0.0,-0.30291748,-0.4846611,-0.46299744,-0.1234169,-0.2639656,-0.2561226,-0.19935608,-0.2577057,-0.2223854,-0.08760071,-0.067920685,-0.10114288,-0.12089157,-0.1874733,-0.14126205,-0.22309875,-0.294693,-0.3785324,-0.45414734,-1.9160843,-0.56944656,-0.28092957,-0.53848267,-0.3955841
p818,-0.00033187866,-0.00033187866,-0.00033950806,-0.2528038,-0.08794403,-0.10041046,-0.20531464,-0.20051193,0.0,-0.30220795,-0.48390198,-0.46480942,-0.12312698,-0.26333237,-0.2555046,-0.19887543,-0.25708008,-0.22185135,-0.087387085,-0.06776428,-0.10090256,-0.12060928,-0.18702316,-0.14093018,-0.22257614,-0.29398727,-0.37766647,-0.45131302,-1.4227409,-0.56978226,-0.28803635,-0.5432472,-0.3984413
p819,-0.00028800964,-0.0002861023,-0.0002937317,-0.2095604,-0.073467255,-0.08391571,-0.17095184,-0.1670456,0.0,-0.2467308,-0.35084915,-1.076561,-0.10271454,-0.21785355,-0.21185493,-0.16535187,-0.21316147,-0.18447113,-0.07301712,-0.056549072,-0.08426285,-0.10074234,-0.15567017,-0.11760712,-0.1852951,-0.25982666,-0.28808212,-0.34340668,-0.47332,-0.4005432,-0.24929428,-0.37143707,-0.29550934
p820,-0.00028038025,-0.0002784729,-0.0002861023,-0.20860672,-0.07314682,-0.0835495,-0.17020035,-0.16631699,0.0,-0.24573517,-0.35106277,-1.1078415,-0.10227203,-0.21686172,-0.210886,-0.164608,-0.2121849,-0.18365479,-0.0727005,-0.056297302,-0.08390427,-0.10031128,-0.15498734,-0.11709213,-0.18448257,-0.25819397,-0.28754044,-0.34315872,-0.47493744,-0.4012184,-0.25066757,-0.3720665,-0.29621887
p821,-0.0002822876,-0.0002784729,-0.0002861023,-0.20870209,-0.07318878,-0.08359146,-0.17028427,-0.16640091,0.0,-0.2459526,-0.35248184,-1.1277885,-0.10231781,-0.21696854,-0.21098328,-0.16469193,-0.21228409,-0.18374634,-0.07273865,-0.05632782,-0.08394241,-0.10036087,-0.15506363,-0.11715317,-0.18457794,-0.25795746,-0.28821945,-0.3442154,-0.4776764,-0.40309525,-0.25253296,-0.37384033,-0.29776382
p822,-0.00041389465,-0.0004119873,-0.0004196167,-0.302639,-0.10416412,-0.11886978,-0.24425888,-0.23840332,0.0,-0.36418915,-0.60902405,-0.37041092,-0.14609528,-0.31591415,-0.30590057,-0.2370491,-0.30778122,-0.26439667,-0.10349655,-0.08037186,-0.11956024,-0.14287567,-0.22257614,-0.16717148,-0.2649002,-0.3415413,-0.4659462,-0.5700035,-0.5122528,-0.9196701,-0.23577881,-0.6461792,-0.4474907
p823,-0.00039291382,-0.00039291382,-0.00039672852,-0.29729462,-0.102436066,-0.11690903,-0.24009705,-0.2343483,0.0,-0.35770798,-0.5981331,-0.3727913,-0.14364243,-0.31027222,-0.30049133,-0.23296356,-0.30233765,-0.25984955,-0.10177612,-0.07902527,-0.117572784,-0.14050674,-0.2187767,-0.16436768,-0.26036835,-0.33594513,-0.4576416,-0.55384827,-0.52100754,-1.4589348,-0.23844528,-0.6551628,-0.44825745
p824,-0.00037956238,-0.00038146973,-0.00038528442,-0.2946434,-0.10158157,-0.115932465,-0.2380333,-0.23234558,0.0,-0.35449982,-0.5929146,-0.37408066,-0.14242554,-0.30747604,-0.2978096,-0.23094177,-0.29964828,-0.25759506,-0.100933075,-0.07835388,-0.11658859,-0.13933563,-0.21689987,-0.16298294,-0.25813293,-0.33312225,-0.453537,-0.5450249,-0.5252075,-1.277832,-0.23969269,-0.66305923,-0.44911194
p825,-0.00037574768,-0.00037384033,-0.00038146973,-0.2930374,-0.10106659,-0.115345,-0.23679352,-0.23113632,0.0,-0.3525467,-0.589756,-0.3757019,-0.14170456,-0.3057785,-0.29618645,-0.22972107,-0.29800797,-0.25623322,-0.10041809,-0.07795715,-0.1159935,-0.13861465,-0.21576309,-0.1621437,-0.25678635,-0.33140564,-0.45096588,-0.53876495,-0.5306854,-1.1441689,-0.24102402,-0.66950226,-0.44993973
p826,-0.00038528442,-0.00038528442,-0.00038909912,-0.29170227,-0.10063934,-0.114860535,-0.23575592,-0.23012924,0.0,-0.35090256,-0.58685684,-0.37867737,-0.14109421,-0.30435562,-0.2948265,-0.22870255,-0.29664612,-0.25509262,-0.099990845,-0.077625275,-0.11550522,-0.138031,-0.21481705,-0.16145325,-0.2556572,-0.3300476,-0.44869232,-0.5332413,-0.539711,-1.0332413,-0.2430954,-0.6736183,-0.45043945
p827,-0.00037574768,-0.00037765503,-0.00038528442,-0.29024124,-0.10016632,-0.11433029,-0.23462296,-0.22903061,0.0,-0.34908676,-0.5833206,-0.38354492,-0.14042664,-0.30282593,-0.29335213,-0.22758865,-0.2951584,-0.25385284,-0.09952545,-0.07725906,-0.11496353,-0.13739014,-0.21377945,-0.1606865,-0.25442886,-0.32865524,-0.44605637,-0.5274315,-0.55365753,-0.9316673,-0.24636078,-0.67759705,-0.45082092
p828,-0.00038719177,-0.00038909912,-0.00039291382,-0.28824234,-0.09952545,-0.11359787,-0.23307037,-0.22751617,0.0,-0.34656143,-0.5781441,-0.3911705,-0.13951111,-0.30070877,-0.29133034,-0.22606277,-0.29312515,-0.25215912,-0.09888458,-0.07675934,-0.114219666,-0.13650131,-0.2123642,-0.1596489,-0.25273132,-0.3268509,-0.44236374,-0.5203438,-0.57530975,-0.8290367,-0.251503,-0.68271637,-0.45113373
p829,-0.0004196167,-0.0004196167,-0.0004272461,-0.31215668,-0.10722351,-0.1223526,-0.25165176,-0.24557877,0.0,-0.37653732,-0.6450081,-0.35510635,-0.1504364,-0.32600403,-0.31552887,-0.24429321,-0.31746674,-0.27248764,-0.10652161,-0.08274841,-0.12308121,-0.14707947,-0.22931671,-0.17212677,-0.27293777,-0.34877396,-0.48527527,-0.55952835,-0.48197937,-0.704113,-0.2328453,-0.72198486,-0.47605133
p830,-0.0004043579,-0.0004043579,-0.0004119873,-0.30851746,-0.10604477,-0.12101364,-0.24882507,-0.242836,0.0,-0.3721962,-0.6376381,-0.35472488,-0.1487732,-0.3221588,-0.31184578,-0.2415123,-0.31376266,-0.2693901,-0.10536194,-0.081840515,-0.12173462,-0.14546585,-0.22673416,-0.17021942,-0.26987076,-0.34478378,-0.47977448,-0.5472336,-0.48259354,-0.67626953,-0.23376465,-0.78793716,-0.48142624
p831,-0.0004196167,-0.0004196167,-0.0004272461,-0.31215668,-0.10722351,-0.1223526,-0.25165176,-0.24557877,0.0,-0.37653732,-0.6450081,-0.35510635,-0.1504364,-0.32600403,-0.31552887,-0.24429321,-0.31746674,-0.27248764,-0.10652161,-0.08274841,-0.12308121,-0.14707947,-0.22931671,-0.17212677,-0.27293777,-0.34877396,-0.48527527,-0.55952835,-0.48197937,-0.704113,-0.2328453,-0.72198486,-0.47605133
p832,-0.00041389465,-0.0004119873,-0.0004196167,-0.31451797,-0.10798645,-0.12321854,-0.25348663,-0.24736786,0.0,-0.3795433,-0.65252304,-0.354496,-0.15151215,-0.32849884,-0.31791496,-0.24609375,-0.31986618,-0.27449417,-0.10728073,-0.08333969,-0.12395477,-0.14811707,-0.23099136,-0.1733551,-0.2749405,-0.35072327,-0.48983383,-0.5564537,-0.47917938,-0.6792908,-0.23424149,-0.75084686,-0.48849487
p833,-0.0004310608,-0.0004272461,-0.0004348755,-0.31837463,-0.10922623,-0.124637604,-0.256485,-0.2502861,0.0,-0.38429642,-0.66285706,-0.3556404,-0.15327835,-0.33257675,-0.32181358,-0.24904251,-0.3237915,-0.2777748,-0.10851669,-0.08430481,-0.12539291,-0.14982605,-0.23373413,-0.17537308,-0.27819824,-0.3543625,-0.49647903,-0.5580139,-0.47911835,-0.6667557,-0.23624039,-0.7647362,-0.49959564
p834,-0.0002784729,-0.0002784729,-0.0002822876,-0.21800613,-0.07629776,-0.08714676,-0.17765808,-0.17357635,0.0,-0.25694275,-0.36930084,-1.1014175,-0.10670853,-0.2266922,-0.22038269,-0.17189789,-0.22173691,-0.19176865,-0.07583618,-0.058746338,-0.087524414,-0.10463333,-0.1618042,-0.12217331,-0.19256592,-0.2684517,-0.30166245,-0.36034393,-0.4995575,-0.42214584,-0.2622223,-0.39152527,-0.3110466
p835,-0.0002670288,-0.0002708435,-0.0002746582,-0.21597672,-0.07562256,-0.086372375,-0.17605591,-0.17201996,0.0,-0.25462723,-0.36676407,-1.0827751,-0.10575104,-0.22457886,-0.21833229,-0.17032623,-0.21967316,-0.1900177,-0.07516098,-0.058216095,-0.08675003,-0.103702545,-0.16033554,-0.121082306,-0.19083405,-0.26587296,-0.29923248,-0.35757446,-0.49731827,-0.4195099,-0.26285934,-0.3892479,-0.30981064
p836,-0.00026512146,-0.0002670288,-0.0002708435,-0.21501923,-0.07530594,-0.086013794,-0.17530441,-0.17128372,0.0,-0.25354767,-0.3658142,-1.0720596,-0.10530472,-0.22357178,-0.21736336,-0.16959,-0.2186966,-0.18919754,-0.07483673,-0.057971954,-0.08637619,-0.103263855,-0.15964127,-0.12056351,-0.19001389,-0.2645836,-0.2981949,-0.35638046,-0.49712372,-0.4186058,-0.264431,-0.3886032,-0.30981445
p837,-0.00025558472,-0.0002593994,-0.0002593994,-0.2119751,-0.074287415,-0.08484268,-0.17287827,-0.16893005,0.0,-0.249794,-0.35816193,-1.5883408,-0.10386276,-0.22039413,-0.21429253,-0.16722488,-0.2156105,-0.1865654,-0.07382202,-0.057174683,-0.08520508,-0.10186386,-0.15744019,-0.11891937,-0.18738556,-0.26172256,-0.29283142,-0.3496933,-0.48496246,-0.40947723,-0.2561493,-0.3798294,-0.3023529
p838,-0.00028800964,-0.0002861023,-0.0002937317,-0.21046829,-0.07377243,-0.08426666,-0.1716919,-0.16776276,0.0,-0.24806595,-0.35606384,-1.3480949,-0.10315323,-0.21881485,-0.21276665,-0.16605377,-0.214077,-0.18526459,-0.07332611,-0.056793213,-0.084625244,-0.101169586,-0.15634155,-0.11811066,-0.18609619,-0.25984955,-0.2909279,-0.34752655,-0.48270035,-0.407238,-0.25537872,-0.37774658,-0.30088043
p839,-4.7683716e-05,-4.9591064e-05,-5.722046e-05,-0.02905655,-0.010643005,-0.012176514,-0.024375916,-0.02388382,0.0,-0.034492493,-0.039749146,-0.048866272,-0.014781952,-0.029972076,-0.029411316,-0.023326874,-0.02960205,-0.026100159,-0.010585785,-0.008148193,-0.012187958,-0.014572144,-0.022129059,-0.01695633,-0.026374817,-0.040599823,-0.037391663,-0.041770935,-0.043907166,-0.040958405,-0.05035019,-0.039665222,-0.033798218
p840,-0.000118255615,-0.00011444092,-0.00012207031,-0.09156799,-0.032993317,-0.03772354,-0.07601166,-0.074417114,0.0,-0.10955429,-0.16392136,-0.22379303,-0.045944214,-0.09486008,-0.092624664,-0.07305145,-0.09322739,-0.081638336,-0.032806396,-0.025306702,-0.037807465,-0.045207977,-0.0690918,-0.05265808,-0.082344055,-0.116184235,-0.13198853,-0.15483856,-0.22589874,-0.18429947,-0.47597504,-0.17710876,-0.1784172
p841,-0.00016212463,-0.00016403198,-0.00017166138,-0.121154785,-0.043373108,-0.04957962,-0.100185394,-0.09805679,0.0,-0.14446259,-0.22078705,-0.29961014,-0.060459137,-0.12572098,-0.122514725,-0.09640503,-0.12330246,-0.10771561,-0.043121338,-0.033294678,-0.049713135,-0.059448242,-0.091091156,-0.06928253,-0.10859299,-0.1503563,-0.17507935,-0.20728683,-0.3108368,-0.24983215,-0.7087288,-0.23966217,-0.23915863
p842,-0.00019645691,-0.00019073486,-0.00019836426,-0.14543915,-0.051784515,-0.059188843,-0.11985779,-0.117263794,0.0,-0.1730423,-0.2666664,-0.35684204,-0.07224655,-0.15105057,-0.14704514,-0.11548996,-0.14797592,-0.12898636,-0.05147934,-0.039783478,-0.05937195,-0.0709877,-0.10902023,-0.0827713,-0.12993622,-0.17774963,-0.2097435,-0.24962997,-0.37895203,-0.30239487,-0.9185829,-0.29005432,-0.2865486
p843,-0.00039672852,-0.00039672852,-0.0004005432,-0.30632782,-0.10533905,-0.120212555,-0.2471199,-0.24118042,0.0,-0.36954498,-0.6327553,-0.35576248,-0.14777374,-0.31985092,-0.30962944,-0.23984909,-0.31153107,-0.26753235,-0.10466385,-0.08128357,-0.120918274,-0.14449692,-0.22518158,-0.16907501,-0.26802444,-0.34248352,-0.47629547,-0.54045105,-0.48545837,-0.6634979,-0.23495102,-0.85152054,-0.48459625
p844,-0.00040245056,-0.0004043579,-0.0004081726,-0.3032837,-0.10435867,-0.11909485,-0.24474716,-0.23888016,0.0,-0.36579132,-0.6250572,-0.3576851,-0.14638138,-0.31663895,-0.3065529,-0.23752594,-0.30843735,-0.26494217,-0.10368729,-0.08052063,-0.11979294,-0.14314651,-0.22301865,-0.1674881,-0.26544952,-0.33956146,-0.4711609,-0.5353699,-0.49075317,-0.6620941,-0.23586273,-0.83555603,-0.4824791
p845,-0.00041389465,-0.0004119873,-0.0004196167,-0.30169296,-0.10385513,-0.1185112,-0.2435112,-0.23767853,0.0,-0.36379623,-0.6205673,-0.3596344,-0.14564896,-0.31495285,-0.30494308,-0.23630905,-0.3068161,-0.26358414,-0.10317993,-0.0801239,-0.11920166,-0.14244461,-0.22189331,-0.16666412,-0.26409912,-0.338089,-0.4683113,-0.53308105,-0.49557114,-0.663723,-0.23678207,-0.8263054,-0.48088455
p846,-0.0004119873,-0.0004081726,-0.000415802,-0.30078888,-0.10355759,-0.11818695,-0.24282455,-0.23699951,0.0,-0.36263275,-0.6175232,-0.36206436,-0.14524078,-0.31399536,-0.30402756,-0.23563004,-0.30590057,-0.262825,-0.102890015,-0.07990265,-0.11886978,-0.14204788,-0.22126007,-0.16619492,-0.26334,-0.33735657,-0.46653366,-0.5322113,-0.50099564,-0.66765594,-0.23800278,-0.81983185,-0.47990417
p847,-0.00041007996,-0.0004043579,-0.0004119873,-0.30042267,-0.103450775,-0.118061066,-0.24253464,-0.23672104,0.0,-0.3621025,-0.6155281,-0.36517715,-0.14507294,-0.31359863,-0.30365562,-0.23535156,-0.30552292,-0.2625122,-0.10277939,-0.07981491,-0.11873627,-0.14189148,-0.22100449,-0.166008,-0.263031,-0.33720016,-0.46555328,-0.5323067,-0.5076027,-0.67339706,-0.23963928,-0.8161812,-0.47947693
p848,-0.00040626526,-0.0004043579,-0.0004081726,-0.300148,-0.10336685,-0.11795807,-0.24232864,-0.23652267,0.0,-0.36166382,-0.61325073,-0.37004852,-0.14495468,-0.3133011,-0.30337715,-0.2351532,-0.30524445,-0.26228714,-0.102695465,-0.07974625,-0.11863327,-0.14177704,-0.22081375,-0.16586685,-0.26280594,-0.33724594,-0.46453094,-0.53258514,-0.51805115,-0.6812477,-0.24230194,-0.8134079,-0.47933578
p849,0.0,0.0,0.0,3.8146973e-06,0.0,0.0,0.0,0.0,0.0,0.0,3.8146973e-06,0.0,-3.8146973e-06,3.8146973e-06,0.0,0.0,0.0,0.0,0.0,-3.8146973e-06,0.0,-3.8146973e-06,0.0,0.0,0.0,0.0,0.0,0.0,3.8146973e-06,0.0,0.0,0.0,0.0
p850,-5.1498413e-05,-5.340576e-05,-5.722046e-05,-0.040786743,-0.014907837,-0.01707077,-0.034137726,-0.033439636,0.0,-0.04945755,-0.08255005,-0.08358765,-0.020702362,-0.042121887,-0.041261673,-0.032699585,-0.04152298,-0.036579132,-0.014823914,-0.011417389,-0.017074585,-0.02042389,-0.03099823,-0.023757935,-0.03694153,-0.050476074,-0.06293869,-0.07299423,-0.09154892,-0.0874939,-0.09288406,-0.09008026,-0.12333679
p851,-9.727478e-05,-9.536743e-05,-9.918213e-05,-0.073654175,-0.026638031,-0.030475616,-0.06124878,-0.059978485,0.0,-0.08900833,-0.14691925,-0.15308762,-0.037067413,-0.07623291,-0.07450867,-0.058826447,-0.074985504,-0.06575394,-0.026493073,-0.02042389,-0.030529022,-0.036506653,-0.055671692,-0.042503357,-0.06632233,-0.090278625,-0.11236572,-0.1307602,-0.16571808,-0.15608215,-0.16689682,-0.15978622,-0.21324158
p852,-0.00011444092,-0.00011444092,-0.00012207031,-0.100437164,-0.036102295,-0.041297913,-0.083244324,-0.08147812,0.0,-0.12080383,-0.19832611,-0.20842361,-0.050289154,-0.10412598,-0.101587296,-0.08003235,-0.10223389,-0.08943558,-0.03590393,-0.027706146,-0.041381836,-0.049491882,-0.07567215,-0.05765152,-0.09019089,-0.12186432,-0.1515503,-0.17682648,-0.2250557,-0.21075821,-0.22412872,-0.21520233,-0.28383636
p853,-0.00015068054,-0.0001487732,-0.00015258789,-0.1272049,-0.04547882,-0.051986694,-0.105083466,-0.10282898,0.0,-0.15231705,-0.2483635,-0.2597618,-0.06339264,-0.13204956,-0.1286335,-0.1011467,-0.12944031,-0.11301041,-0.045215607,-0.034915924,-0.052124023,-0.062335968,-0.09555435,-0.07265854,-0.11390686,-0.15259552,-0.18964005,-0.22144699,-0.28136444,-0.26343536,-0.276165,-0.26892853,-0.35307693
p854,-0.0004310608,-0.0004310608,-0.0004386902,-0.32331848,-0.11082077,-0.12644577,-0.2603264,-0.2540207,0.0,-0.39038467,-0.67598724,-0.35606003,-0.15553665,-0.33781052,-0.32681084,-0.25280762,-0.32881546,-0.2819786,-0.11009598,-0.085552216,-0.12721634,-0.15201569,-0.23723984,-0.177948,-0.28237534,-0.3590088,-0.5051117,-0.56054306,-0.47696304,-0.6528206,-0.23822784,-0.76662827,-0.51405716
p855,-0.00042152405,-0.0004196167,-0.0004272461,-0.3251953,-0.11141968,-0.12713242,-0.2617874,-0.25543976,0.0,-0.39266968,-0.6805725,-0.35701752,-0.15639114,-0.33979797,-0.32870865,-0.25424194,-0.33072662,-0.28358078,-0.110687256,-0.08602142,-0.12791061,-0.15284348,-0.23857498,-0.178936,-0.28396988,-0.36087418,-0.5083046,-0.56235504,-0.47753525,-0.65133667,-0.23935318,-0.7679405,-0.51942825
p856,-0.00041389465,-0.0004196167,-0.0004234314,-0.3113327,-0.10695648,-0.12205505,-0.2510147,-0.24496841,0.0,-0.3756714,-0.6450424,-0.35816956,-0.15007019,-0.3251419,-0.31469536,-0.24367142,-0.31663132,-0.27178955,-0.10626602,-0.08255005,-0.122779846,-0.14671326,-0.22873688,-0.17170334,-0.27225494,-0.34744644,-0.48456192,-0.5455971,-0.48687744,-0.6593933,-0.23773956,-1.0371742,-0.49773026
p857,-0.00041007996,-0.0004043579,-0.0004119873,-0.308609,-0.1060791,-0.12105179,-0.24889755,-0.24290848,0.0,-0.37234116,-0.63853455,-0.35832596,-0.14882278,-0.3222618,-0.31193542,-0.2415924,-0.31385422,-0.26947403,-0.10539627,-0.08185959,-0.12176895,-0.14550781,-0.22680664,-0.17027664,-0.26995087,-0.34473038,-0.48010635,-0.5408554,-0.48840714,-0.6560478,-0.237854,-1.4445305,-0.49687195
p858,-0.00040245056,-0.0004005432,-0.0004081726,-0.30739594,-0.10569382,-0.12060928,-0.24795151,-0.24198532,0.0,-0.3708496,-0.6355133,-0.35866547,-0.14825821,-0.32098007,-0.3107071,-0.24066544,-0.31261444,-0.26844025,-0.10500336,-0.08155823,-0.12131882,-0.14497375,-0.22594452,-0.16963577,-0.2689247,-0.34352493,-0.47808838,-0.5387497,-0.4896736,-0.6549072,-0.23805237,-1.8111916,-0.49649048
p859,-0.00040245056,-0.0004005432,-0.0004005432,-0.30679703,-0.10549545,-0.12039566,-0.24748611,-0.24154282,0.0,-0.37010574,-0.63383865,-0.3595543,-0.147995,-0.32034683,-0.31010437,-0.24020386,-0.31201172,-0.2679367,-0.10481262,-0.081409454,-0.12109375,-0.14471054,-0.2255249,-0.1693306,-0.26842117,-0.34298325,-0.4770279,-0.53783417,-0.49161148,-0.65532684,-0.23861313,-1.570713,-0.49702454
p860,-0.00040245056,-0.0004005432,-0.0004005432,-0.3068123,-0.10550308,-0.120399475,-0.24750137,-0.24154663,0.0,-0.37009048,-0.63354874,-0.36088562,-0.147995,-0.32035446,-0.31011772,-0.24022293,-0.31202698,-0.26794434,-0.10481262,-0.081417084,-0.12110138,-0.14471817,-0.22552872,-0.16933441,-0.26843262,-0.34308624,-0.4769554,-0.5380211,-0.4939766,-0.65691376,-0.23950958,-1.3631248,-0.49858475
p861,-0.00040245056,-0.0004043579,-0.0004081726,-0.3074684,-0.105716705,-0.120643616,-0.24801254,-0.24205017,0.0,-0.37086487,-0.6346321,-0.36263275,-0.14829636,-0.32104492,-0.31078148,-0.24072647,-0.31269455,-0.2685089,-0.10503006,-0.0815773,-0.12134552,-0.1450119,-0.22600174,-0.16968155,-0.26898956,-0.343853,-0.47787476,-0.5392189,-0.4967537,-0.65937424,-0.2407608,-1.163105,-0.5014267
p862,-0.00044059753,-0.00044250488,-0.00044631958,-0.32095718,-0.110061646,-0.12558365,-0.25849533,-0.25224304,0.0,-0.3874359,-0.6687927,-0.35991287,-0.15446472,-0.33530807,-0.32442856,-0.2510109,-0.32641983,-0.2799759,-0.10934448,-0.08496094,-0.12634277,-0.15097427,-0.23557281,-0.17672348,-0.2803955,-0.3569336,-0.5006752,-0.5575409,-0.48480988,-0.65660095,-0.24050522,-0.86289215,-0.51517105
p863,-0.0004348755,-0.0004348755,-0.0004386902,-0.31937027,-0.109550476,-0.125,-0.25726318,-0.25104523,0.0,-0.38554,-0.66537476,-0.35845184,-0.15373993,-0.33364105,-0.32281685,-0.24980545,-0.32479858,-0.2786293,-0.10883331,-0.084560394,-0.12575912,-0.15027237,-0.23444366,-0.17589188,-0.2790451,-0.35521317,-0.49822235,-0.5539589,-0.48259735,-0.650856,-0.2399559,-0.835083,-0.5161705
p864,-0.0004310608,-0.0004310608,-0.0004386902,-0.31882095,-0.109375,-0.12479782,-0.25683594,-0.25063324,0.0,-0.3848877,-0.66415787,-0.3582878,-0.15348816,-0.3330536,-0.32226372,-0.24938583,-0.32424164,-0.2781601,-0.10865784,-0.08442688,-0.12555313,-0.15002441,-0.23405457,-0.17560959,-0.27858734,-0.35462952,-0.49736786,-0.5525894,-0.48228455,-0.6486664,-0.24015045,-0.8217926,-0.51810074
p865,-0.00026512146,-0.0002670288,-0.0002708435,-0.21468735,-0.07519913,-0.08589172,-0.1750412,-0.17102814,0.0,-0.25328064,-0.36689377,-1.0316124,-0.10515213,-0.22322845,-0.21702576,-0.1693306,-0.21835709,-0.18891907,-0.07474136,-0.057884216,-0.086250305,-0.1031189,-0.15940475,-0.12039566,-0.18973541,-0.2637825,-0.298481,-0.35677338,-0.5011368,-0.4201851,-0.2703743,-0.39056778,-0.31253815
p866,-0.0002670288,-0.0002670288,-0.0002746582,-0.2154274,-0.07545471,-0.08618164,-0.17564392,-0.1716156,0.0,-0.25452042,-0.3733139,-0.88300705,-0.1055069,-0.22402191,-0.21776581,-0.16991806,-0.21910477,-0.18956757,-0.07498932,-0.05808258,-0.08654785,-0.103466034,-0.15995407,-0.12080383,-0.19038391,-0.26326752,-0.3018837,-0.36099243,-0.51712036,-0.42830276,-0.2900467,-0.39978027,-0.323143
p867,-0.0004196167,-0.0004196167,-0.0004272461,-0.32484436,-0.111312866,-0.12699509,-0.26151276,-0.25517273,0.0,-0.392231,-0.6794281,-0.35796356,-0.15623856,-0.33942413,-0.32835197,-0.2539749,-0.33036804,-0.28327942,-0.110580444,-0.085933685,-0.12778854,-0.1526947,-0.23832321,-0.17874908,-0.28367615,-0.3605423,-0.5076523,-0.56111526,-0.479084,-0.64992905,-0.24030304,-0.7863617,-0.52267456
p868,-0.00043678284,-0.0004386902,-0.00044250488,-0.3245697,-0.11122131,-0.12689972,-0.26130295,-0.25496292,0.0,-0.391922,-0.6789284,-0.35752106,-0.15611267,-0.33913422,-0.3280754,-0.2537651,-0.33008957,-0.28304672,-0.11049271,-0.085868835,-0.12768173,-0.152565,-0.23812866,-0.17860413,-0.28343964,-0.36019516,-0.50728226,-0.5599327,-0.4781952,-0.64733887,-0.24030685,-0.7835083,-0.52433777
p869,-0.00044059753,-0.00044250488,-0.00045013428,-0.33047485,-0.1131134,-0.12905502,-0.26588058,-0.2594223,0.0,-0.39912033,-0.69397736,-0.35838318,-0.15879822,-0.3453827,-0.33404732,-0.25826263,-0.3360939,-0.28806305,-0.11237335,-0.087337494,-0.12986374,-0.15517044,-0.24230957,-0.18167877,-0.28842163,-0.36593246,-0.51742554,-0.5663147,-0.47663116,-0.6452522,-0.24196243,-0.75393677,-0.53557205
p870,-0.0004386902,-0.0004348755,-0.00044250488,-0.32904816,-0.11265564,-0.12853241,-0.26477432,-0.25834656,0.0,-0.3974228,-0.6907425,-0.35723495,-0.15815353,-0.3438797,-0.33260536,-0.25717163,-0.33464813,-0.2868538,-0.11192322,-0.08698273,-0.12934113,-0.15454102,-0.24130249,-0.18093109,-0.28722382,-0.3644371,-0.5151291,-0.56380844,-0.4750557,-0.6425171,-0.24135971,-0.7526169,-0.53505325
p871,-0.00046730042,-0.00046539307,-0.00047302246,-0.3360901,-0.114910126,-0.13109207,-0.27023315,-0.26365662,0.0,-0.40613174,-0.7125397,-0.35388565,-0.16135406,-0.3513527,-0.3397274,-0.2625351,-0.34181213,-0.29283524,-0.114151,-0.0887413,-0.1319313,-0.15763474,-0.24628067,-0.18458557,-0.2931633,-0.3707199,-0.52814865,-0.5666847,-0.46643066,-0.6274414,-0.24036026,-0.71001434,-0.54198074
p872,-0.00045776367,-0.00046157837,-0.00046539307,-0.33436203,-0.11435318,-0.13047409,-0.268898,-0.2623558,0.0,-0.40402603,-0.70757675,-0.3540802,-0.16057205,-0.34952927,-0.33797836,-0.26121902,-0.34005356,-0.29136276,-0.11359787,-0.08830643,-0.13129425,-0.1568718,-0.24506378,-0.18369675,-0.2917137,-0.3690529,-0.5250511,-0.5645561,-0.4667282,-0.6271553,-0.2410469,-0.71187973,-0.54631424
p873,-0.00042152405,-0.0004196167,-0.0004272461,-0.32541656,-0.11149216,-0.12721252,-0.26195908,-0.2556076,0.0,-0.3929596,-0.6809082,-0.35826492,-0.15649796,-0.34002686,-0.32893562,-0.2544136,-0.3309517,-0.2837715,-0.110759735,-0.086071014,-0.12799835,-0.15294266,-0.23873138,-0.17904282,-0.28415298,-0.3610382,-0.5086937,-0.56059647,-0.4788437,-0.64679337,-0.2411766,-0.7800484,-0.5283432
p874,-0.00044059753,-0.00044250488,-0.00045013428,-0.3213234,-0.1101799,-0.12571716,-0.25878525,-0.2525177,0.0,-0.38795853,-0.67053604,-0.35832977,-0.15462875,-0.3357048,-0.32479477,-0.25129318,-0.32679367,-0.28029633,-0.10945892,-0.085048676,-0.1264801,-0.15113068,-0.23583221,-0.17691422,-0.2807083,-0.35704422,-0.50167847,-0.55530167,-0.4808693,-0.64694595,-0.24077606,-0.79727936,-0.5236168
p875,-0.0004348755,-0.0004310608,-0.0004386902,-0.31908798,-0.10945511,-0.124897,-0.25704193,-0.2508278,0.0,-0.3852005,-0.66470337,-0.359066,-0.15361023,-0.33333206,-0.32253075,-0.2495842,-0.32450867,-0.27838516,-0.10874176,-0.084487915,-0.12565613,-0.15014648,-0.2342453,-0.17573929,-0.2788124,-0.35491562,-0.4977951,-0.5526352,-0.48321915,-0.6482887,-0.24100113,-0.81308746,-0.5216713
p876,-0.0004196167,-0.000415802,-0.0004234314,-0.31549835,-0.10830307,-0.12358475,-0.2542534,-0.24811554,0.0,-0.38082504,-0.655941,-0.35883713,-0.1519661,-0.32954407,-0.31890106,-0.24684906,-0.32086182,-0.27534485,-0.10759735,-0.083595276,-0.124320984,-0.14856339,-0.23169708,-0.1738739,-0.2757759,-0.35136795,-0.49181366,-0.5474205,-0.4840927,-0.6465111,-0.24094772,-0.8253975,-0.52111435
p877,-0.0004119873,-0.0004081726,-0.000415802,-0.3134308,-0.10763931,-0.12282562,-0.2526474,-0.24655533,0.0,-0.37828827,-0.65092087,-0.35892105,-0.1510315,-0.32736206,-0.31681442,-0.24526978,-0.31876373,-0.27357483,-0.10693741,-0.08307266,-0.12355423,-0.14764404,-0.23023224,-0.17279053,-0.2740326,-0.34933472,-0.4883957,-0.54439926,-0.48493195,-0.64556885,-0.24111557,-0.83245087,-0.5214615
p878,-0.00019454956,-0.00019454956,-0.00019836426,-0.15139389,-0.05382538,-0.061527252,-0.12463379,-0.121925354,0.0,-0.18101883,-0.29337692,-0.30374908,-0.075107574,-0.15727615,-0.15306854,-0.12013245,-0.15402222,-0.13417053,-0.053520203,-0.041366577,-0.061717987,-0.07380295,-0.11338425,-0.08605194,-0.13511658,-0.18006134,-0.2244339,-0.2614708,-0.33095932,-0.3103218,-0.3205757,-0.31695938,-0.41511536
p879,-0.00022697449,-0.00022506714,-0.00022888184,-0.17855453,-0.06309891,-0.07209396,-0.14643097,-0.14317322,0.0,-0.21392441,-0.35116577,-0.3116684,-0.08811951,-0.1856575,-0.18049622,-0.14134216,-0.1816063,-0.15780258,-0.06272125,-0.048519135,-0.07236099,-0.08651352,-0.13325882,-0.100940704,-0.15873718,-0.20864105,-0.26802444,-0.30626678,-0.35066605,-0.35783005,-0.30940247,-0.3774681,-0.51927185
p880,-0.00024414062,-0.00024414062,-0.00025177002,-0.20388031,-0.0716629,-0.081855774,-0.16663742,-0.16286087,0.0,-0.2448082,-0.40658188,-0.3158722,-0.100162506,-0.21213913,-0.20606232,-0.16104889,-0.20732498,-0.17974472,-0.0712204,-0.055137634,-0.08218765,-0.09825516,-0.1517067,-0.1146965,-0.18064499,-0.23498917,-0.30996323,-0.34830475,-0.36777878,-0.40211105,-0.29520798,-0.43491364,-0.60658264
p881,-0.00028419495,-0.0002861023,-0.000289917,-0.22635269,-0.07917786,-0.0904274,-0.18446732,-0.180233,0.0,-0.27230453,-0.45778656,-0.31847763,-0.11076355,-0.23568726,-0.22875977,-0.1784668,-0.2301712,-0.19914627,-0.078697205,-0.06096649,-0.09083557,-0.10858154,-0.16798401,-0.12681198,-0.19997787,-0.25821686,-0.34767532,-0.3862114,-0.3824196,-0.4419899,-0.27999878,-0.48698807,-0.679863
p882,-0.00030136108,-0.00030136108,-0.00030899048,-0.24593735,-0.085674286,-0.09782028,-0.1999321,-0.19528198,0.0,-0.29628754,-0.5025444,-0.323143,-0.11992264,-0.25626755,-0.24855423,-0.19358826,-0.25008774,-0.21599197,-0.08514786,-0.06600571,-0.098293304,-0.11748886,-0.18209839,-0.13727951,-0.21675491,-0.27850342,-0.3803177,-0.41932297,-0.3970108,-0.47727203,-0.2692566,-0.5326462,-0.7437935
p883,-0.0003528595,-0.00035095215,-0.00035858154,-0.26309586,-0.091300964,-0.10422897,-0.21339798,-0.20838547,0.0,-0.31733322,-0.5412636,-0.3286476,-0.12788773,-0.27432632,-0.26589012,-0.20677185,-0.26753998,-0.23067856,-0.09072876,-0.07036972,-0.104766846,-0.12522125,-0.19438553,-0.14636612,-0.23138428,-0.29624557,-0.408432,-0.4480629,-0.4109764,-0.508255,-0.2618866,-0.57255554,-0.80236435
p884,-0.00037574768,-0.00037765503,-0.00038146973,-0.27841568,-0.09630203,-0.1099205,-0.22538757,-0.22005844,0.0,-0.33607483,-0.5756035,-0.33432007,-0.13496017,-0.2904892,-0.2813835,-0.21852112,-0.28313065,-0.24377441,-0.095687866,-0.0742569,-0.11051941,-0.1320839,-0.20533371,-0.15445709,-0.24442291,-0.31204987,-0.43321228,-0.4735489,-0.42416763,-0.5360489,-0.25649643,-0.6083641,-0.73814774
p885,-0.00045394897,-0.00045394897,-0.00045394897,-0.3325348,-0.113773346,-0.1298027,-0.26748657,-0.2609787,0.0,-0.40180206,-0.7024498,-0.3542595,-0.15973663,-0.3475952,-0.33613205,-0.2598343,-0.3381958,-0.2898178,-0.11302185,-0.08785248,-0.13062286,-0.15607834,-0.24376678,-0.18274307,-0.2901764,-0.3672943,-0.5217972,-0.562233,-0.4669571,-0.6266403,-0.24180222,-0.71357346,-0.55114365
p886,-0.00044441223,-0.00044250488,-0.00045013428,-0.33034515,-0.11307144,-0.12900162,-0.26578522,-0.25933456,0.0,-0.39914322,-0.6965294,-0.35427094,-0.158741,-0.3452797,-0.3339119,-0.25816345,-0.3359642,-0.28796005,-0.112327576,-0.08730316,-0.12981415,-0.15510559,-0.24222183,-0.1816063,-0.28833008,-0.36512756,-0.5179405,-0.5589371,-0.46665192,-0.6245842,-0.24285889,-0.7130966,-0.55901337
p887,-0.0004348755,-0.0004348755,-0.0004386902,-0.328125,-0.11236191,-0.12819672,-0.26407242,-0.25766373,0.0,-0.39644623,-0.69057083,-0.35435867,-0.1577301,-0.34294128,-0.33166695,-0.25648117,-0.3337059,-0.2860756,-0.11162186,-0.086753845,-0.12899399,-0.15413284,-0.2406578,-0.18045807,-0.2864647,-0.36294937,-0.5140419,-0.5556793,-0.46648026,-0.6226883,-0.24396515,-0.7130203,-0.5669174
p888,-0.00044441223,-0.00044250488,-0.00044631958,-0.3257866,-0.11161423,-0.12734604,-0.26226044,-0.25590515,0.0,-0.39359665,-0.68442917,-0.35440445,-0.15666962,-0.34046555,-0.32930183,-0.2546959,-0.33132553,-0.28409195,-0.11087799,-0.08616638,-0.12813187,-0.15310287,-0.2389946,-0.17924118,-0.2844925,-0.3606453,-0.5099869,-0.55223083,-0.46616745,-0.6205368,-0.24515152,-0.71256256,-0.5755577
p889,-0.00037956238,-0.00037765503,-0.00038528442,-0.29276276,-0.10095978,-0.115226746,-0.23658752,-0.23094177,0.0,-0.35357285,-0.6077194,-0.3401413,-0.14156342,-0.3056183,-0.2958889,-0.229496,-0.2977295,-0.25600433,-0.100307465,-0.07788086,-0.115875244,-0.13847351,-0.2155571,-0.16199112,-0.25658417,-0.3268013,-0.45624542,-0.49737167,-0.43704605,-0.5622978,-0.25221634,-0.64224625,-0.6824951
p890,-0.00039291382,-0.00039291382,-0.00039672852,-0.30474854,-0.104839325,-0.11963272,-0.24591827,-0.24001694,0.0,-0.36815643,-0.6349106,-0.34524918,-0.1470604,-0.318264,-0.30801773,-0.23865128,-0.30992126,-0.26620865,-0.10416031,-0.08089447,-0.120334625,-0.14380264,-0.22407913,-0.1682663,-0.26672745,-0.33911514,-0.47551346,-0.51747894,-0.44818115,-0.58464813,-0.24887085,-0.6712074,-0.63759613
p891,-0.00045013428,-0.00045013428,-0.00045394897,-0.32327652,-0.11080551,-0.12643051,-0.26031494,-0.25400543,0.0,-0.39053726,-0.6780014,-0.3542862,-0.15552902,-0.33781052,-0.32675743,-0.2527771,-0.32876968,-0.28196335,-0.11008453,-0.08554077,-0.1272049,-0.15200043,-0.23721695,-0.17793655,-0.28237152,-0.3581581,-0.50569534,-0.54842377,-0.4654503,-0.61772156,-0.24640656,-0.7109566,-0.5854721
p892,-0.00043678284,-0.0004386902,-0.00044631958,-0.3202629,-0.10983658,-0.12532425,-0.25797272,-0.2517357,0.0,-0.3869171,-0.67095566,-0.35245514,-0.15415192,-0.33462906,-0.3237133,-0.2504921,-0.32570648,-0.2794075,-0.109119415,-0.084789276,-0.126091,-0.1506691,-0.23508835,-0.1763649,-0.27983093,-0.35505676,-0.50076675,-0.5435486,-0.46264648,-0.6128998,-0.2459526,-0.70607376,-0.5885658
p893,-0.00090026855,-0.00089645386,-0.00090408325,-0.6519394,-0.19698715,-0.22414398,-0.46762085,-0.45109558,0.0,-0.56661606,-0.31420898,-0.20375061,-0.27833557,-0.59008026,-0.66937447,-0.4813881,-0.6745529,-0.51507187,-0.1955185,-0.15333557,-0.2263794,-0.2695961,-0.43740845,-0.31657028,-0.49709702,-0.45466232,-0.4420967,-0.33159256,-0.22612381,-0.27635956,-0.11835861,-0.2805977,-0.20893478
p894,-0.0008945465,-0.00089645386,-0.00090408325,-0.65834045,-0.1956482,-0.22257614,-0.46365738,-0.44638062,0.0,-0.5516243,-0.3062477,-0.19857025,-0.27638626,-0.57733536,-0.67741966,-0.48231506,-0.6827202,-0.5118675,-0.19419098,-0.15237427,-0.22480011,-0.26758957,-0.43595886,-0.31404495,-0.49050522,-0.4427681,-0.4306755,-0.32305527,-0.22042084,-0.26939774,-0.115371704,-0.27353668,-0.20368195
p895,-0.00077819824,-0.00077819824,-0.00078201294,-0.5766678,-0.20246124,-0.23077393,-0.4877777,-0.47942734,0.0,-0.54543686,-0.30207825,-0.1957016,-0.2865219,-0.6947479,-0.57756424,-0.457119,-0.5780411,-0.5264282,-0.20096207,-0.15680695,-0.2329979,-0.27868652,-0.43555832,-0.32889557,-0.5432205,-0.43568802,-0.4251976,-0.31842804,-0.21734619,-0.2657051,-0.11375427,-0.26982117,-0.20090866
p896,-0.0008029938,-0.0008010864,-0.0008087158,-0.58730316,-0.20592499,-0.23471451,-0.49642944,-0.4879036,0.0,-0.5553932,-0.30737686,-0.19914627,-0.29150772,-0.7078972,-0.58821297,-0.46530914,-0.5886841,-0.5358772,-0.20439911,-0.15952301,-0.23700333,-0.2834587,-0.4432869,-0.33459473,-0.5529442,-0.4435501,-0.4327774,-0.32409668,-0.22114182,-0.27033997,-0.115737915,-0.27452087,-0.20440292
p897,-0.00077819824,-0.00077819824,-0.00078201294,-0.5766678,-0.20246124,-0.23077393,-0.4877777,-0.47942734,0.0,-0.54543686,-0.30207825,-0.1957016,-0.2865219,-0.6947479,-0.57756424,-0.457119,-0.5780411,-0.5264282,-0.20096207,-0.15680695,-0.2329979,-0.27868652,-0.43555832,-0.32889557,-0.5432205,-0.43568802,-0.4251976,-0.31842804,-0.21734619,-0.2657051,-0.11375427,-0.26982117,-0.20090866
p898,-0.00081062317,-0.0008087158,-0.0008163452,-0.58410263,-0.20625687,-0.23511505,-0.49788666,-0.48933792,0.0,-0.5376892,-0.29810333,-0.1931305,-0.29201508,-0.7311783,-0.5837383,-0.46443176,-0.58327484,-0.5376053,-0.2047348,-0.15975189,-0.23740768,-0.2840004,-0.44353104,-0.33530807,-0.5542183,-0.42981339,-0.41939163,-0.31417465,-0.21451187,-0.2622261,-0.11227417,-0.2662964,-0.19828796
p899,-0.0008201599,-0.0008201599,-0.0008239746,-0.5914345,-0.20909119,-0.23833084,-0.50535583,-0.49632645,0.0,-0.533062,-0.29573822,-0.19159698,-0.29608536,-0.7625847,-0.5900898,-0.47068405,-0.5888672,-0.5463257,-0.2075386,-0.16195297,-0.2406807,-0.28791428,-0.4498253,-0.34000778,-0.5612793,-0.42632675,-0.41594696,-0.31164932,-0.21282196,-0.26016998,-0.11138916,-0.26420975,-0.19673157
p900,-0.00077819824,-0.00077819824,-0.00078201294,-0.5766678,-0.20246124,-0.23077393,-0.4877777,-0.47942734,0.0,-0.54543686,-0.30207825,-0.1957016,-0.2865219,-0.6947479,-0.57756424,-0.457119,-0.5780411,-0.5264282,-0.20096207,-0.15680695,-0.2329979,-0.27868652,-0.43555832,-0.32889557,-0.5432205,-0.43568802,-0.4251976,-0.31842804,-0.21734619,-0.2657051,-0.11375427,-0.26982117,-0.20090866
p901,-0.00078964233,-0.00078582764,-0.00079345703,-0.58280945,-0.21039963,-0.2399025,-0.5083847,-0.50318146,0.0,-0.5430069,-0.30088425,-0.19493484,-0.29799652,-0.70907974,-0.5829849,-0.46758652,-0.5830803,-0.5447769,-0.20884705,-0.16281891,-0.2422409,-0.29003143,-0.4495926,-0.34283066,-0.5779877,-0.43395996,-0.42341995,-0.31715393,-0.21649933,-0.26465225,-0.11330795,-0.26876068,-0.20011902
p902,-0.00081062317,-0.0008125305,-0.0008163452,-0.5888939,-0.2186966,-0.24944687,-0.52978134,-0.52869034,0.0,-0.54267883,-0.30078125,-0.19487762,-0.31001663,-0.7122536,-0.5885391,-0.47823715,-0.58831024,-0.56336975,-0.21707153,-0.16908646,-0.25191498,-0.30192566,-0.46403122,-0.35749054,-0.61800003,-0.43381882,-0.4232216,-0.3170395,-0.21643066,-0.26457214,-0.11328125,-0.26867676,-0.20005798
p903,-0.0008125305,-0.0008125305,-0.0008163452,-0.59589386,-0.23024368,-0.2627182,-0.5595665,-0.5652275,0.0,-0.53723145,-0.29803848,-0.19309235,-0.32674026,-0.71863556,-0.5944729,-0.4923401,-0.59353256,-0.5891037,-0.22850418,-0.17778778,-0.26538086,-0.31850815,-0.4837761,-0.37802505,-0.67874527,-0.42972183,-0.41918564,-0.31409836,-0.21447372,-0.26218414,-0.1122551,-0.26625443,-0.198246
p904,-0.00082206726,-0.0008201599,-0.0008277893,-0.59513474,-0.21973419,-0.2505989,-0.53281784,-0.5299339,0.0,-0.5346184,-0.29659653,-0.19215775,-0.31149292,-0.7465019,-0.5935936,-0.4823532,-0.59238815,-0.56868744,-0.21809006,-0.1699524,-0.25310135,-0.303257,-0.46738052,-0.35898972,-0.6148033,-0.42763138,-0.41716003,-0.31257248,-0.21344376,-0.26092148,-0.11171341,-0.2649765,-0.19729996
p905,-0.0009288788,-0.00093078613,-0.00093460083,-0.66031265,-0.17749405,-0.20173645,-0.41568375,-0.39494324,0.0,-0.4340515,-0.24328613,-0.15763855,-0.25030136,-0.4746666,-1.782795,-0.46150208,-0.65605927,-0.46635818,-0.1761818,-0.13864899,-0.20371628,-0.2417984,-0.4040146,-0.2826271,-0.42594147,-0.34941864,-0.34074402,-0.25582886,-0.17528915,-0.21424484,-0.09176636,-0.21764374,-0.16207504
