{"type": "FeatureCollection", "features": [{"type": "Feature", "geometry": {"type": "LineString", "coordinates": [[724.95, 1097.08], [725.87, 1121.15]]}, "properties": {"pipe": "p1", "zone": 9, "length_m": 26.9292, "diameter_mm": 200.0}}, {"type": "Feature", "geometry": {"type": "LineString", "coordinates": [[722.29, 1043.96], [722.95, 1058.3]]}, "properties": {"pipe": "p2", "zone": 9, "length_m": 14.3481, "diameter_mm": 150.0}}, {"type": "Feature", "geometry": {"type": "LineString", "coordinates": [[1161.0, 1063.44], [1190.11, 1028.08]]}, "properties": {"pipe": "p3", "zone": 7, "length_m": 50.1267, "diameter_mm": 200.0}}, {"type": "Feature", "geometry": {"type": "LineString", "coordinates": [[745.58, 918.67], [716.36, 917.96]]}, "properties": {"pipe": "p4", "zone": 9, "length_m": 29.2259, "diameter_mm": 100.0}}, {"type": "Feature", "geometry": {"type": "LineString", "coordinates": [[271.28, 1480.96], [274.23, 1504.56]]}, "properties": {"pipe": "p5", "zone": 11, "length_m": 23.7879, "diameter_mm": 100.0}}, {"type": "Feature", "geometry": {"type": "LineString", "coordinates": [[271.09, 1281.28], [302.24, 1279.26]]}, "properties": {"pipe": "p6", "zone": 11, "length_m": 31.2114, "diameter_mm": 100.0}}, {"type": "Feature", "geometry": {"type": "LineString", "coordinates": [[261.33, 1361.98], [256.54, 1318.85]]}, "properties": {"pipe": "p7", "zone": 11, "length_m": 43.3995, "diameter_mm": 100.0}}, {"type": "Feature", "geometry": {"type": "LineString", "coordinates": [[525.83, 1490.19], [575.55, 1471.84]]}, "properties": {"pipe": "p8", "zone": 11, "length_m": 53.0045, "diameter_mm": 100.0}}, {"type": "Feature", "geometry": {"type": "LineString", "coordinates": [[719.53, 990.91], [722.29, 1043.96]]}, "properties": {"pipe": "p9", "zone": 9, "length_m": 53.1261, "diameter_mm": 150.0}}, {"type": "Feature", "geometry": {"type": "LineString", "coordinates": [[574.86, 1216.08], [617.95, 1261.56]]}, "properties": {"pipe": "p10", "zone": 9, "length_m": 62.6501, "diameter_mm": 100.0}}, {"type": "Feature", "geometry": {"type": "LineString", "coordinates": [[369.97, 1543.26], [361.45, 1475.42]]}, "properties": {"pipe": "p11", "zone": 11, "length_m": 68.3713, "diameter_mm": 100.0}}, {"type": "Feature", "geometry": {"type": "LineString", "coordinates": [[256.54, 1318.85], [186.62, 1326.65]]}, "properties": {"pipe": "p12", "zone": 11, "length_m": 70.3494, "diameter_mm": 100.0}}, {"type": "Feature", "geometry": {"type": "LineString", "coordinates": [[361.51, 1100.77], [378.84, 1136.18]]}, "properties": {"pipe": "p13", "zone": 2, "length_m": 49.4422, "diameter_mm": 100.0}}, {"type": "Feature", "geometry": {"type": "LineString", "coordinates": [[302.24, 1279.26], [336.37, 1277.06]]}, "properties": {"pipe": "p14", "zone": 11, "length_m": 34.2032, "diameter_mm": 100.0}}, {"type": "Feature", "geometry": {"type": "LineString", "coordinates": [[344.84, 1347.41], [336.37, 1277.06]]}, "properties": {"pipe": "p15", "zone": 11, "length_m": 72.2253, "diameter_mm": 100.0}}, {"type": "Feature", "geometry": {"type": "LineString", "coordinates": [[336.37, 1277.06], [331.16, 1227.21]]}, "properties": {"pipe": "p16", "zone": 11, "length_m": 50.1237, "diameter_mm": 100.0}}, {"type": "Feature", "geometry": {"type": "LineString", "coordinates": [[331.16, 1227.21], [325.78, 1173.23]]}, "properties": {"pipe": "p17", "zone": 2, "length_m": 54.2489, "diameter_mm": 100.0}}, {"type": "Feature", "geometry": {"type": "LineString", "coordinates": [[331.16, 1227.21], [393.3, 1207.5]]}, "properties": {"pipe": "p18", "zone": 2, "length_m": 65.191, "diameter_mm": 100.0}}, {"type": "Feature", "geometry": {"type": "LineString", "coordinates": [[181.22, 914.67], [195.95, 860.16]]}, "properties": {"pipe": "p19", "zone": 2, "length_m": 56.4633, "diameter_mm": 100.0}}, {"type": "Feature", "geometry": {"type": "LineString", "coordinates": [[309.66, 1037.48], [305.94, 1008.07]]}, "properties": {"pipe": "p20", "zone": 2, "length_m": 29.6436, "diameter_mm": 100.0}}, {"type": "Feature", "geometry": {"type": "LineString", "coordinates": [[378.84, 1136.18], [423.91, 1120.35]]}, "properties": {"pipe": "p21", "zone": 2, "length_m": 47.7731, "diameter_mm": 100.0}}, {"type": "Feature", "geometry": {"type": "LineString", "coordinates": [[305.94, 1008.07], [300.29, 964.57]]}, "properties": {"pipe": "p22", "zone": 2, "length_m": 43.8692, "diameter_mm": 100.0}}, {"type": "Feature", "geometry": {"type": "LineString", "coordinates": [[482.97, 1314.28], [478.09, 1296.3]]}, "properties": {"pipe": "p23", "zone": 11, "length_m": 18.6286, "diameter_mm": 100.0}}, {"type": "Feature", "geometry": {"type": "LineString", "coordinates": [[478.09, 1296.3], [525.89, 1281.28]]}, "properties": {"pipe": "p24", "zone": 11, "length_m": 50.1077, "diameter_mm": 100.0}}, {"type": "Feature", "geometry": {"type": "LineString", "coordinates": [[300.29, 964.57], [292.4, 892.5]]}, "properties": {"pipe": "p25", "zone": 2, "length_m": 72.5123, "diameter_mm": 100.0}}, {"type": "Feature", "geometry": {"type": "LineString", "coordinates": [[423.91, 1120.35], [405.03, 1063.3]]}, "properties": {"pipe": "p26", "zone": 2, "length_m": 60.0953, "diameter_mm": 100.0}}, {"type": "Feature", "geometry": {"type": "LineString", "coordinates": [[292.4, 892.5], [288.82, 853.94]]}, "properties": {"pipe": "p27", "zone": 2, "length_m": 38.7224, "diameter_mm": 100.0}}, {"type": "Feature", "geometry": {"type": "LineString", "coordinates": [[525.89, 1281.28], [566.53, 1268.51]]}, "properties": {"pipe": "p28", "zone": 11, "length_m": 42.5986, "diameter_mm": 100.0}}, {"type": "Feature", "geometry": {"type": "LineString", "coordinates": [[405.03, 1063.3], [460.34, 1032.96]]}, "properties": {"pipe": "p29", "zone": 2, "length_m": 63.0851, "diameter_mm": 100.0}}, {"type": "Feature", "geometry": {"type": "LineString", "coordinates": [[405.03, 1063.3], [389.45, 1016.1]]}, "properties": {"pipe": "p30", "zone": 2, "length_m": 49.6992, "diameter_mm": 100.0}}, {"type": "Feature", "geometry": {"type": "LineString", "coordinates": [[370.29, 938.65], [403.76, 973.45]]}, "properties": {"pipe": "p31", "zone": 2, "length_m": 48.2914, "diameter_mm": 100.0}}, {"type": "Feature", "geometry": {"type": "LineString", "coordinates": [[403.76, 973.45], [432.65, 1003.48]]}, "properties": {"pipe": "p32", "zone": 2, "length_m": 41.6678, "diameter_mm": 100.0}}, {"type": "Feature", "geometry": {"type": "LineString", "coordinates": [[432.65, 1003.48], [460.34, 1032.96]]}, "properties": {"pipe": "p33", "zone": 2, "length_m": 40.4763, "diameter_mm": 100.0}}, {"type": "Feature", "geometry": {"type": "LineString", "coordinates": [[727.0, 1399.94], [777.67, 1368.09]]}, "properties": {"pipe": "p34", "zone": 9, "length_m": 59.8532, "diameter_mm": 100.0}}, {"type": "Feature", "geometry": {"type": "LineString", "coordinates": [[445.94, 892.44], [444.76, 848.99]]}, "properties": {"pipe": "p35", "zone": 2, "length_m": 43.4704, "diameter_mm": 100.0}}, {"type": "Feature", "geometry": {"type": "LineString", "coordinates": [[512.28, 995.79], [566.99, 994.58]]}, "properties": {"pipe": "p36", "zone": 2, "length_m": 54.7204, "diameter_mm": 150.0}}, {"type": "Feature", "geometry": {"type": "LineString", "coordinates": [[621.8, 1124.08], [609.29, 1055.0]]}, "properties": {"pipe": "p37", "zone": 9, "length_m": 70.2049, "diameter_mm": 100.0}}, {"type": "Feature", "geometry": {"type": "LineString", "coordinates": [[716.93, 1123.7], [725.87, 1121.15]]}, "properties": {"pipe": "p38", "zone": 9, "length_m": 9.2891, "diameter_mm": 100.0}}, {"type": "Feature", "geometry": {"type": "LineString", "coordinates": [[725.87, 1121.15], [760.67, 1111.34]]}, "properties": {"pipe": "p39", "zone": 9, "length_m": 36.1551, "diameter_mm": 200.0}}, {"type": "Feature", "geometry": {"type": "LineString", "coordinates": [[724.95, 1097.08], [722.95, 1058.3]]}, "properties": {"pipe": "p40", "zone": 9, "length_m": 38.8374, "diameter_mm": 150.0}}, {"type": "Feature", "geometry": {"type": "LineString", "coordinates": [[761.12, 1142.36], [760.67, 1111.34]]}, "properties": {"pipe": "p41", "zone": 9, "length_m": 31.0239, "diameter_mm": 100.0}}, {"type": "Feature", "geometry": {"type": "LineString", "coordinates": [[855.04, 1060.67], [856.14, 1039.65]]}, "properties": {"pipe": "p42", "zone": 9, "length_m": 21.0441, "diameter_mm": 100.0}}, {"type": "Feature", "geometry": {"type": "LineString", "coordinates": [[856.14, 1039.65], [857.37, 1016.18]]}, "properties": {"pipe": "p43", "zone": 9, "length_m": 23.5016, "diameter_mm": 100.0}}, {"type": "Feature", "geometry": {"type": "LineString", "coordinates": [[857.37, 1016.18], [861.89, 948.46]]}, "properties": {"pipe": "p44", "zone": 9, "length_m": 67.8761, "diameter_mm": 100.0}}, {"type": "Feature", "geometry": {"type": "LineString", "coordinates": [[861.89, 948.46], [866.29, 878.52]]}, "properties": {"pipe": "p45", "zone": 7, "length_m": 70.0781, "diameter_mm": 100.0}}, {"type": "Feature", "geometry": {"type": "LineString", "coordinates": [[954.16, 1031.85], [946.9, 1007.57]]}, "properties": {"pipe": "p46", "zone": 7, "length_m": 25.3446, "diameter_mm": 100.0}}, {"type": "Feature", "geometry": {"type": "LineString", "coordinates": [[866.29, 878.52], [869.08, 831.04]]}, "properties": {"pipe": "p47", "zone": 7, "length_m": 47.5553, "diameter_mm": 100.0}}, {"type": "Feature", "geometry": {"type": "LineString", "coordinates": [[946.9, 1007.57], [943.91, 956.0]]}, "properties": {"pipe": "p48", "zone": 7, "length_m": 53.1109, "diameter_mm": 100.0}}, {"type": "Feature", "geometry": {"type": "LineString", "coordinates": [[1142.52, 1079.08], [1161.0, 1063.44]]}, "properties": {"pipe": "p49", "zone": 7, "length_m": 24.2068, "diameter_mm": 200.0}}, {"type": "Feature", "geometry": {"type": "LineString", "coordinates": [[1097.78, 876.0], [1140.09, 898.21]]}, "properties": {"pipe": "p50", "zone": 7, "length_m": 50.8867, "diameter_mm": 100.0}}, {"type": "Feature", "geometry": {"type": "LineString", "coordinates": [[1140.09, 898.21], [1163.25, 905.36]]}, "properties": {"pipe": "p51", "zone": 7, "length_m": 24.2356, "diameter_mm": 100.0}}, {"type": "Feature", "geometry": {"type": "LineString", "coordinates": [[1140.09, 898.21], [1126.66, 943.79]]}, "properties": {"pipe": "p52", "zone": 7, "length_m": 47.5179, "diameter_mm": 100.0}}, {"type": "Feature", "geometry": {"type": "LineString", "coordinates": [[1925.46, 770.1], [1898.19, 772.99]]}, "properties": {"pipe": "p53", "zone": 1, "length_m": 27.4204, "diameter_mm": 100.0}}, {"type": "Feature", "geometry": {"type": "LineString", "coordinates": [[2196.79, 519.11], [2196.9, 506.88]]}, "properties": {"pipe": "p54", "zone": 1, "length_m": 12.2248, "diameter_mm": 100.0}}, {"type": "Feature", "geometry": {"type": "LineString", "coordinates": [[2167.05, 677.06], [2200.09, 674.83]]}, "properties": {"pipe": "p55", "zone": 1, "length_m": 33.1081, "diameter_mm": 100.0}}, {"type": "Feature", "geometry": {"type": "LineString", "coordinates": [[2476.94, 457.71], [2476.35, 445.43]]}, "properties": {"pipe": "p56", "zone": 6, "length_m": 12.2948, "diameter_mm": 100.0}}, {"type": "Feature", "geometry": {"type": "LineString", "coordinates": [[1562.62, 897.08], [1558.86, 845.7]]}, "properties": {"pipe": "p57", "zone": 5, "length_m": 51.5234, "diameter_mm": 150.0}}, {"type": "Feature", "geometry": {"type": "LineString", "coordinates": [[2197.04, 535.91], [2196.79, 519.11]]}, "properties": {"pipe": "p58", "zone": 1, "length_m": 16.8101, "diameter_mm": 100.0}}, {"type": "Feature", "geometry": {"type": "LineString", "coordinates": [[2141.65, 606.4], [2198.62, 603.33]]}, "properties": {"pipe": "p59", "zone": 1, "length_m": 57.0476, "diameter_mm": 100.0}}, {"type": "Feature", "geometry": {"type": "LineString", "coordinates": [[2478.53, 499.12], [2479.41, 518.68]]}, "properties": {"pipe": "p60", "zone": 6, "length_m": 19.5812, "diameter_mm": 100.0}}, {"type": "Feature", "geometry": {"type": "LineString", "coordinates": [[2371.48, 789.98], [2425.74, 786.58]]}, "properties": {"pipe": "p61", "zone": 12, "length_m": 54.3635, "diameter_mm": 100.0}}, {"type": "Feature", "geometry": {"type": "LineString", "coordinates": [[2334.02, 792.33], [2371.48, 789.98]]}, "properties": {"pipe": "p62", "zone": 12, "length_m": 37.5392, "diameter_mm": 100.0}}, {"type": "Feature", "geometry": {"type": "LineString", "coordinates": [[2371.48, 789.98], [2367.0, 724.4]]}, "properties": {"pipe": "p63", "zone": 12, "length_m": 65.7292, "diameter_mm": 100.0}}, {"type": "Feature", "geometry": {"type": "LineString", "coordinates": [[2405.76, 668.93], [2412.43, 668.54]]}, "properties": {"pipe": "p64", "zone": 6, "length_m": 6.6814, "diameter_mm": 100.0}}, {"type": "Feature", "geometry": {"type": "LineString", "coordinates": [[2538.56, 967.69], [2541.76, 937.82]]}, "properties": {"pipe": "p65", "zone": 12, "length_m": 30.0446, "diameter_mm": 100.0}}, {"type": "Feature", "geometry": {"type": "LineString", "coordinates": [[2046.96, 894.6], [2004.39, 894.55]]}, "properties": {"pipe": "p66", "zone": 1, "length_m": 42.5781, "diameter_mm": 100.0}}, {"type": "Feature", "geometry": {"type": "LineString", "coordinates": [[2103.63, 889.65], [2103.47, 894.66]]}, "properties": {"pipe": "p67", "zone": 1, "length_m": 5.017, "diameter_mm": 100.0}}, {"type": "Feature", "geometry": {"type": "LineString", "coordinates": [[2055.01, 692.25], [2055.32, 682.07]]}, "properties": {"pipe": "p68", "zone": 1, "length_m": 10.1846, "diameter_mm": 100.0}}, {"type": "Feature", "geometry": {"type": "LineString", "coordinates": [[2750.64, 847.75], [2754.25, 825.67]]}, "properties": {"pipe": "p69", "zone": 12, "length_m": 22.3779, "diameter_mm": 100.0}}, {"type": "Feature", "geometry": {"type": "LineString", "coordinates": [[2411.1, 516.74], [2363.37, 519.2]]}, "properties": {"pipe": "p70", "zone": 6, "length_m": 47.7865, "diameter_mm": 100.0}}, {"type": "Feature", "geometry": {"type": "LineString", "coordinates": [[2769.11, 427.91], [2747.2, 434.88]]}, "properties": {"pipe": "p71", "zone": 6, "length_m": 22.9926, "diameter_mm": 100.0}}, {"type": "Feature", "geometry": {"type": "LineString", "coordinates": [[1768.52, 456.83], [1771.99, 413.95]]}, "properties": {"pipe": "p72", "zone": 5, "length_m": 43.0228, "diameter_mm": 150.0}}, {"type": "Feature", "geometry": {"type": "LineString", "coordinates": [[1765.63, 499.29], [1768.52, 456.83]]}, "properties": {"pipe": "p73", "zone": 5, "length_m": 42.5596, "diameter_mm": 150.0}}, {"type": "Feature", "geometry": {"type": "LineString", "coordinates": [[1754.99, 555.7], [1765.63, 499.29]]}, "properties": {"pipe": "p74", "zone": 5, "length_m": 57.4031, "diameter_mm": 150.0}}, {"type": "Feature", "geometry": {"type": "LineString", "coordinates": [[1746.95, 576.21], [1754.99, 555.7]]}, "properties": {"pipe": "p75", "zone": 5, "length_m": 22.0221, "diameter_mm": 150.0}}, {"type": "Feature", "geometry": {"type": "LineString", "coordinates": [[1732.87, 611.57], [1746.95, 576.21]]}, "properties": {"pipe": "p76", "zone": 5, "length_m": 38.0635, "diameter_mm": 150.0}}, {"type": "Feature", "geometry": {"type": "LineString", "coordinates": [[2411.1, 516.74], [2411.41, 522.16]]}, "properties": {"pipe": "p77", "zone": 6, "length_m": 5.4292, "diameter_mm": 63.0}}, {"type": "Feature", "geometry": {"type": "LineString", "coordinates": [[1848.77, 391.16], [1847.97, 400.33]]}, "properties": {"pipe": "p78", "zone": 1, "length_m": 9.2131, "diameter_mm": 63.0}}, {"type": "Feature", "geometry": {"type": "LineString", "coordinates": [[1641.48, 840.68], [1641.78, 845.18]]}, "properties": {"pipe": "p79", "zone": 5, "length_m": 4.5125, "diameter_mm": 150.0}}, {"type": "Feature", "geometry": {"type": "LineString", "coordinates": [[1898.19, 772.99], [1895.25, 717.74]]}, "properties": {"pipe": "p80", "zone": 1, "length_m": 55.3305, "diameter_mm": 100.0}}, {"type": "Feature", "geometry": {"type": "LineString", "coordinates": [[203.17, 77.03], [194.1, 136.42]]}, "properties": {"pipe": "p81", "zone": 8, "length_m": 60.0801, "diameter_mm": 75.0}}, {"type": "Feature", "geometry": {"type": "LineString", "coordinates": [[194.1, 136.42], [182.34, 147.27]]}, "properties": {"pipe": "p82", "zone": 8, "length_m": 15.9998, "diameter_mm": 100.0}}, {"type": "Feature", "geometry": {"type": "LineString", "coordinates": [[796.45, 254.0], [783.83, 249.68]]}, "properties": {"pipe": "p83", "zone": 4, "length_m": 13.3385, "diameter_mm": 100.0}}, {"type": "Feature", "geometry": {"type": "LineString", "coordinates": [[934.43, 751.2], [912.7, 758.45]]}, "properties": {"pipe": "p84", "zone": 7, "length_m": 22.9046, "diameter_mm": 100.0}}, {"type": "Feature", "geometry": {"type": "LineString", "coordinates": [[1088.53, 487.69], [1072.1, 487.17]]}, "properties": {"pipe": "p85", "zone": 3, "length_m": 16.4364, "diameter_mm": 100.0}}, {"type": "Feature", "geometry": {"type": "LineString", "coordinates": [[779.88, 662.72], [803.43, 664.31]]}, "properties": {"pipe": "p86", "zone": 4, "length_m": 23.6026, "diameter_mm": 63.0}}, {"type": "Feature", "geometry": {"type": "LineString", "coordinates": [[682.2, 421.82], [713.2, 445.23]]}, "properties": {"pipe": "p87", "zone": 4, "length_m": 38.8514, "diameter_mm": 150.0}}, {"type": "Feature", "geometry": {"type": "LineString", "coordinates": [[872.72, 528.28], [893.49, 538.09]]}, "properties": {"pipe": "p88", "zone": 4, "length_m": 22.9683, "diameter_mm": 150.0}}, {"type": "Feature", "geometry": {"type": "LineString", "coordinates": [[686.52, 649.74], [623.81, 629.64]]}, "properties": {"pipe": "p89", "zone": 4, "length_m": 65.8594, "diameter_mm": 150.0}}, {"type": "Feature", "geometry": {"type": "LineString", "coordinates": [[441.66, 560.52], [424.38, 555.28]]}, "properties": {"pipe": "p90", "zone": 10, "length_m": 18.0551, "diameter_mm": 150.0}}, {"type": "Feature", "geometry": {"type": "LineString", "coordinates": [[698.87, 585.63], [699.42, 580.32]]}, "properties": {"pipe": "p91", "zone": 4, "length_m": 5.3428, "diameter_mm": 150.0}}, {"type": "Feature", "geometry": {"type": "LineString", "coordinates": [[314.52, 498.03], [314.25, 505.08]]}, "properties": {"pipe": "p92", "zone": 10, "length_m": 7.0501, "diameter_mm": 160.0}}, {"type": "Feature", "geometry": {"type": "LineString", "coordinates": [[956.08, 289.28], [936.66, 285.66]]}, "properties": {"pipe": "p93", "zone": 4, "length_m": 19.7515, "diameter_mm": 160.0}}, {"type": "Feature", "geometry": {"type": "LineString", "coordinates": [[1107.83, 487.78], [1088.53, 487.69]]}, "properties": {"pipe": "p94", "zone": 3, "length_m": 19.3019, "diameter_mm": 100.0}}, {"type": "Feature", "geometry": {"type": "LineString", "coordinates": [[280.55, 763.35], [331.42, 760.19]]}, "properties": {"pipe": "p95", "zone": 10, "length_m": 51.7831, "diameter_mm": 100.0}}, {"type": "Feature", "geometry": {"type": "LineString", "coordinates": [[215.29, 564.74], [208.68, 502.81]]}, "properties": {"pipe": "p96", "zone": 10, "length_m": 63.2939, "diameter_mm": 100.0}}, {"type": "Feature", "geometry": {"type": "LineString", "coordinates": [[208.68, 502.81], [275.55, 502.64]]}, "properties": {"pipe": "p97", "zone": 10, "length_m": 66.9802, "diameter_mm": 100.0}}, {"type": "Feature", "geometry": {"type": "LineString", "coordinates": [[290.47, 557.11], [313.2, 556.67]]}, "properties": {"pipe": "p98", "zone": 10, "length_m": 22.7331, "diameter_mm": 100.0}}, {"type": "Feature", "geometry": {"type": "LineString", "coordinates": [[275.55, 502.64], [274.45, 441.94]]}, "properties": {"pipe": "p99", "zone": 10, "length_m": 60.7132, "diameter_mm": 100.0}}, {"type": "Feature", "geometry": {"type": "LineString", "coordinates": [[275.55, 502.64], [314.25, 505.08]]}, "properties": {"pipe": "p100", "zone": 10, "length_m": 39.3009, "diameter_mm": 100.0}}, {"type": "Feature", "geometry": {"type": "LineString", "coordinates": [[313.2, 556.67], [314.25, 505.08]]}, "properties": {"pipe": "p101", "zone": 10, "length_m": 51.6094, "diameter_mm": 160.0}}, {"type": "Feature", "geometry": {"type": "LineString", "coordinates": [[171.01, 279.19], [240.32, 280.96]]}, "properties": {"pipe": "p102", "zone": 8, "length_m": 69.3344, "diameter_mm": 100.0}}, {"type": "Feature", "geometry": {"type": "LineString", "coordinates": [[171.01, 279.19], [163.99, 239.76]]}, "properties": {"pipe": "p103", "zone": 8, "length_m": 47.1926, "diameter_mm": 100.0}}, {"type": "Feature", "geometry": {"type": "LineString", "coordinates": [[332.64, 554.96], [384.78, 555.06]]}, "properties": {"pipe": "p104", "zone": 10, "length_m": 52.1526, "diameter_mm": 150.0}}, {"type": "Feature", "geometry": {"type": "LineString", "coordinates": [[415.72, 658.53], [465.63, 663.63]]}, "properties": {"pipe": "p105", "zone": 10, "length_m": 50.1743, "diameter_mm": 100.0}}, {"type": "Feature", "geometry": {"type": "LineString", "coordinates": [[415.72, 658.53], [417.4, 638.33]]}, "properties": {"pipe": "p106", "zone": 10, "length_m": 20.2696, "diameter_mm": 100.0}}, {"type": "Feature", "geometry": {"type": "LineString", "coordinates": [[384.78, 555.06], [424.38, 555.28]]}, "properties": {"pipe": "p107", "zone": 10, "length_m": 39.6039, "diameter_mm": 150.0}}, {"type": "Feature", "geometry": {"type": "LineString", "coordinates": [[240.32, 280.96], [256.48, 288.69]]}, "properties": {"pipe": "p108", "zone": 8, "length_m": 17.9183, "diameter_mm": 100.0}}, {"type": "Feature", "geometry": {"type": "LineString", "coordinates": [[240.32, 280.96], [246.15, 255.65]]}, "properties": {"pipe": "p109", "zone": 8, "length_m": 25.9671, "diameter_mm": 100.0}}, {"type": "Feature", "geometry": {"type": "LineString", "coordinates": [[465.63, 663.63], [458.67, 732.35]]}, "properties": {"pipe": "p110", "zone": 10, "length_m": 69.0704, "diameter_mm": 200.0}}, {"type": "Feature", "geometry": {"type": "LineString", "coordinates": [[256.48, 288.69], [323.81, 290.36]]}, "properties": {"pipe": "p111", "zone": 8, "length_m": 67.3462, "diameter_mm": 100.0}}, {"type": "Feature", "geometry": {"type": "LineString", "coordinates": [[270.57, 166.58], [283.28, 126.16]]}, "properties": {"pipe": "p112", "zone": 8, "length_m": 42.3661, "diameter_mm": 63.0}}, {"type": "Feature", "geometry": {"type": "LineString", "coordinates": [[382.8, 206.77], [430.85, 241.21]]}, "properties": {"pipe": "p113", "zone": 8, "length_m": 59.1164, "diameter_mm": 150.0}}, {"type": "Feature", "geometry": {"type": "LineString", "coordinates": [[513.76, 388.27], [556.44, 328.41]]}, "properties": {"pipe": "p114", "zone": 8, "length_m": 73.5155, "diameter_mm": 100.0}}, {"type": "Feature", "geometry": {"type": "LineString", "coordinates": [[601.12, 532.38], [635.34, 483.62]]}, "properties": {"pipe": "p115", "zone": 4, "length_m": 59.6311, "diameter_mm": 100.0}}, {"type": "Feature", "geometry": {"type": "LineString", "coordinates": [[373.51, 131.03], [362.92, 164.59]]}, "properties": {"pipe": "p116", "zone": 8, "length_m": 35.1911, "diameter_mm": 100.0}}, {"type": "Feature", "geometry": {"type": "LineString", "coordinates": [[768.02, 804.56], [827.24, 810.58]]}, "properties": {"pipe": "p117", "zone": 7, "length_m": 60.9268, "diameter_mm": 100.0}}, {"type": "Feature", "geometry": {"type": "LineString", "coordinates": [[686.52, 649.74], [698.87, 585.63]]}, "properties": {"pipe": "p118", "zone": 4, "length_m": 65.2915, "diameter_mm": 150.0}}, {"type": "Feature", "geometry": {"type": "LineString", "coordinates": [[827.24, 810.58], [877.85, 782.22]]}, "properties": {"pipe": "p119", "zone": 7, "length_m": 58.0354, "diameter_mm": 100.0}}, {"type": "Feature", "geometry": {"type": "LineString", "coordinates": [[699.42, 580.32], [704.16, 533.84]]}, "properties": {"pipe": "p120", "zone": 4, "length_m": 46.7217, "diameter_mm": 150.0}}, {"type": "Feature", "geometry": {"type": "LineString", "coordinates": [[556.44, 328.41], [588.0, 351.62]]}, "properties": {"pipe": "p121", "zone": 4, "length_m": 39.1766, "diameter_mm": 150.0}}, {"type": "Feature", "geometry": {"type": "LineString", "coordinates": [[588.0, 351.62], [617.83, 373.57]]}, "properties": {"pipe": "p122", "zone": 4, "length_m": 37.0322, "diameter_mm": 150.0}}, {"type": "Feature", "geometry": {"type": "LineString", "coordinates": [[877.85, 782.22], [912.7, 758.45]]}, "properties": {"pipe": "p123", "zone": 7, "length_m": 44.4612, "diameter_mm": 100.0}}, {"type": "Feature", "geometry": {"type": "LineString", "coordinates": [[713.2, 445.23], [756.81, 470.46]]}, "properties": {"pipe": "p124", "zone": 4, "length_m": 50.3933, "diameter_mm": 150.0}}, {"type": "Feature", "geometry": {"type": "LineString", "coordinates": [[756.81, 470.46], [800.83, 492.62]]}, "properties": {"pipe": "p125", "zone": 4, "length_m": 49.2863, "diameter_mm": 150.0}}, {"type": "Feature", "geometry": {"type": "LineString", "coordinates": [[843.12, 600.12], [869.24, 622.9]]}, "properties": {"pipe": "p126", "zone": 4, "length_m": 35.6826, "diameter_mm": 100.0}}, {"type": "Feature", "geometry": {"type": "LineString", "coordinates": [[934.43, 751.2], [993.5, 734.78]]}, "properties": {"pipe": "p127", "zone": 7, "length_m": 61.3236, "diameter_mm": 100.0}}, {"type": "Feature", "geometry": {"type": "LineString", "coordinates": [[858.56, 521.58], [872.72, 528.28]]}, "properties": {"pipe": "p128", "zone": 4, "length_m": 15.6697, "diameter_mm": 150.0}}, {"type": "Feature", "geometry": {"type": "LineString", "coordinates": [[920.7, 627.75], [942.22, 629.54]]}, "properties": {"pipe": "p129", "zone": 4, "length_m": 21.5927, "diameter_mm": 100.0}}, {"type": "Feature", "geometry": {"type": "LineString", "coordinates": [[993.5, 734.78], [1067.85, 732.35]]}, "properties": {"pipe": "p130", "zone": 7, "length_m": 74.8142, "diameter_mm": 100.0}}, {"type": "Feature", "geometry": {"type": "LineString", "coordinates": [[942.22, 629.54], [953.71, 566.54]]}, "properties": {"pipe": "p131", "zone": 4, "length_m": 64.0853, "diameter_mm": 100.0}}, {"type": "Feature", "geometry": {"type": "LineString", "coordinates": [[893.49, 538.09], [928.9, 554.77]]}, "properties": {"pipe": "p132", "zone": 4, "length_m": 39.144, "diameter_mm": 150.0}}, {"type": "Feature", "geometry": {"type": "LineString", "coordinates": [[733.72, 232.53], [783.83, 249.68]]}, "properties": {"pipe": "p133", "zone": 4, "length_m": 52.9645, "diameter_mm": 100.0}}, {"type": "Feature", "geometry": {"type": "LineString", "coordinates": [[928.9, 554.77], [953.71, 566.54]]}, "properties": {"pipe": "p134", "zone": 4, "length_m": 27.4612, "diameter_mm": 150.0}}, {"type": "Feature", "geometry": {"type": "LineString", "coordinates": [[796.45, 254.0], [835.46, 264.94]]}, "properties": {"pipe": "p135", "zone": 4, "length_m": 40.5201, "diameter_mm": 100.0}}, {"type": "Feature", "geometry": {"type": "LineString", "coordinates": [[1003.16, 589.53], [1034.08, 604.93]]}, "properties": {"pipe": "p136", "zone": 3, "length_m": 34.5469, "diameter_mm": 100.0}}, {"type": "Feature", "geometry": {"type": "LineString", "coordinates": [[866.5, 274.35], [898.57, 277.14]]}, "properties": {"pipe": "p137", "zone": 4, "length_m": 36.7448, "diameter_mm": 160.0}}, {"type": "Feature", "geometry": {"type": "LineString", "coordinates": [[1034.08, 604.93], [1090.25, 587.4]]}, "properties": {"pipe": "p138", "zone": 3, "length_m": 59.382, "diameter_mm": 100.0}}, {"type": "Feature", "geometry": {"type": "LineString", "coordinates": [[1034.08, 604.93], [1056.46, 630.41]]}, "properties": {"pipe": "p139", "zone": 3, "length_m": 33.9307, "diameter_mm": 100.0}}, {"type": "Feature", "geometry": {"type": "LineString", "coordinates": [[1090.25, 587.4], [1137.55, 583.51]]}, "properties": {"pipe": "p140", "zone": 3, "length_m": 47.4653, "diameter_mm": 100.0}}, {"type": "Feature", "geometry": {"type": "LineString", "coordinates": [[956.08, 289.28], [1025.24, 301.64]]}, "properties": {"pipe": "p141", "zone": 4, "length_m": 70.2576, "diameter_mm": 160.0}}, {"type": "Feature", "geometry": {"type": "LineString", "coordinates": [[1137.55, 583.51], [1192.63, 581.02]]}, "properties": {"pipe": "p142", "zone": 3, "length_m": 55.1296, "diameter_mm": 100.0}}, {"type": "Feature", "geometry": {"type": "LineString", "coordinates": [[1113.87, 317.46], [1185.25, 330.18]]}, "properties": {"pipe": "p143", "zone": 3, "length_m": 72.4956, "diameter_mm": 160.0}}, {"type": "Feature", "geometry": {"type": "LineString", "coordinates": [[1506.54, 582.04], [1508.93, 554.08]]}, "properties": {"pipe": "p144", "zone": 5, "length_m": 28.0628, "diameter_mm": 100.0}}, {"type": "Feature", "geometry": {"type": "LineString", "coordinates": [[1612.65, 644.21], [1636.63, 668.44]]}, "properties": {"pipe": "p145", "zone": 5, "length_m": 38.1162, "diameter_mm": 100.0}}, {"type": "Feature", "geometry": {"type": "LineString", "coordinates": [[1612.65, 644.21], [1629.01, 592.81]]}, "properties": {"pipe": "p146", "zone": 5, "length_m": 54.0342, "diameter_mm": 100.0}}, {"type": "Feature", "geometry": {"type": "LineString", "coordinates": [[1704.52, 382.32], [1638.34, 378.76]]}, "properties": {"pipe": "p147", "zone": 5, "length_m": 66.2774, "diameter_mm": 100.0}}, {"type": "Feature", "geometry": {"type": "LineString", "coordinates": [[1632.35, 565.57], [1636.29, 517.86]]}, "properties": {"pipe": "p148", "zone": 5, "length_m": 47.8699, "diameter_mm": 100.0}}, {"type": "Feature", "geometry": {"type": "LineString", "coordinates": [[1632.35, 565.57], [1672.42, 568.34]]}, "properties": {"pipe": "p149", "zone": 5, "length_m": 40.1662, "diameter_mm": 100.0}}, {"type": "Feature", "geometry": {"type": "LineString", "coordinates": [[1636.29, 517.86], [1699.15, 522.98]]}, "properties": {"pipe": "p150", "zone": 5, "length_m": 63.0672, "diameter_mm": 100.0}}, {"type": "Feature", "geometry": {"type": "LineString", "coordinates": [[1638.94, 452.0], [1701.69, 458.21]]}, "properties": {"pipe": "p151", "zone": 5, "length_m": 63.0563, "diameter_mm": 100.0}}, {"type": "Feature", "geometry": {"type": "LineString", "coordinates": [[1638.94, 452.0], [1638.34, 378.76]]}, "properties": {"pipe": "p152", "zone": 5, "length_m": 74.4208, "diameter_mm": 100.0}}, {"type": "Feature", "geometry": {"type": "LineString", "coordinates": [[1641.78, 845.18], [1690.26, 842.71]]}, "properties": {"pipe": "p153", "zone": 5, "length_m": 48.5425, "diameter_mm": 100.0}}, {"type": "Feature", "geometry": {"type": "LineString", "coordinates": [[1690.26, 842.71], [1691.99, 782.26]]}, "properties": {"pipe": "p154", "zone": 5, "length_m": 60.488, "diameter_mm": 100.0}}, {"type": "Feature", "geometry": {"type": "LineString", "coordinates": [[1712.94, 623.74], [1732.87, 611.57]]}, "properties": {"pipe": "p155", "zone": 5, "length_m": 23.4907, "diameter_mm": 150.0}}, {"type": "Feature", "geometry": {"type": "LineString", "coordinates": [[1904.17, 894.73], [1901.18, 834.14]]}, "properties": {"pipe": "p156", "zone": 1, "length_m": 60.668, "diameter_mm": 100.0}}, {"type": "Feature", "geometry": {"type": "LineString", "coordinates": [[1746.95, 576.21], [1774.41, 580.5]]}, "properties": {"pipe": "p157", "zone": 5, "length_m": 27.7914, "diameter_mm": 100.0}}, {"type": "Feature", "geometry": {"type": "LineString", "coordinates": [[1901.18, 834.14], [1898.19, 772.99]]}, "properties": {"pipe": "p158", "zone": 1, "length_m": 61.2183, "diameter_mm": 100.0}}, {"type": "Feature", "geometry": {"type": "LineString", "coordinates": [[1754.99, 555.7], [1793.43, 546.2]]}, "properties": {"pipe": "p159", "zone": 5, "length_m": 39.5957, "diameter_mm": 100.0}}, {"type": "Feature", "geometry": {"type": "LineString", "coordinates": [[1765.63, 499.29], [1797.82, 479.88]]}, "properties": {"pipe": "p160", "zone": 5, "length_m": 38.8919, "diameter_mm": 100.0}}, {"type": "Feature", "geometry": {"type": "LineString", "coordinates": [[1895.25, 717.74], [1893.1, 683.37]]}, "properties": {"pipe": "p161", "zone": 1, "length_m": 34.4356, "diameter_mm": 100.0}}, {"type": "Feature", "geometry": {"type": "LineString", "coordinates": [[1768.52, 456.83], [1805.93, 436.45]]}, "properties": {"pipe": "p162", "zone": 5, "length_m": 43.5216, "diameter_mm": 100.0}}, {"type": "Feature", "geometry": {"type": "LineString", "coordinates": [[1889.11, 627.98], [1952.82, 622.69]]}, "properties": {"pipe": "p163", "zone": 1, "length_m": 63.9285, "diameter_mm": 150.0}}, {"type": "Feature", "geometry": {"type": "LineString", "coordinates": [[2101.21, 945.9], [2103.47, 894.66]]}, "properties": {"pipe": "p164", "zone": 1, "length_m": 51.2817, "diameter_mm": 100.0}}, {"type": "Feature", "geometry": {"type": "LineString", "coordinates": [[2103.63, 889.65], [2162.96, 890.35]]}, "properties": {"pipe": "p165", "zone": 1, "length_m": 59.3324, "diameter_mm": 100.0}}, {"type": "Feature", "geometry": {"type": "LineString", "coordinates": [[1998.45, 693.21], [2055.01, 692.25]]}, "properties": {"pipe": "p166", "zone": 1, "length_m": 56.564, "diameter_mm": 100.0}}, {"type": "Feature", "geometry": {"type": "LineString", "coordinates": [[1930.12, 446.34], [1906.63, 447.86]]}, "properties": {"pipe": "p167", "zone": 1, "length_m": 23.5371, "diameter_mm": 100.0}}, {"type": "Feature", "geometry": {"type": "LineString", "coordinates": [[2118.18, 680.81], [2167.05, 677.06]]}, "properties": {"pipe": "p168", "zone": 1, "length_m": 49.0169, "diameter_mm": 100.0}}, {"type": "Feature", "geometry": {"type": "LineString", "coordinates": [[2200.09, 674.83], [2198.62, 603.33]]}, "properties": {"pipe": "p169", "zone": 1, "length_m": 71.5203, "diameter_mm": 100.0}}, {"type": "Feature", "geometry": {"type": "LineString", "coordinates": [[2093.38, 482.16], [2160.98, 478.77]]}, "properties": {"pipe": "p170", "zone": 1, "length_m": 67.6756, "diameter_mm": 100.0}}, {"type": "Feature", "geometry": {"type": "LineString", "coordinates": [[2393.77, 985.03], [2409.17, 938.26]]}, "properties": {"pipe": "p171", "zone": 12, "length_m": 49.2362, "diameter_mm": 100.0}}, {"type": "Feature", "geometry": {"type": "LineString", "coordinates": [[2409.17, 938.26], [2426.89, 885.77]]}, "properties": {"pipe": "p172", "zone": 12, "length_m": 55.4012, "diameter_mm": 100.0}}, {"type": "Feature", "geometry": {"type": "LineString", "coordinates": [[2426.89, 885.77], [2429.12, 832.94]]}, "properties": {"pipe": "p173", "zone": 12, "length_m": 53.2009, "diameter_mm": 100.0}}, {"type": "Feature", "geometry": {"type": "LineString", "coordinates": [[2429.12, 832.94], [2425.74, 786.58]]}, "properties": {"pipe": "p174", "zone": 12, "length_m": 46.4828, "diameter_mm": 100.0}}, {"type": "Feature", "geometry": {"type": "LineString", "coordinates": [[2367.0, 724.4], [2408.92, 721.88]]}, "properties": {"pipe": "p175", "zone": 12, "length_m": 41.9889, "diameter_mm": 100.0}}, {"type": "Feature", "geometry": {"type": "LineString", "coordinates": [[2347.17, 665.86], [2405.76, 668.93]]}, "properties": {"pipe": "p176", "zone": 6, "length_m": 58.7628, "diameter_mm": 100.0}}, {"type": "Feature", "geometry": {"type": "LineString", "coordinates": [[2347.17, 665.86], [2342.02, 593.81]]}, "properties": {"pipe": "p177", "zone": 6, "length_m": 72.2297, "diameter_mm": 100.0}}, {"type": "Feature", "geometry": {"type": "LineString", "coordinates": [[2408.92, 721.88], [2405.76, 668.93]]}, "properties": {"pipe": "p178", "zone": 6, "length_m": 53.0485, "diameter_mm": 100.0}}, {"type": "Feature", "geometry": {"type": "LineString", "coordinates": [[2541.76, 937.82], [2544.48, 918.13]]}, "properties": {"pipe": "p179", "zone": 12, "length_m": 19.8689, "diameter_mm": 100.0}}, {"type": "Feature", "geometry": {"type": "LineString", "coordinates": [[2544.48, 918.13], [2547.28, 884.0]]}, "properties": {"pipe": "p180", "zone": 12, "length_m": 34.2525, "diameter_mm": 100.0}}, {"type": "Feature", "geometry": {"type": "LineString", "coordinates": [[2544.48, 918.13], [2576.89, 923.8]]}, "properties": {"pipe": "p181", "zone": 12, "length_m": 32.9042, "diameter_mm": 100.0}}, {"type": "Feature", "geometry": {"type": "LineString", "coordinates": [[2682.87, 1050.98], [2719.49, 1060.34]]}, "properties": {"pipe": "p182", "zone": 12, "length_m": 37.7973, "diameter_mm": 200.0}}, {"type": "Feature", "geometry": {"type": "LineString", "coordinates": [[2487.38, 664.19], [2483.71, 601.56]]}, "properties": {"pipe": "p183", "zone": 6, "length_m": 62.7307, "diameter_mm": 100.0}}, {"type": "Feature", "geometry": {"type": "LineString", "coordinates": [[2411.41, 522.16], [2479.41, 518.68]]}, "properties": {"pipe": "p184", "zone": 6, "length_m": 68.0909, "diameter_mm": 100.0}}, {"type": "Feature", "geometry": {"type": "LineString", "coordinates": [[2483.71, 601.56], [2480.63, 546.14]]}, "properties": {"pipe": "p185", "zone": 6, "length_m": 55.5132, "diameter_mm": 100.0}}, {"type": "Feature", "geometry": {"type": "LineString", "coordinates": [[2693.1, 823.77], [2754.25, 825.67]]}, "properties": {"pipe": "p186", "zone": 12, "length_m": 61.1814, "diameter_mm": 100.0}}, {"type": "Feature", "geometry": {"type": "LineString", "coordinates": [[2476.35, 445.43], [2483.8, 395.24]]}, "properties": {"pipe": "p187", "zone": 6, "length_m": 54.0415, "diameter_mm": 100.0}}, {"type": "Feature", "geometry": {"type": "LineString", "coordinates": [[2750.64, 847.75], [2811.17, 856.43]]}, "properties": {"pipe": "p188", "zone": 12, "length_m": 61.1475, "diameter_mm": 100.0}}, {"type": "Feature", "geometry": {"type": "LineString", "coordinates": [[2754.25, 825.67], [2762.66, 771.21]]}, "properties": {"pipe": "p189", "zone": 12, "length_m": 55.1111, "diameter_mm": 100.0}}, {"type": "Feature", "geometry": {"type": "LineString", "coordinates": [[2555.67, 439.01], [2560.37, 398.41]]}, "properties": {"pipe": "p190", "zone": 6, "length_m": 40.8704, "diameter_mm": 100.0}}, {"type": "Feature", "geometry": {"type": "LineString", "coordinates": [[2764.13, 701.69], [2768.23, 647.61]]}, "properties": {"pipe": "p191", "zone": 6, "length_m": 54.231, "diameter_mm": 100.0}}, {"type": "Feature", "geometry": {"type": "LineString", "coordinates": [[2772.13, 534.16], [2763.89, 495.26]]}, "properties": {"pipe": "p192", "zone": 6, "length_m": 39.7874, "diameter_mm": 100.0}}, {"type": "Feature", "geometry": {"type": "LineString", "coordinates": [[2763.89, 495.26], [2747.2, 434.88]]}, "properties": {"pipe": "p193", "zone": 6, "length_m": 62.6495, "diameter_mm": 100.0}}, {"type": "Feature", "geometry": {"type": "LineString", "coordinates": [[2769.11, 427.91], [2820.89, 411.44]]}, "properties": {"pipe": "p194", "zone": 6, "length_m": 54.3392, "diameter_mm": 100.0}}, {"type": "Feature", "geometry": {"type": "LineString", "coordinates": [[1771.99, 413.95], [1704.52, 382.32]]}, "properties": {"pipe": "p195", "zone": 5, "length_m": 74.5207, "diameter_mm": 100.0}}, {"type": "Feature", "geometry": {"type": "LineString", "coordinates": [[226.16, 644.61], [281.88, 640.91]]}, "properties": {"pipe": "p196", "zone": 10, "length_m": 55.8465, "diameter_mm": 100.0}}, {"type": "Feature", "geometry": {"type": "LineString", "coordinates": [[441.66, 560.52], [474.04, 570.36]]}, "properties": {"pipe": "p197", "zone": 10, "length_m": 33.8464, "diameter_mm": 150.0}}, {"type": "Feature", "geometry": {"type": "LineString", "coordinates": [[557.63, 609.69], [623.81, 629.64]]}, "properties": {"pipe": "p198", "zone": 10, "length_m": 69.1173, "diameter_mm": 150.0}}, {"type": "Feature", "geometry": {"type": "LineString", "coordinates": [[430.85, 241.21], [491.67, 283.43]]}, "properties": {"pipe": "p199", "zone": 8, "length_m": 74.0429, "diameter_mm": 150.0}}, {"type": "Feature", "geometry": {"type": "LineString", "coordinates": [[652.08, 399.06], [682.2, 421.82]]}, "properties": {"pipe": "p200", "zone": 4, "length_m": 37.7536, "diameter_mm": 150.0}}, {"type": "Feature", "geometry": {"type": "LineString", "coordinates": [[869.24, 622.9], [920.7, 627.75]]}, "properties": {"pipe": "p201", "zone": 4, "length_m": 51.6878, "diameter_mm": 100.0}}, {"type": "Feature", "geometry": {"type": "LineString", "coordinates": [[800.83, 492.62], [858.56, 521.58]]}, "properties": {"pipe": "p202", "zone": 4, "length_m": 64.5793, "diameter_mm": 150.0}}, {"type": "Feature", "geometry": {"type": "LineString", "coordinates": [[953.71, 566.54], [1003.16, 589.53]]}, "properties": {"pipe": "p203", "zone": 4, "length_m": 54.529, "diameter_mm": 150.0}}, {"type": "Feature", "geometry": {"type": "LineString", "coordinates": [[835.46, 264.94], [866.5, 274.35]]}, "properties": {"pipe": "p204", "zone": 4, "length_m": 32.4311, "diameter_mm": 100.0}}, {"type": "Feature", "geometry": {"type": "LineString", "coordinates": [[1056.46, 630.41], [1077.3, 658.25]]}, "properties": {"pipe": "p205", "zone": 7, "length_m": 34.7762, "diameter_mm": 100.0}}, {"type": "Feature", "geometry": {"type": "LineString", "coordinates": [[898.57, 277.14], [936.66, 285.66]]}, "properties": {"pipe": "p206", "zone": 4, "length_m": 39.046, "diameter_mm": 160.0}}, {"type": "Feature", "geometry": {"type": "LineString", "coordinates": [[1629.01, 592.81], [1632.35, 565.57]]}, "properties": {"pipe": "p207", "zone": 5, "length_m": 27.4545, "diameter_mm": 100.0}}, {"type": "Feature", "geometry": {"type": "LineString", "coordinates": [[1641.78, 845.18], [1646.61, 914.36]]}, "properties": {"pipe": "p208", "zone": 5, "length_m": 69.3527, "diameter_mm": 150.0}}, {"type": "Feature", "geometry": {"type": "LineString", "coordinates": [[1893.1, 683.37], [1889.11, 627.98]]}, "properties": {"pipe": "p209", "zone": 1, "length_m": 55.53, "diameter_mm": 100.0}}, {"type": "Feature", "geometry": {"type": "LineString", "coordinates": [[2046.96, 894.6], [2103.47, 894.66]]}, "properties": {"pipe": "p210", "zone": 1, "length_m": 56.5037, "diameter_mm": 100.0}}, {"type": "Feature", "geometry": {"type": "LineString", "coordinates": [[1952.82, 622.69], [1982.68, 617.48]]}, "properties": {"pipe": "p211", "zone": 1, "length_m": 30.3174, "diameter_mm": 150.0}}, {"type": "Feature", "geometry": {"type": "LineString", "coordinates": [[1930.12, 446.34], [1925.52, 395.4]]}, "properties": {"pipe": "p212", "zone": 1, "length_m": 52.1305, "diameter_mm": 100.0}}, {"type": "Feature", "geometry": {"type": "LineString", "coordinates": [[2168.95, 737.97], [2167.05, 677.06]]}, "properties": {"pipe": "p213", "zone": 1, "length_m": 60.9402, "diameter_mm": 100.0}}, {"type": "Feature", "geometry": {"type": "LineString", "coordinates": [[2080.64, 583.4], [2101.07, 568.83]]}, "properties": {"pipe": "p214", "zone": 1, "length_m": 25.095, "diameter_mm": 150.0}}, {"type": "Feature", "geometry": {"type": "LineString", "coordinates": [[2198.62, 603.33], [2197.04, 535.91]]}, "properties": {"pipe": "p215", "zone": 1, "length_m": 67.4312, "diameter_mm": 100.0}}, {"type": "Feature", "geometry": {"type": "LineString", "coordinates": [[2673.29, 940.08], [2687.99, 900.08]]}, "properties": {"pipe": "p216", "zone": 12, "length_m": 42.8233, "diameter_mm": 100.0}}, {"type": "Feature", "geometry": {"type": "LineString", "coordinates": [[2480.63, 546.14], [2479.41, 518.68]]}, "properties": {"pipe": "p217", "zone": 6, "length_m": 27.4846, "diameter_mm": 100.0}}, {"type": "Feature", "geometry": {"type": "LineString", "coordinates": [[2478.53, 499.12], [2476.94, 457.71]]}, "properties": {"pipe": "p218", "zone": 6, "length_m": 41.4415, "diameter_mm": 100.0}}, {"type": "Feature", "geometry": {"type": "LineString", "coordinates": [[2557.96, 493.87], [2555.67, 439.01]]}, "properties": {"pipe": "p219", "zone": 6, "length_m": 54.9136, "diameter_mm": 100.0}}, {"type": "Feature", "geometry": {"type": "LineString", "coordinates": [[2762.66, 771.21], [2764.13, 701.69]]}, "properties": {"pipe": "p220", "zone": 12, "length_m": 69.6172, "diameter_mm": 100.0}}, {"type": "Feature", "geometry": {"type": "LineString", "coordinates": [[2768.23, 647.61], [2773.28, 581.82]]}, "properties": {"pipe": "p221", "zone": 6, "length_m": 65.9838, "diameter_mm": 100.0}}, {"type": "Feature", "geometry": {"type": "LineString", "coordinates": [[2773.28, 581.82], [2772.13, 534.16]]}, "properties": {"pipe": "p222", "zone": 6, "length_m": 47.8129, "diameter_mm": 100.0}}, {"type": "Feature", "geometry": {"type": "LineString", "coordinates": [[313.2, 556.67], [332.64, 554.96]]}, "properties": {"pipe": "p223", "zone": 10, "length_m": 19.5107, "diameter_mm": 150.0}}, {"type": "Feature", "geometry": {"type": "LineString", "coordinates": [[513.76, 388.27], [536.59, 415.93]]}, "properties": {"pipe": "p224", "zone": 8, "length_m": 35.8554, "diameter_mm": 100.0}}, {"type": "Feature", "geometry": {"type": "LineString", "coordinates": [[536.59, 415.93], [569.87, 439.74]]}, "properties": {"pipe": "p225", "zone": 4, "length_m": 40.9309, "diameter_mm": 100.0}}, {"type": "Feature", "geometry": {"type": "LineString", "coordinates": [[603.95, 462.8], [635.34, 483.62]]}, "properties": {"pipe": "p226", "zone": 4, "length_m": 37.6644, "diameter_mm": 100.0}}, {"type": "Feature", "geometry": {"type": "LineString", "coordinates": [[557.63, 609.69], [515.67, 589.07]]}, "properties": {"pipe": "p228", "zone": 10, "length_m": 46.7558, "diameter_mm": 150.0}}, {"type": "Feature", "geometry": {"type": "LineString", "coordinates": [[659.8, 795.05], [674.2, 852.92]]}, "properties": {"pipe": "p229", "zone": 10, "length_m": 59.6365, "diameter_mm": 100.0}}, {"type": "Feature", "geometry": {"type": "LineString", "coordinates": [[719.53, 990.91], [716.36, 917.96]]}, "properties": {"pipe": "p230", "zone": 9, "length_m": 73.0176, "diameter_mm": 100.0}}, {"type": "Feature", "geometry": {"type": "LineString", "coordinates": [[827.24, 810.58], [869.08, 831.04]]}, "properties": {"pipe": "p231", "zone": 7, "length_m": 46.5731, "diameter_mm": 100.0}}, {"type": "Feature", "geometry": {"type": "LineString", "coordinates": [[1130.99, 718.1], [1204.59, 707.94]]}, "properties": {"pipe": "p232", "zone": 7, "length_m": 74.298, "diameter_mm": 100.0}}, {"type": "Feature", "geometry": {"type": "LineString", "coordinates": [[520.55, 183.11], [571.03, 196.53]]}, "properties": {"pipe": "p233", "zone": 8, "length_m": 52.2341, "diameter_mm": 100.0}}, {"type": "Feature", "geometry": {"type": "LineString", "coordinates": [[474.04, 570.36], [515.67, 589.07]]}, "properties": {"pipe": "p234", "zone": 10, "length_m": 45.6381, "diameter_mm": 150.0}}, {"type": "Feature", "geometry": {"type": "LineString", "coordinates": [[1636.29, 517.86], [1638.94, 452.0]]}, "properties": {"pipe": "p236", "zone": 5, "length_m": 65.9148, "diameter_mm": 100.0}}, {"type": "Feature", "geometry": {"type": "LineString", "coordinates": [[1391.36, 762.78], [1395.96, 701.0]]}, "properties": {"pipe": "p237", "zone": 5, "length_m": 61.9464, "diameter_mm": 100.0}}, {"type": "Feature", "geometry": {"type": "LineString", "coordinates": [[617.83, 373.57], [652.08, 399.06]]}, "properties": {"pipe": "p238", "zone": 4, "length_m": 42.6918, "diameter_mm": 150.0}}, {"type": "Feature", "geometry": {"type": "LineString", "coordinates": [[548.48, 1153.26], [526.16, 1162.06]]}, "properties": {"pipe": "p240", "zone": 2, "length_m": 23.9926, "diameter_mm": 200.0}}, {"type": "Feature", "geometry": {"type": "LineString", "coordinates": [[158.93, 1233.34], [162.65, 1181.32]]}, "properties": {"pipe": "p241", "zone": 2, "length_m": 52.157, "diameter_mm": 100.0}}, {"type": "Feature", "geometry": {"type": "LineString", "coordinates": [[162.65, 1181.32], [167.14, 1118.61]]}, "properties": {"pipe": "p242", "zone": 2, "length_m": 62.8657, "diameter_mm": 100.0}}, {"type": "Feature", "geometry": {"type": "LineString", "coordinates": [[167.14, 1118.61], [170.68, 1059.78]]}, "properties": {"pipe": "p243", "zone": 2, "length_m": 58.9374, "diameter_mm": 100.0}}, {"type": "Feature", "geometry": {"type": "LineString", "coordinates": [[170.68, 1059.78], [177.12, 987.98]]}, "properties": {"pipe": "p244", "zone": 2, "length_m": 72.0893, "diameter_mm": 100.0}}, {"type": "Feature", "geometry": {"type": "LineString", "coordinates": [[177.12, 987.98], [181.22, 914.67]]}, "properties": {"pipe": "p245", "zone": 2, "length_m": 73.4228, "diameter_mm": 100.0}}, {"type": "Feature", "geometry": {"type": "LineString", "coordinates": [[361.45, 1475.42], [353.14, 1409.75]]}, "properties": {"pipe": "p246", "zone": 11, "length_m": 66.1972, "diameter_mm": 100.0}}, {"type": "Feature", "geometry": {"type": "LineString", "coordinates": [[353.14, 1409.75], [344.84, 1347.41]]}, "properties": {"pipe": "p247", "zone": 11, "length_m": 62.8912, "diameter_mm": 100.0}}, {"type": "Feature", "geometry": {"type": "LineString", "coordinates": [[393.3, 1207.5], [447.73, 1192.11]]}, "properties": {"pipe": "p248", "zone": 2, "length_m": 56.5717, "diameter_mm": 100.0}}, {"type": "Feature", "geometry": {"type": "LineString", "coordinates": [[424.85, 1329.87], [482.97, 1314.28]]}, "properties": {"pipe": "p249", "zone": 11, "length_m": 60.1765, "diameter_mm": 100.0}}, {"type": "Feature", "geometry": {"type": "LineString", "coordinates": [[439.91, 1391.07], [424.85, 1329.87]]}, "properties": {"pipe": "p250", "zone": 11, "length_m": 63.0229, "diameter_mm": 100.0}}, {"type": "Feature", "geometry": {"type": "LineString", "coordinates": [[314.66, 1113.15], [361.51, 1100.77]]}, "properties": {"pipe": "p251", "zone": 2, "length_m": 48.454, "diameter_mm": 100.0}}, {"type": "Feature", "geometry": {"type": "LineString", "coordinates": [[325.78, 1173.23], [314.66, 1113.15]]}, "properties": {"pipe": "p252", "zone": 2, "length_m": 61.1031, "diameter_mm": 100.0}}, {"type": "Feature", "geometry": {"type": "LineString", "coordinates": [[138.22, 1549.64], [135.02, 1617.66]]}, "properties": {"pipe": "p253", "zone": 11, "length_m": 68.097, "diameter_mm": 100.0}}, {"type": "Feature", "geometry": {"type": "LineString", "coordinates": [[135.02, 1617.66], [179.23, 1607.01]]}, "properties": {"pipe": "p254", "zone": 11, "length_m": 45.4723, "diameter_mm": 100.0}}, {"type": "Feature", "geometry": {"type": "LineString", "coordinates": [[179.23, 1607.01], [227.11, 1590.82]]}, "properties": {"pipe": "p255", "zone": 11, "length_m": 50.5431, "diameter_mm": 100.0}}, {"type": "Feature", "geometry": {"type": "LineString", "coordinates": [[227.11, 1590.82], [275.12, 1576.83]]}, "properties": {"pipe": "p256", "zone": 11, "length_m": 50.0042, "diameter_mm": 100.0}}, {"type": "Feature", "geometry": {"type": "LineString", "coordinates": [[275.12, 1576.83], [318.71, 1563.11]]}, "properties": {"pipe": "p257", "zone": 11, "length_m": 45.6975, "diameter_mm": 100.0}}, {"type": "Feature", "geometry": {"type": "LineString", "coordinates": [[318.71, 1563.11], [369.97, 1543.26]]}, "properties": {"pipe": "p258", "zone": 11, "length_m": 54.9718, "diameter_mm": 100.0}}, {"type": "Feature", "geometry": {"type": "LineString", "coordinates": [[274.23, 1504.56], [317.84, 1489.99]]}, "properties": {"pipe": "p259", "zone": 11, "length_m": 45.9778, "diameter_mm": 100.0}}, {"type": "Feature", "geometry": {"type": "LineString", "coordinates": [[317.84, 1489.99], [361.45, 1475.42]]}, "properties": {"pipe": "p260", "zone": 11, "length_m": 45.9758, "diameter_mm": 100.0}}, {"type": "Feature", "geometry": {"type": "LineString", "coordinates": [[271.28, 1480.96], [263.42, 1433.65]]}, "properties": {"pipe": "p261", "zone": 11, "length_m": 47.9576, "diameter_mm": 100.0}}, {"type": "Feature", "geometry": {"type": "LineString", "coordinates": [[263.42, 1433.65], [308.0, 1421.64]]}, "properties": {"pipe": "p262", "zone": 11, "length_m": 46.1673, "diameter_mm": 100.0}}, {"type": "Feature", "geometry": {"type": "LineString", "coordinates": [[308.0, 1421.64], [353.14, 1409.75]]}, "properties": {"pipe": "p263", "zone": 11, "length_m": 46.6814, "diameter_mm": 100.0}}, {"type": "Feature", "geometry": {"type": "LineString", "coordinates": [[158.93, 1233.34], [217.79, 1235.65]]}, "properties": {"pipe": "p264", "zone": 2, "length_m": 58.9057, "diameter_mm": 100.0}}, {"type": "Feature", "geometry": {"type": "LineString", "coordinates": [[217.79, 1235.65], [265.51, 1239.01]]}, "properties": {"pipe": "p265", "zone": 2, "length_m": 47.8409, "diameter_mm": 100.0}}, {"type": "Feature", "geometry": {"type": "LineString", "coordinates": [[265.51, 1239.01], [271.09, 1281.28]]}, "properties": {"pipe": "p266", "zone": 11, "length_m": 42.6386, "diameter_mm": 100.0}}, {"type": "Feature", "geometry": {"type": "LineString", "coordinates": [[261.33, 1361.98], [305.24, 1353.42]]}, "properties": {"pipe": "p267", "zone": 11, "length_m": 44.7387, "diameter_mm": 100.0}}, {"type": "Feature", "geometry": {"type": "LineString", "coordinates": [[305.24, 1353.42], [302.24, 1279.26]]}, "properties": {"pipe": "p268", "zone": 11, "length_m": 74.2158, "diameter_mm": 100.0}}, {"type": "Feature", "geometry": {"type": "LineString", "coordinates": [[369.97, 1543.26], [421.93, 1525.57]]}, "properties": {"pipe": "p269", "zone": 11, "length_m": 54.8852, "diameter_mm": 100.0}}, {"type": "Feature", "geometry": {"type": "LineString", "coordinates": [[421.93, 1525.57], [473.87, 1507.88]]}, "properties": {"pipe": "p270", "zone": 11, "length_m": 54.8734, "diameter_mm": 100.0}}, {"type": "Feature", "geometry": {"type": "LineString", "coordinates": [[473.87, 1507.88], [525.83, 1490.19]]}, "properties": {"pipe": "p271", "zone": 11, "length_m": 54.8852, "diameter_mm": 100.0}}, {"type": "Feature", "geometry": {"type": "LineString", "coordinates": [[162.65, 1181.32], [217.03, 1178.62]]}, "properties": {"pipe": "p272", "zone": 2, "length_m": 54.4422, "diameter_mm": 100.0}}, {"type": "Feature", "geometry": {"type": "LineString", "coordinates": [[217.03, 1178.62], [271.4, 1175.93]]}, "properties": {"pipe": "p273", "zone": 2, "length_m": 54.4379, "diameter_mm": 100.0}}, {"type": "Feature", "geometry": {"type": "LineString", "coordinates": [[271.4, 1175.93], [325.78, 1173.23]]}, "properties": {"pipe": "p274", "zone": 2, "length_m": 54.4422, "diameter_mm": 100.0}}, {"type": "Feature", "geometry": {"type": "LineString", "coordinates": [[361.45, 1475.42], [413.65, 1457.94]]}, "properties": {"pipe": "p275", "zone": 11, "length_m": 55.052, "diameter_mm": 100.0}}, {"type": "Feature", "geometry": {"type": "LineString", "coordinates": [[413.65, 1457.94], [452.68, 1442.27]]}, "properties": {"pipe": "p276", "zone": 11, "length_m": 42.0531, "diameter_mm": 100.0}}, {"type": "Feature", "geometry": {"type": "LineString", "coordinates": [[452.68, 1442.27], [439.91, 1391.07]]}, "properties": {"pipe": "p277", "zone": 11, "length_m": 52.7753, "diameter_mm": 100.0}}, {"type": "Feature", "geometry": {"type": "LineString", "coordinates": [[167.14, 1118.61], [216.32, 1116.79]]}, "properties": {"pipe": "p278", "zone": 2, "length_m": 49.2109, "diameter_mm": 100.0}}, {"type": "Feature", "geometry": {"type": "LineString", "coordinates": [[216.32, 1116.79], [265.49, 1114.97]]}, "properties": {"pipe": "p279", "zone": 2, "length_m": 49.202, "diameter_mm": 100.0}}, {"type": "Feature", "geometry": {"type": "LineString", "coordinates": [[265.49, 1114.97], [314.66, 1113.15]]}, "properties": {"pipe": "p280", "zone": 2, "length_m": 49.2109, "diameter_mm": 100.0}}, {"type": "Feature", "geometry": {"type": "LineString", "coordinates": [[170.68, 1059.78], [217.01, 1052.35]]}, "properties": {"pipe": "p281", "zone": 2, "length_m": 46.9238, "diameter_mm": 100.0}}, {"type": "Feature", "geometry": {"type": "LineString", "coordinates": [[217.01, 1052.35], [263.33, 1044.91]]}, "properties": {"pipe": "p282", "zone": 2, "length_m": 46.9108, "diameter_mm": 100.0}}, {"type": "Feature", "geometry": {"type": "LineString", "coordinates": [[263.33, 1044.91], [309.66, 1037.48]]}, "properties": {"pipe": "p283", "zone": 2, "length_m": 46.9238, "diameter_mm": 100.0}}, {"type": "Feature", "geometry": {"type": "LineString", "coordinates": [[344.84, 1347.41], [384.84, 1338.64]]}, "properties": {"pipe": "p284", "zone": 11, "length_m": 40.9555, "diameter_mm": 100.0}}, {"type": "Feature", "geometry": {"type": "LineString", "coordinates": [[384.84, 1338.64], [424.85, 1329.87]]}, "properties": {"pipe": "p285", "zone": 11, "length_m": 40.9555, "diameter_mm": 100.0}}, {"type": "Feature", "geometry": {"type": "LineString", "coordinates": [[177.12, 987.98], [218.18, 980.17]]}, "properties": {"pipe": "p286", "zone": 2, "length_m": 41.7936, "diameter_mm": 100.0}}, {"type": "Feature", "geometry": {"type": "LineString", "coordinates": [[218.18, 980.17], [259.23, 972.37]]}, "properties": {"pipe": "p287", "zone": 2, "length_m": 41.7842, "diameter_mm": 100.0}}, {"type": "Feature", "geometry": {"type": "LineString", "coordinates": [[259.23, 972.37], [300.29, 964.57]]}, "properties": {"pipe": "p288", "zone": 2, "length_m": 41.7936, "diameter_mm": 100.0}}, {"type": "Feature", "geometry": {"type": "LineString", "coordinates": [[439.91, 1391.07], [396.53, 1400.41]]}, "properties": {"pipe": "p289", "zone": 11, "length_m": 44.3754, "diameter_mm": 100.0}}, {"type": "Feature", "geometry": {"type": "LineString", "coordinates": [[396.53, 1400.41], [353.14, 1409.75]]}, "properties": {"pipe": "p290", "zone": 11, "length_m": 44.388, "diameter_mm": 100.0}}, {"type": "Feature", "geometry": {"type": "LineString", "coordinates": [[325.78, 1173.23], [377.56, 1167.44]]}, "properties": {"pipe": "p291", "zone": 2, "length_m": 52.1064, "diameter_mm": 100.0}}, {"type": "Feature", "geometry": {"type": "LineString", "coordinates": [[377.56, 1167.44], [378.84, 1136.18]]}, "properties": {"pipe": "p292", "zone": 2, "length_m": 31.2938, "diameter_mm": 100.0}}, {"type": "Feature", "geometry": {"type": "LineString", "coordinates": [[181.22, 914.67], [236.81, 903.59]]}, "properties": {"pipe": "p293", "zone": 2, "length_m": 56.6909, "diameter_mm": 100.0}}, {"type": "Feature", "geometry": {"type": "LineString", "coordinates": [[236.81, 903.59], [292.4, 892.5]]}, "properties": {"pipe": "p294", "zone": 2, "length_m": 56.6782, "diameter_mm": 100.0}}, {"type": "Feature", "geometry": {"type": "LineString", "coordinates": [[525.83, 1490.19], [515.11, 1446.21]]}, "properties": {"pipe": "p295", "zone": 11, "length_m": 45.2612, "diameter_mm": 100.0}}, {"type": "Feature", "geometry": {"type": "LineString", "coordinates": [[515.11, 1446.21], [504.4, 1402.24]]}, "properties": {"pipe": "p296", "zone": 11, "length_m": 45.2612, "diameter_mm": 100.0}}, {"type": "Feature", "geometry": {"type": "LineString", "coordinates": [[504.4, 1402.24], [493.68, 1358.26]]}, "properties": {"pipe": "p297", "zone": 11, "length_m": 45.2708, "diameter_mm": 100.0}}, {"type": "Feature", "geometry": {"type": "LineString", "coordinates": [[493.68, 1358.26], [482.97, 1314.28]]}, "properties": {"pipe": "p298", "zone": 11, "length_m": 45.2612, "diameter_mm": 100.0}}, {"type": "Feature", "geometry": {"type": "LineString", "coordinates": [[314.66, 1113.15], [312.17, 1075.32]]}, "properties": {"pipe": "p299", "zone": 2, "length_m": 37.911, "diameter_mm": 100.0}}, {"type": "Feature", "geometry": {"type": "LineString", "coordinates": [[312.17, 1075.32], [309.66, 1037.48]]}, "properties": {"pipe": "p300", "zone": 2, "length_m": 37.92, "diameter_mm": 100.0}}, {"type": "Feature", "geometry": {"type": "LineString", "coordinates": [[393.3, 1207.5], [403.81, 1248.29]]}, "properties": {"pipe": "p301", "zone": 2, "length_m": 42.1213, "diameter_mm": 100.0}}, {"type": "Feature", "geometry": {"type": "LineString", "coordinates": [[403.81, 1248.29], [414.34, 1289.08]]}, "properties": {"pipe": "p302", "zone": 11, "length_m": 42.1282, "diameter_mm": 100.0}}, {"type": "Feature", "geometry": {"type": "LineString", "coordinates": [[414.34, 1289.08], [424.85, 1329.87]]}, "properties": {"pipe": "p303", "zone": 11, "length_m": 42.1213, "diameter_mm": 100.0}}, {"type": "Feature", "geometry": {"type": "LineString", "coordinates": [[305.94, 1008.07], [354.86, 990.76]]}, "properties": {"pipe": "p304", "zone": 2, "length_m": 51.8914, "diameter_mm": 100.0}}, {"type": "Feature", "geometry": {"type": "LineString", "coordinates": [[354.86, 990.76], [403.76, 973.45]]}, "properties": {"pipe": "p305", "zone": 2, "length_m": 51.8798, "diameter_mm": 100.0}}, {"type": "Feature", "geometry": {"type": "LineString", "coordinates": [[575.55, 1471.84], [563.14, 1424.2]]}, "properties": {"pipe": "p306", "zone": 11, "length_m": 49.2268, "diameter_mm": 100.0}}, {"type": "Feature", "geometry": {"type": "LineString", "coordinates": [[563.14, 1424.2], [550.73, 1376.56]]}, "properties": {"pipe": "p307", "zone": 11, "length_m": 49.2364, "diameter_mm": 100.0}}, {"type": "Feature", "geometry": {"type": "LineString", "coordinates": [[550.73, 1376.56], [538.31, 1328.92]]}, "properties": {"pipe": "p308", "zone": 11, "length_m": 49.2241, "diameter_mm": 100.0}}, {"type": "Feature", "geometry": {"type": "LineString", "coordinates": [[538.31, 1328.92], [525.89, 1281.28]]}, "properties": {"pipe": "p309", "zone": 11, "length_m": 49.2364, "diameter_mm": 100.0}}, {"type": "Feature", "geometry": {"type": "LineString", "coordinates": [[478.09, 1296.3], [462.92, 1244.21]]}, "properties": {"pipe": "p310", "zone": 11, "length_m": 54.2583, "diameter_mm": 100.0}}, {"type": "Feature", "geometry": {"type": "LineString", "coordinates": [[462.92, 1244.21], [447.73, 1192.11]]}, "properties": {"pipe": "p311", "zone": 2, "length_m": 54.2656, "diameter_mm": 100.0}}, {"type": "Feature", "geometry": {"type": "LineString", "coordinates": [[423.91, 1120.35], [435.83, 1156.23]]}, "properties": {"pipe": "p312", "zone": 2, "length_m": 37.8059, "diameter_mm": 100.0}}, {"type": "Feature", "geometry": {"type": "LineString", "coordinates": [[435.83, 1156.23], [447.73, 1192.11]]}, "properties": {"pipe": "p313", "zone": 2, "length_m": 37.8079, "diameter_mm": 100.0}}, {"type": "Feature", "geometry": {"type": "LineString", "coordinates": [[288.82, 853.94], [329.56, 896.3]]}, "properties": {"pipe": "p314", "zone": 2, "length_m": 58.7666, "diameter_mm": 100.0}}, {"type": "Feature", "geometry": {"type": "LineString", "coordinates": [[329.56, 896.3], [370.29, 938.65]]}, "properties": {"pipe": "p315", "zone": 2, "length_m": 58.7569, "diameter_mm": 100.0}}, {"type": "Feature", "geometry": {"type": "LineString", "coordinates": [[526.16, 1162.06], [504.22, 1119.03]]}, "properties": {"pipe": "p316", "zone": 2, "length_m": 48.3058, "diameter_mm": 200.0}}, {"type": "Feature", "geometry": {"type": "LineString", "coordinates": [[504.22, 1119.03], [482.27, 1075.99]]}, "properties": {"pipe": "p317", "zone": 2, "length_m": 48.3053, "diameter_mm": 200.0}}, {"type": "Feature", "geometry": {"type": "LineString", "coordinates": [[482.27, 1075.99], [460.34, 1032.96]]}, "properties": {"pipe": "p318", "zone": 2, "length_m": 48.3058, "diameter_mm": 200.0}}, {"type": "Feature", "geometry": {"type": "LineString", "coordinates": [[526.16, 1162.06], [486.95, 1177.09]]}, "properties": {"pipe": "p319", "zone": 2, "length_m": 41.9903, "diameter_mm": 100.0}}, {"type": "Feature", "geometry": {"type": "LineString", "coordinates": [[486.95, 1177.09], [447.73, 1192.11]]}, "properties": {"pipe": "p320", "zone": 2, "length_m": 41.9919, "diameter_mm": 100.0}}, {"type": "Feature", "geometry": {"type": "LineString", "coordinates": [[570.9, 1208.08], [571.47, 1176.46]]}, "properties": {"pipe": "p321", "zone": 9, "length_m": 31.6244, "diameter_mm": 100.0}}, {"type": "Feature", "geometry": {"type": "LineString", "coordinates": [[571.47, 1176.46], [626.09, 1151.64]]}, "properties": {"pipe": "p322", "zone": 9, "length_m": 59.993, "diameter_mm": 100.0}}, {"type": "Feature", "geometry": {"type": "LineString", "coordinates": [[626.09, 1151.64], [672.85, 1137.73]]}, "properties": {"pipe": "p323", "zone": 9, "length_m": 48.7937, "diameter_mm": 100.0}}, {"type": "Feature", "geometry": {"type": "LineString", "coordinates": [[672.85, 1137.73], [716.93, 1123.7]]}, "properties": {"pipe": "p324", "zone": 9, "length_m": 46.2596, "diameter_mm": 100.0}}, {"type": "Feature", "geometry": {"type": "LineString", "coordinates": [[570.9, 1208.08], [621.49, 1207.6]]}, "properties": {"pipe": "p325", "zone": 9, "length_m": 50.5907, "diameter_mm": 100.0}}, {"type": "Feature", "geometry": {"type": "LineString", "coordinates": [[621.49, 1207.6], [672.07, 1207.11]]}, "properties": {"pipe": "p326", "zone": 9, "length_m": 50.5858, "diameter_mm": 100.0}}, {"type": "Feature", "geometry": {"type": "LineString", "coordinates": [[672.07, 1207.11], [722.66, 1206.63]]}, "properties": {"pipe": "p327", "zone": 9, "length_m": 50.5907, "diameter_mm": 100.0}}, {"type": "Feature", "geometry": {"type": "LineString", "coordinates": [[722.66, 1206.63], [773.24, 1206.15]]}, "properties": {"pipe": "p328", "zone": 9, "length_m": 50.5858, "diameter_mm": 100.0}}, {"type": "Feature", "geometry": {"type": "LineString", "coordinates": [[773.24, 1206.15], [823.82, 1205.67]]}, "properties": {"pipe": "p329", "zone": 9, "length_m": 50.582, "diameter_mm": 100.0}}, {"type": "Feature", "geometry": {"type": "LineString", "coordinates": [[823.82, 1205.67], [874.41, 1205.19]]}, "properties": {"pipe": "p330", "zone": 9, "length_m": 50.5858, "diameter_mm": 100.0}}, {"type": "Feature", "geometry": {"type": "LineString", "coordinates": [[874.41, 1205.19], [924.99, 1204.71]]}, "properties": {"pipe": "p331", "zone": 9, "length_m": 50.5907, "diameter_mm": 100.0}}, {"type": "Feature", "geometry": {"type": "LineString", "coordinates": [[924.99, 1204.71], [975.58, 1204.22]]}, "properties": {"pipe": "p332", "zone": 9, "length_m": 50.5858, "diameter_mm": 100.0}}, {"type": "Feature", "geometry": {"type": "LineString", "coordinates": [[617.95, 1261.56], [668.21, 1260.96]]}, "properties": {"pipe": "p333", "zone": 9, "length_m": 50.2578, "diameter_mm": 100.0}}, {"type": "Feature", "geometry": {"type": "LineString", "coordinates": [[668.21, 1260.96], [718.46, 1260.38]]}, "properties": {"pipe": "p334", "zone": 9, "length_m": 50.254, "diameter_mm": 100.0}}, {"type": "Feature", "geometry": {"type": "LineString", "coordinates": [[718.46, 1260.38], [768.71, 1259.78]]}, "properties": {"pipe": "p335", "zone": 9, "length_m": 50.2578, "diameter_mm": 100.0}}, {"type": "Feature", "geometry": {"type": "LineString", "coordinates": [[617.95, 1261.56], [630.46, 1304.15]]}, "properties": {"pipe": "p336", "zone": 9, "length_m": 44.39, "diameter_mm": 100.0}}, {"type": "Feature", "geometry": {"type": "LineString", "coordinates": [[630.46, 1304.15], [659.77, 1341.02]]}, "properties": {"pipe": "p337", "zone": 9, "length_m": 47.1041, "diameter_mm": 100.0}}, {"type": "Feature", "geometry": {"type": "LineString", "coordinates": [[659.77, 1341.02], [689.25, 1388.1]]}, "properties": {"pipe": "p338", "zone": 9, "length_m": 55.5457, "diameter_mm": 100.0}}, {"type": "Feature", "geometry": {"type": "LineString", "coordinates": [[689.25, 1388.1], [727.0, 1399.94]]}, "properties": {"pipe": "p339", "zone": 9, "length_m": 39.5692, "diameter_mm": 100.0}}, {"type": "Feature", "geometry": {"type": "LineString", "coordinates": [[519.13, 1067.77], [564.22, 1061.39]]}, "properties": {"pipe": "p340", "zone": 2, "length_m": 45.5401, "diameter_mm": 100.0}}, {"type": "Feature", "geometry": {"type": "LineString", "coordinates": [[564.22, 1061.39], [609.29, 1055.0]]}, "properties": {"pipe": "p341", "zone": 9, "length_m": 45.5271, "diameter_mm": 100.0}}, {"type": "Feature", "geometry": {"type": "LineString", "coordinates": [[445.94, 892.44], [486.07, 891.14]]}, "properties": {"pipe": "p342", "zone": 2, "length_m": 40.1571, "diameter_mm": 100.0}}, {"type": "Feature", "geometry": {"type": "LineString", "coordinates": [[486.07, 891.14], [526.2, 889.83]]}, "properties": {"pipe": "p343", "zone": 2, "length_m": 40.1436, "diameter_mm": 100.0}}, {"type": "Feature", "geometry": {"type": "LineString", "coordinates": [[512.28, 995.79], [519.24, 942.81]]}, "properties": {"pipe": "p344", "zone": 2, "length_m": 53.4351, "diameter_mm": 100.0}}, {"type": "Feature", "geometry": {"type": "LineString", "coordinates": [[519.24, 942.81], [526.2, 889.83]]}, "properties": {"pipe": "p345", "zone": 2, "length_m": 53.429, "diameter_mm": 100.0}}, {"type": "Feature", "geometry": {"type": "LineString", "coordinates": [[621.8, 1124.08], [673.38, 1110.58]]}, "properties": {"pipe": "p346", "zone": 9, "length_m": 53.3182, "diameter_mm": 200.0}}, {"type": "Feature", "geometry": {"type": "LineString", "coordinates": [[673.38, 1110.58], [724.95, 1097.08]]}, "properties": {"pipe": "p347", "zone": 9, "length_m": 53.3059, "diameter_mm": 200.0}}, {"type": "Feature", "geometry": {"type": "LineString", "coordinates": [[777.67, 1368.09], [773.19, 1313.93]]}, "properties": {"pipe": "p348", "zone": 9, "length_m": 54.3413, "diameter_mm": 100.0}}, {"type": "Feature", "geometry": {"type": "LineString", "coordinates": [[773.19, 1313.93], [768.71, 1259.78]]}, "properties": {"pipe": "p349", "zone": 9, "length_m": 54.3413, "diameter_mm": 100.0}}, {"type": "Feature", "geometry": {"type": "LineString", "coordinates": [[777.67, 1368.09], [820.52, 1331.76]]}, "properties": {"pipe": "p350", "zone": 9, "length_m": 56.1843, "diameter_mm": 100.0}}, {"type": "Feature", "geometry": {"type": "LineString", "coordinates": [[820.52, 1331.76], [863.39, 1295.43]]}, "properties": {"pipe": "p351", "zone": 9, "length_m": 56.1924, "diameter_mm": 100.0}}, {"type": "Feature", "geometry": {"type": "LineString", "coordinates": [[863.39, 1295.43], [906.24, 1259.09]]}, "properties": {"pipe": "p352", "zone": 9, "length_m": 56.1843, "diameter_mm": 100.0}}, {"type": "Feature", "geometry": {"type": "LineString", "coordinates": [[566.99, 994.58], [617.83, 993.35]]}, "properties": {"pipe": "p353", "zone": 9, "length_m": 50.8629, "diameter_mm": 150.0}}, {"type": "Feature", "geometry": {"type": "LineString", "coordinates": [[617.83, 993.35], [668.68, 992.14]]}, "properties": {"pipe": "p354", "zone": 9, "length_m": 50.8589, "diameter_mm": 150.0}}, {"type": "Feature", "geometry": {"type": "LineString", "coordinates": [[668.68, 992.14], [719.53, 990.91]]}, "properties": {"pipe": "p355", "zone": 9, "length_m": 50.8629, "diameter_mm": 150.0}}, {"type": "Feature", "geometry": {"type": "LineString", "coordinates": [[609.29, 1055.0], [665.79, 1049.48]]}, "properties": {"pipe": "p356", "zone": 9, "length_m": 56.7688, "diameter_mm": 100.0}}, {"type": "Feature", "geometry": {"type": "LineString", "coordinates": [[665.79, 1049.48], [722.29, 1043.96]]}, "properties": {"pipe": "p357", "zone": 9, "length_m": 56.7688, "diameter_mm": 100.0}}, {"type": "Feature", "geometry": {"type": "LineString", "coordinates": [[526.2, 889.83], [532.49, 833.25]]}, "properties": {"pipe": "p358", "zone": 10, "length_m": 56.9344, "diameter_mm": 100.0}}, {"type": "Feature", "geometry": {"type": "LineString", "coordinates": [[532.49, 833.25], [538.76, 776.66]]}, "properties": {"pipe": "p359", "zone": 10, "length_m": 56.9365, "diameter_mm": 100.0}}, {"type": "Feature", "geometry": {"type": "LineString", "coordinates": [[768.71, 1259.78], [814.56, 1259.54]]}, "properties": {"pipe": "p360", "zone": 9, "length_m": 45.8457, "diameter_mm": 100.0}}, {"type": "Feature", "geometry": {"type": "LineString", "coordinates": [[814.56, 1259.54], [860.4, 1259.32]]}, "properties": {"pipe": "p361", "zone": 9, "length_m": 45.842, "diameter_mm": 100.0}}, {"type": "Feature", "geometry": {"type": "LineString", "coordinates": [[860.4, 1259.32], [906.24, 1259.09]]}, "properties": {"pipe": "p362", "zone": 9, "length_m": 45.8457, "diameter_mm": 100.0}}, {"type": "Feature", "geometry": {"type": "LineString", "coordinates": [[724.95, 1097.08], [768.31, 1084.95]]}, "properties": {"pipe": "p363", "zone": 9, "length_m": 45.0275, "diameter_mm": 150.0}}, {"type": "Feature", "geometry": {"type": "LineString", "coordinates": [[768.31, 1084.95], [811.68, 1072.8]]}, "properties": {"pipe": "p364", "zone": 9, "length_m": 45.0372, "diameter_mm": 150.0}}, {"type": "Feature", "geometry": {"type": "LineString", "coordinates": [[811.68, 1072.8], [855.04, 1060.67]]}, "properties": {"pipe": "p365", "zone": 9, "length_m": 45.0275, "diameter_mm": 150.0}}, {"type": "Feature", "geometry": {"type": "LineString", "coordinates": [[761.12, 1142.36], [811.49, 1142.14]]}, "properties": {"pipe": "p366", "zone": 9, "length_m": 50.3755, "diameter_mm": 100.0}}, {"type": "Feature", "geometry": {"type": "LineString", "coordinates": [[811.49, 1142.14], [861.86, 1141.9]]}, "properties": {"pipe": "p367", "zone": 9, "length_m": 50.3705, "diameter_mm": 100.0}}, {"type": "Feature", "geometry": {"type": "LineString", "coordinates": [[861.86, 1141.9], [912.24, 1141.67]]}, "properties": {"pipe": "p368", "zone": 9, "length_m": 50.3755, "diameter_mm": 100.0}}, {"type": "Feature", "geometry": {"type": "LineString", "coordinates": [[912.24, 1141.67], [962.6, 1141.45]]}, "properties": {"pipe": "p369", "zone": 9, "length_m": 50.3668, "diameter_mm": 100.0}}, {"type": "Feature", "geometry": {"type": "LineString", "coordinates": [[962.6, 1141.45], [1012.97, 1141.21]]}, "properties": {"pipe": "p370", "zone": 9, "length_m": 50.3705, "diameter_mm": 100.0}}, {"type": "Feature", "geometry": {"type": "LineString", "coordinates": [[1012.97, 1141.21], [1063.35, 1140.98]]}, "properties": {"pipe": "p371", "zone": 9, "length_m": 50.3755, "diameter_mm": 100.0}}, {"type": "Feature", "geometry": {"type": "LineString", "coordinates": [[722.95, 1058.3], [767.35, 1052.08]]}, "properties": {"pipe": "p372", "zone": 9, "length_m": 44.8347, "diameter_mm": 100.0}}, {"type": "Feature", "geometry": {"type": "LineString", "coordinates": [[767.35, 1052.08], [811.74, 1045.87]]}, "properties": {"pipe": "p373", "zone": 9, "length_m": 44.8216, "diameter_mm": 100.0}}, {"type": "Feature", "geometry": {"type": "LineString", "coordinates": [[811.74, 1045.87], [856.14, 1039.65]]}, "properties": {"pipe": "p374", "zone": 9, "length_m": 44.8347, "diameter_mm": 100.0}}, {"type": "Feature", "geometry": {"type": "LineString", "coordinates": [[760.67, 1111.34], [807.97, 1102.08]]}, "properties": {"pipe": "p375", "zone": 9, "length_m": 48.2043, "diameter_mm": 200.0}}, {"type": "Feature", "geometry": {"type": "LineString", "coordinates": [[807.97, 1102.08], [854.26, 1089.09]]}, "properties": {"pipe": "p376", "zone": 9, "length_m": 48.0736, "diameter_mm": 200.0}}, {"type": "Feature", "geometry": {"type": "LineString", "coordinates": [[854.26, 1089.09], [904.62, 1077.18]]}, "properties": {"pipe": "p377", "zone": 9, "length_m": 51.7523, "diameter_mm": 200.0}}, {"type": "Feature", "geometry": {"type": "LineString", "coordinates": [[904.62, 1077.18], [951.61, 1083.25]]}, "properties": {"pipe": "p378", "zone": 9, "length_m": 47.3797, "diameter_mm": 200.0}}, {"type": "Feature", "geometry": {"type": "LineString", "coordinates": [[951.61, 1083.25], [998.83, 1085.74]]}, "properties": {"pipe": "p379", "zone": 9, "length_m": 47.2886, "diameter_mm": 200.0}}, {"type": "Feature", "geometry": {"type": "LineString", "coordinates": [[998.83, 1085.74], [1047.15, 1084.17]]}, "properties": {"pipe": "p380", "zone": 7, "length_m": 48.3442, "diameter_mm": 200.0}}, {"type": "Feature", "geometry": {"type": "LineString", "coordinates": [[1047.15, 1084.17], [1094.8, 1083.12]]}, "properties": {"pipe": "p381", "zone": 7, "length_m": 47.6579, "diameter_mm": 200.0}}, {"type": "Feature", "geometry": {"type": "LineString", "coordinates": [[1094.8, 1083.12], [1142.52, 1079.08]]}, "properties": {"pipe": "p382", "zone": 7, "length_m": 47.8974, "diameter_mm": 200.0}}, {"type": "Feature", "geometry": {"type": "LineString", "coordinates": [[906.24, 1259.09], [940.91, 1231.66]]}, "properties": {"pipe": "p383", "zone": 9, "length_m": 44.2086, "diameter_mm": 100.0}}, {"type": "Feature", "geometry": {"type": "LineString", "coordinates": [[940.91, 1231.66], [975.58, 1204.22]]}, "properties": {"pipe": "p384", "zone": 9, "length_m": 44.2101, "diameter_mm": 100.0}}, {"type": "Feature", "geometry": {"type": "LineString", "coordinates": [[674.2, 852.92], [670.66, 915.81]]}, "properties": {"pipe": "p385", "zone": 9, "length_m": 62.9855, "diameter_mm": 100.0}}, {"type": "Feature", "geometry": {"type": "LineString", "coordinates": [[670.66, 915.81], [716.36, 917.96]]}, "properties": {"pipe": "p386", "zone": 9, "length_m": 45.7475, "diameter_mm": 100.0}}, {"type": "Feature", "geometry": {"type": "LineString", "coordinates": [[855.04, 1060.67], [904.61, 1046.25]]}, "properties": {"pipe": "p387", "zone": 9, "length_m": 51.6169, "diameter_mm": 150.0}}, {"type": "Feature", "geometry": {"type": "LineString", "coordinates": [[904.61, 1046.25], [954.16, 1031.85]]}, "properties": {"pipe": "p388", "zone": 9, "length_m": 51.6072, "diameter_mm": 150.0}}, {"type": "Feature", "geometry": {"type": "LineString", "coordinates": [[857.37, 1016.18], [902.13, 1011.87]]}, "properties": {"pipe": "p389", "zone": 9, "length_m": 44.9696, "diameter_mm": 100.0}}, {"type": "Feature", "geometry": {"type": "LineString", "coordinates": [[902.13, 1011.87], [946.9, 1007.57]]}, "properties": {"pipe": "p390", "zone": 7, "length_m": 44.9696, "diameter_mm": 100.0}}, {"type": "Feature", "geometry": {"type": "LineString", "coordinates": [[975.58, 1204.22], [1019.47, 1172.6]]}, "properties": {"pipe": "p391", "zone": 9, "length_m": 54.0942, "diameter_mm": 100.0}}, {"type": "Feature", "geometry": {"type": "LineString", "coordinates": [[1019.47, 1172.6], [1063.35, 1140.98]]}, "properties": {"pipe": "p392", "zone": 9, "length_m": 54.0843, "diameter_mm": 100.0}}, {"type": "Feature", "geometry": {"type": "LineString", "coordinates": [[861.89, 948.46], [902.9, 952.23]]}, "properties": {"pipe": "p393", "zone": 7, "length_m": 41.1824, "diameter_mm": 100.0}}, {"type": "Feature", "geometry": {"type": "LineString", "coordinates": [[902.9, 952.23], [943.91, 956.0]]}, "properties": {"pipe": "p394", "zone": 7, "length_m": 41.1824, "diameter_mm": 100.0}}, {"type": "Feature", "geometry": {"type": "LineString", "coordinates": [[954.16, 1031.85], [997.91, 1021.94]]}, "properties": {"pipe": "p395", "zone": 7, "length_m": 44.8541, "diameter_mm": 150.0}}, {"type": "Feature", "geometry": {"type": "LineString", "coordinates": [[997.91, 1021.94], [1041.64, 1012.03]]}, "properties": {"pipe": "p396", "zone": 7, "length_m": 44.8445, "diameter_mm": 150.0}}, {"type": "Feature", "geometry": {"type": "LineString", "coordinates": [[1041.64, 1012.03], [1095.65, 988.29]]}, "properties": {"pipe": "p397", "zone": 7, "length_m": 58.9926, "diameter_mm": 150.0}}, {"type": "Feature", "geometry": {"type": "LineString", "coordinates": [[1095.65, 988.29], [1129.13, 992.21]]}, "properties": {"pipe": "p398", "zone": 7, "length_m": 33.7082, "diameter_mm": 150.0}}, {"type": "Feature", "geometry": {"type": "LineString", "coordinates": [[866.29, 878.52], [913.87, 891.0]]}, "properties": {"pipe": "p399", "zone": 7, "length_m": 49.187, "diameter_mm": 100.0}}, {"type": "Feature", "geometry": {"type": "LineString", "coordinates": [[913.87, 891.0], [956.94, 898.18]]}, "properties": {"pipe": "p400", "zone": 7, "length_m": 43.6626, "diameter_mm": 100.0}}, {"type": "Feature", "geometry": {"type": "LineString", "coordinates": [[956.94, 898.18], [954.19, 855.32]]}, "properties": {"pipe": "p401", "zone": 7, "length_m": 42.9463, "diameter_mm": 100.0}}, {"type": "Feature", "geometry": {"type": "LineString", "coordinates": [[869.08, 831.04], [911.64, 843.18]]}, "properties": {"pipe": "p402", "zone": 7, "length_m": 44.2564, "diameter_mm": 100.0}}, {"type": "Feature", "geometry": {"type": "LineString", "coordinates": [[911.64, 843.18], [954.19, 855.32]]}, "properties": {"pipe": "p403", "zone": 7, "length_m": 44.2494, "diameter_mm": 100.0}}, {"type": "Feature", "geometry": {"type": "LineString", "coordinates": [[943.91, 956.0], [996.98, 943.75]]}, "properties": {"pipe": "p404", "zone": 7, "length_m": 54.4589, "diameter_mm": 100.0}}, {"type": "Feature", "geometry": {"type": "LineString", "coordinates": [[996.98, 943.75], [1042.54, 933.45]]}, "properties": {"pipe": "p405", "zone": 7, "length_m": 46.7165, "diameter_mm": 100.0}}, {"type": "Feature", "geometry": {"type": "LineString", "coordinates": [[1042.54, 933.45], [1091.19, 922.54]]}, "properties": {"pipe": "p406", "zone": 7, "length_m": 49.8495, "diameter_mm": 100.0}}, {"type": "Feature", "geometry": {"type": "LineString", "coordinates": [[1091.19, 922.54], [1097.78, 876.0]]}, "properties": {"pipe": "p407", "zone": 7, "length_m": 47.0062, "diameter_mm": 100.0}}, {"type": "Feature", "geometry": {"type": "LineString", "coordinates": [[1063.35, 1140.98], [1102.94, 1110.03]]}, "properties": {"pipe": "p408", "zone": 7, "length_m": 50.2513, "diameter_mm": 100.0}}, {"type": "Feature", "geometry": {"type": "LineString", "coordinates": [[1102.94, 1110.03], [1142.52, 1079.08]]}, "properties": {"pipe": "p409", "zone": 7, "length_m": 50.2513, "diameter_mm": 100.0}}, {"type": "Feature", "geometry": {"type": "LineString", "coordinates": [[1042.5, 1036.71], [1091.7, 1033.83]]}, "properties": {"pipe": "p410", "zone": 7, "length_m": 49.2875, "diameter_mm": 100.0}}, {"type": "Feature", "geometry": {"type": "LineString", "coordinates": [[1091.7, 1033.83], [1140.9, 1030.96]]}, "properties": {"pipe": "p411", "zone": 7, "length_m": 49.2875, "diameter_mm": 100.0}}, {"type": "Feature", "geometry": {"type": "LineString", "coordinates": [[1140.9, 1030.96], [1190.11, 1028.08]]}, "properties": {"pipe": "p412", "zone": 7, "length_m": 49.2875, "diameter_mm": 100.0}}, {"type": "Feature", "geometry": {"type": "LineString", "coordinates": [[954.19, 855.32], [1001.38, 871.34]]}, "properties": {"pipe": "p413", "zone": 7, "length_m": 49.8375, "diameter_mm": 100.0}}, {"type": "Feature", "geometry": {"type": "LineString", "coordinates": [[1001.38, 871.34], [1049.92, 869.1]]}, "properties": {"pipe": "p414", "zone": 7, "length_m": 48.5855, "diameter_mm": 100.0}}, {"type": "Feature", "geometry": {"type": "LineString", "coordinates": [[1049.92, 869.1], [1097.78, 876.0]]}, "properties": {"pipe": "p415", "zone": 7, "length_m": 48.353, "diameter_mm": 100.0}}, {"type": "Feature", "geometry": {"type": "LineString", "coordinates": [[1129.13, 992.21], [1161.85, 955.1]]}, "properties": {"pipe": "p416", "zone": 7, "length_m": 49.4835, "diameter_mm": 150.0}}, {"type": "Feature", "geometry": {"type": "LineString", "coordinates": [[1161.85, 955.1], [1194.59, 917.99]]}, "properties": {"pipe": "p417", "zone": 7, "length_m": 49.4898, "diameter_mm": 150.0}}, {"type": "Feature", "geometry": {"type": "LineString", "coordinates": [[1194.59, 917.99], [1227.32, 880.87]]}, "properties": {"pipe": "p418", "zone": 7, "length_m": 49.4835, "diameter_mm": 150.0}}, {"type": "Feature", "geometry": {"type": "LineString", "coordinates": [[1227.32, 880.87], [1260.06, 843.76]]}, "properties": {"pipe": "p419", "zone": 7, "length_m": 49.4898, "diameter_mm": 150.0}}, {"type": "Feature", "geometry": {"type": "LineString", "coordinates": [[1260.06, 843.76], [1292.79, 806.64]]}, "properties": {"pipe": "p420", "zone": 7, "length_m": 49.4835, "diameter_mm": 150.0}}, {"type": "Feature", "geometry": {"type": "LineString", "coordinates": [[1097.78, 876.0], [1066.26, 847.65]]}, "properties": {"pipe": "p421", "zone": 7, "length_m": 42.3914, "diameter_mm": 100.0}}, {"type": "Feature", "geometry": {"type": "LineString", "coordinates": [[1066.26, 847.65], [1026.06, 821.64]]}, "properties": {"pipe": "p422", "zone": 7, "length_m": 47.8763, "diameter_mm": 100.0}}, {"type": "Feature", "geometry": {"type": "LineString", "coordinates": [[1026.06, 821.64], [1005.02, 789.15]]}, "properties": {"pipe": "p423", "zone": 7, "length_m": 38.7107, "diameter_mm": 100.0}}, {"type": "Feature", "geometry": {"type": "LineString", "coordinates": [[1005.02, 789.15], [993.5, 734.78]]}, "properties": {"pipe": "p424", "zone": 7, "length_m": 55.5815, "diameter_mm": 100.0}}, {"type": "Feature", "geometry": {"type": "LineString", "coordinates": [[1190.11, 1028.08], [1231.54, 1001.12]]}, "properties": {"pipe": "p425", "zone": 7, "length_m": 49.43, "diameter_mm": 200.0}}, {"type": "Feature", "geometry": {"type": "LineString", "coordinates": [[1231.54, 1001.12], [1272.98, 974.17]]}, "properties": {"pipe": "p426", "zone": 7, "length_m": 49.4395, "diameter_mm": 200.0}}, {"type": "Feature", "geometry": {"type": "LineString", "coordinates": [[1272.98, 974.17], [1314.42, 947.21]]}, "properties": {"pipe": "p427", "zone": 7, "length_m": 49.43, "diameter_mm": 200.0}}, {"type": "Feature", "geometry": {"type": "LineString", "coordinates": [[1292.79, 806.64], [1252.34, 784.51]]}, "properties": {"pipe": "p428", "zone": 7, "length_m": 46.1048, "diameter_mm": 100.0}}, {"type": "Feature", "geometry": {"type": "LineString", "coordinates": [[1252.34, 784.51], [1211.89, 762.37]]}, "properties": {"pipe": "p429", "zone": 7, "length_m": 46.1134, "diameter_mm": 100.0}}, {"type": "Feature", "geometry": {"type": "LineString", "coordinates": [[1211.89, 762.37], [1171.44, 740.24]]}, "properties": {"pipe": "p430", "zone": 7, "length_m": 46.11, "diameter_mm": 100.0}}, {"type": "Feature", "geometry": {"type": "LineString", "coordinates": [[1171.44, 740.24], [1130.99, 718.1]]}, "properties": {"pipe": "p431", "zone": 7, "length_m": 46.1134, "diameter_mm": 100.0}}, {"type": "Feature", "geometry": {"type": "LineString", "coordinates": [[1292.79, 806.64], [1334.44, 821.68]]}, "properties": {"pipe": "p432", "zone": 7, "length_m": 44.2888, "diameter_mm": 150.0}}, {"type": "Feature", "geometry": {"type": "LineString", "coordinates": [[1334.44, 821.68], [1376.1, 836.7]]}, "properties": {"pipe": "p433", "zone": 5, "length_m": 44.2811, "diameter_mm": 150.0}}, {"type": "Feature", "geometry": {"type": "LineString", "coordinates": [[1376.1, 836.7], [1417.76, 851.74]]}, "properties": {"pipe": "p434", "zone": 5, "length_m": 44.2888, "diameter_mm": 150.0}}, {"type": "Feature", "geometry": {"type": "LineString", "coordinates": [[280.55, 763.35], [281.22, 702.13]]}, "properties": {"pipe": "p435", "zone": 10, "length_m": 61.2158, "diameter_mm": 100.0}}, {"type": "Feature", "geometry": {"type": "LineString", "coordinates": [[281.22, 702.13], [281.88, 640.91]]}, "properties": {"pipe": "p436", "zone": 10, "length_m": 61.2244, "diameter_mm": 100.0}}, {"type": "Feature", "geometry": {"type": "LineString", "coordinates": [[280.55, 763.35], [223.12, 777.03]]}, "properties": {"pipe": "p437", "zone": 10, "length_m": 59.0415, "diameter_mm": 100.0}}, {"type": "Feature", "geometry": {"type": "LineString", "coordinates": [[223.12, 777.03], [224.62, 728.08]]}, "properties": {"pipe": "p438", "zone": 10, "length_m": 48.9692, "diameter_mm": 100.0}}, {"type": "Feature", "geometry": {"type": "LineString", "coordinates": [[224.62, 728.08], [218.8, 690.24]]}, "properties": {"pipe": "p439", "zone": 10, "length_m": 38.2847, "diameter_mm": 100.0}}, {"type": "Feature", "geometry": {"type": "LineString", "coordinates": [[218.8, 690.24], [226.16, 644.61]]}, "properties": {"pipe": "p440", "zone": 10, "length_m": 46.223, "diameter_mm": 100.0}}, {"type": "Feature", "geometry": {"type": "LineString", "coordinates": [[226.16, 644.61], [220.72, 604.68]]}, "properties": {"pipe": "p441", "zone": 10, "length_m": 40.3008, "diameter_mm": 100.0}}, {"type": "Feature", "geometry": {"type": "LineString", "coordinates": [[220.72, 604.68], [215.29, 564.74]]}, "properties": {"pipe": "p442", "zone": 10, "length_m": 40.3008, "diameter_mm": 100.0}}, {"type": "Feature", "geometry": {"type": "LineString", "coordinates": [[215.29, 564.74], [252.89, 560.92]]}, "properties": {"pipe": "p443", "zone": 10, "length_m": 37.7905, "diameter_mm": 100.0}}, {"type": "Feature", "geometry": {"type": "LineString", "coordinates": [[252.89, 560.92], [290.47, 557.11]]}, "properties": {"pipe": "p444", "zone": 10, "length_m": 37.7814, "diameter_mm": 100.0}}, {"type": "Feature", "geometry": {"type": "LineString", "coordinates": [[331.42, 760.19], [330.68, 701.33]]}, "properties": {"pipe": "p445", "zone": 10, "length_m": 58.8701, "diameter_mm": 100.0}}, {"type": "Feature", "geometry": {"type": "LineString", "coordinates": [[330.68, 701.33], [329.93, 642.47]]}, "properties": {"pipe": "p446", "zone": 10, "length_m": 58.8652, "diameter_mm": 100.0}}, {"type": "Feature", "geometry": {"type": "LineString", "coordinates": [[331.42, 760.19], [396.98, 751.05]]}, "properties": {"pipe": "p447", "zone": 10, "length_m": 66.1955, "diameter_mm": 100.0}}, {"type": "Feature", "geometry": {"type": "LineString", "coordinates": [[396.98, 751.05], [406.25, 705.63]]}, "properties": {"pipe": "p448", "zone": 10, "length_m": 46.3511, "diameter_mm": 100.0}}, {"type": "Feature", "geometry": {"type": "LineString", "coordinates": [[406.25, 705.63], [415.72, 658.53]]}, "properties": {"pipe": "p449", "zone": 10, "length_m": 48.0382, "diameter_mm": 100.0}}, {"type": "Feature", "geometry": {"type": "LineString", "coordinates": [[281.88, 640.91], [286.18, 599.01]]}, "properties": {"pipe": "p450", "zone": 10, "length_m": 42.1265, "diameter_mm": 100.0}}, {"type": "Feature", "geometry": {"type": "LineString", "coordinates": [[286.18, 599.01], [290.47, 557.11]]}, "properties": {"pipe": "p451", "zone": 10, "length_m": 42.1206, "diameter_mm": 100.0}}, {"type": "Feature", "geometry": {"type": "LineString", "coordinates": [[208.68, 502.81], [201.14, 458.08]]}, "properties": {"pipe": "p452", "zone": 10, "length_m": 45.3559, "diameter_mm": 100.0}}, {"type": "Feature", "geometry": {"type": "LineString", "coordinates": [[201.14, 458.08], [193.61, 413.36]]}, "properties": {"pipe": "p453", "zone": 8, "length_m": 45.3559, "diameter_mm": 100.0}}, {"type": "Feature", "geometry": {"type": "LineString", "coordinates": [[193.61, 413.36], [186.07, 368.64]]}, "properties": {"pipe": "p454", "zone": 8, "length_m": 45.3524, "diameter_mm": 100.0}}, {"type": "Feature", "geometry": {"type": "LineString", "coordinates": [[186.07, 368.64], [178.54, 323.91]]}, "properties": {"pipe": "p455", "zone": 8, "length_m": 45.3559, "diameter_mm": 100.0}}, {"type": "Feature", "geometry": {"type": "LineString", "coordinates": [[178.54, 323.91], [171.01, 279.19]]}, "properties": {"pipe": "p456", "zone": 8, "length_m": 45.3559, "diameter_mm": 100.0}}, {"type": "Feature", "geometry": {"type": "LineString", "coordinates": [[329.93, 642.47], [373.67, 640.4]]}, "properties": {"pipe": "p457", "zone": 10, "length_m": 43.7858, "diameter_mm": 100.0}}, {"type": "Feature", "geometry": {"type": "LineString", "coordinates": [[373.67, 640.4], [417.4, 638.33]]}, "properties": {"pipe": "p458", "zone": 10, "length_m": 43.7858, "diameter_mm": 100.0}}, {"type": "Feature", "geometry": {"type": "LineString", "coordinates": [[329.93, 642.47], [331.29, 598.72]]}, "properties": {"pipe": "p459", "zone": 10, "length_m": 43.7708, "diameter_mm": 100.0}}, {"type": "Feature", "geometry": {"type": "LineString", "coordinates": [[331.29, 598.72], [332.64, 554.96]]}, "properties": {"pipe": "p460", "zone": 10, "length_m": 43.7793, "diameter_mm": 100.0}}, {"type": "Feature", "geometry": {"type": "LineString", "coordinates": [[274.45, 441.94], [261.18, 404.8]]}, "properties": {"pipe": "p461", "zone": 8, "length_m": 39.4389, "diameter_mm": 100.0}}, {"type": "Feature", "geometry": {"type": "LineString", "coordinates": [[261.18, 404.8], [256.04, 356.27]]}, "properties": {"pipe": "p462", "zone": 8, "length_m": 48.8057, "diameter_mm": 100.0}}, {"type": "Feature", "geometry": {"type": "LineString", "coordinates": [[256.04, 356.27], [256.48, 288.69]]}, "properties": {"pipe": "p463", "zone": 8, "length_m": 67.5757, "diameter_mm": 100.0}}, {"type": "Feature", "geometry": {"type": "LineString", "coordinates": [[163.99, 239.76], [173.17, 193.52]]}, "properties": {"pipe": "p464", "zone": 8, "length_m": 47.1461, "diameter_mm": 100.0}}, {"type": "Feature", "geometry": {"type": "LineString", "coordinates": [[173.17, 193.52], [182.34, 147.27]]}, "properties": {"pipe": "p465", "zone": 8, "length_m": 47.1471, "diameter_mm": 100.0}}, {"type": "Feature", "geometry": {"type": "LineString", "coordinates": [[163.99, 239.76], [205.07, 247.71]]}, "properties": {"pipe": "p466", "zone": 8, "length_m": 41.838, "diameter_mm": 100.0}}, {"type": "Feature", "geometry": {"type": "LineString", "coordinates": [[205.07, 247.71], [246.15, 255.65]]}, "properties": {"pipe": "p467", "zone": 8, "length_m": 41.838, "diameter_mm": 100.0}}, {"type": "Feature", "geometry": {"type": "LineString", "coordinates": [[314.52, 498.03], [316.84, 446.11]]}, "properties": {"pipe": "p468", "zone": 10, "length_m": 51.9688, "diameter_mm": 150.0}}, {"type": "Feature", "geometry": {"type": "LineString", "coordinates": [[316.84, 446.11], [319.16, 394.2]]}, "properties": {"pipe": "p469", "zone": 8, "length_m": 51.9688, "diameter_mm": 150.0}}, {"type": "Feature", "geometry": {"type": "LineString", "coordinates": [[319.16, 394.2], [321.48, 342.28]]}, "properties": {"pipe": "p470", "zone": 8, "length_m": 51.9688, "diameter_mm": 150.0}}, {"type": "Feature", "geometry": {"type": "LineString", "coordinates": [[321.48, 342.28], [323.81, 290.36]]}, "properties": {"pipe": "p471", "zone": 8, "length_m": 51.9688, "diameter_mm": 150.0}}, {"type": "Feature", "geometry": {"type": "LineString", "coordinates": [[417.4, 638.33], [420.9, 596.8]]}, "properties": {"pipe": "p472", "zone": 10, "length_m": 41.677, "diameter_mm": 100.0}}, {"type": "Feature", "geometry": {"type": "LineString", "coordinates": [[420.9, 596.8], [424.38, 555.28]]}, "properties": {"pipe": "p473", "zone": 10, "length_m": 41.6713, "diameter_mm": 100.0}}, {"type": "Feature", "geometry": {"type": "LineString", "coordinates": [[384.78, 555.06], [381.77, 505.71]]}, "properties": {"pipe": "p474", "zone": 10, "length_m": 49.435, "diameter_mm": 100.0}}, {"type": "Feature", "geometry": {"type": "LineString", "coordinates": [[381.77, 505.71], [378.74, 456.38]]}, "properties": {"pipe": "p475", "zone": 10, "length_m": 49.4306, "diameter_mm": 100.0}}, {"type": "Feature", "geometry": {"type": "LineString", "coordinates": [[378.74, 456.38], [375.73, 407.03]]}, "properties": {"pipe": "p476", "zone": 8, "length_m": 49.435, "diameter_mm": 100.0}}, {"type": "Feature", "geometry": {"type": "LineString", "coordinates": [[465.63, 663.63], [469.84, 617.0]]}, "properties": {"pipe": "p477", "zone": 10, "length_m": 46.8209, "diameter_mm": 200.0}}, {"type": "Feature", "geometry": {"type": "LineString", "coordinates": [[469.84, 617.0], [474.04, 570.36]]}, "properties": {"pipe": "p478", "zone": 10, "length_m": 46.8291, "diameter_mm": 200.0}}, {"type": "Feature", "geometry": {"type": "LineString", "coordinates": [[465.63, 663.63], [490.66, 626.35]]}, "properties": {"pipe": "p479", "zone": 10, "length_m": 44.8971, "diameter_mm": 100.0}}, {"type": "Feature", "geometry": {"type": "LineString", "coordinates": [[490.66, 626.35], [515.67, 589.07]]}, "properties": {"pipe": "p480", "zone": 10, "length_m": 44.8925, "diameter_mm": 100.0}}, {"type": "Feature", "geometry": {"type": "LineString", "coordinates": [[538.76, 776.66], [545.05, 721.01]]}, "properties": {"pipe": "p481", "zone": 10, "length_m": 56.0035, "diameter_mm": 100.0}}, {"type": "Feature", "geometry": {"type": "LineString", "coordinates": [[545.05, 721.01], [551.34, 665.34]]}, "properties": {"pipe": "p482", "zone": 10, "length_m": 56.0175, "diameter_mm": 100.0}}, {"type": "Feature", "geometry": {"type": "LineString", "coordinates": [[551.34, 665.34], [557.63, 609.69]]}, "properties": {"pipe": "p483", "zone": 10, "length_m": 56.0035, "diameter_mm": 100.0}}, {"type": "Feature", "geometry": {"type": "LineString", "coordinates": [[538.76, 776.66], [599.28, 785.86]]}, "properties": {"pipe": "p484", "zone": 10, "length_m": 61.2154, "diameter_mm": 100.0}}, {"type": "Feature", "geometry": {"type": "LineString", "coordinates": [[599.28, 785.86], [659.8, 795.05]]}, "properties": {"pipe": "p485", "zone": 10, "length_m": 61.2092, "diameter_mm": 100.0}}, {"type": "Feature", "geometry": {"type": "LineString", "coordinates": [[246.15, 255.65], [258.37, 211.12]]}, "properties": {"pipe": "p486", "zone": 8, "length_m": 46.182, "diameter_mm": 100.0}}, {"type": "Feature", "geometry": {"type": "LineString", "coordinates": [[258.37, 211.12], [270.57, 166.58]]}, "properties": {"pipe": "p487", "zone": 8, "length_m": 46.1819, "diameter_mm": 100.0}}, {"type": "Feature", "geometry": {"type": "LineString", "coordinates": [[424.38, 555.28], [439.17, 506.92]]}, "properties": {"pipe": "p488", "zone": 10, "length_m": 50.5681, "diameter_mm": 100.0}}, {"type": "Feature", "geometry": {"type": "LineString", "coordinates": [[439.17, 506.92], [462.11, 467.35]]}, "properties": {"pipe": "p489", "zone": 10, "length_m": 45.738, "diameter_mm": 100.0}}, {"type": "Feature", "geometry": {"type": "LineString", "coordinates": [[462.11, 467.35], [487.75, 428.51]]}, "properties": {"pipe": "p490", "zone": 10, "length_m": 46.546, "diameter_mm": 100.0}}, {"type": "Feature", "geometry": {"type": "LineString", "coordinates": [[487.75, 428.51], [513.76, 388.27]]}, "properties": {"pipe": "p491", "zone": 8, "length_m": 47.9078, "diameter_mm": 100.0}}, {"type": "Feature", "geometry": {"type": "LineString", "coordinates": [[194.1, 136.42], [232.34, 151.5]]}, "properties": {"pipe": "p492", "zone": 8, "length_m": 41.1083, "diameter_mm": 100.0}}, {"type": "Feature", "geometry": {"type": "LineString", "coordinates": [[232.34, 151.5], [270.57, 166.58]]}, "properties": {"pipe": "p493", "zone": 8, "length_m": 41.0942, "diameter_mm": 100.0}}, {"type": "Feature", "geometry": {"type": "LineString", "coordinates": [[441.66, 560.52], [473.3, 512.33]]}, "properties": {"pipe": "p494", "zone": 10, "length_m": 57.655, "diameter_mm": 100.0}}, {"type": "Feature", "geometry": {"type": "LineString", "coordinates": [[473.3, 512.33], [504.95, 464.12]]}, "properties": {"pipe": "p495", "zone": 10, "length_m": 57.6639, "diameter_mm": 100.0}}, {"type": "Feature", "geometry": {"type": "LineString", "coordinates": [[504.95, 464.12], [536.59, 415.93]]}, "properties": {"pipe": "p496", "zone": 10, "length_m": 57.655, "diameter_mm": 100.0}}, {"type": "Feature", "geometry": {"type": "LineString", "coordinates": [[375.73, 407.03], [417.64, 392.3]]}, "properties": {"pipe": "p497", "zone": 8, "length_m": 44.4234, "diameter_mm": 100.0}}, {"type": "Feature", "geometry": {"type": "LineString", "coordinates": [[417.64, 392.3], [424.4, 329.23]]}, "properties": {"pipe": "p498", "zone": 8, "length_m": 63.4395, "diameter_mm": 100.0}}, {"type": "Feature", "geometry": {"type": "LineString", "coordinates": [[375.73, 407.03], [377.5, 356.97]]}, "properties": {"pipe": "p499", "zone": 8, "length_m": 50.0966, "diameter_mm": 100.0}}, {"type": "Feature", "geometry": {"type": "LineString", "coordinates": [[377.5, 356.97], [379.27, 306.9]]}, "properties": {"pipe": "p500", "zone": 8, "length_m": 50.0997, "diameter_mm": 100.0}}, {"type": "Feature", "geometry": {"type": "LineString", "coordinates": [[379.27, 306.9], [381.04, 256.83]]}, "properties": {"pipe": "p501", "zone": 8, "length_m": 50.0966, "diameter_mm": 100.0}}, {"type": "Feature", "geometry": {"type": "LineString", "coordinates": [[381.04, 256.83], [382.8, 206.77]]}, "properties": {"pipe": "p502", "zone": 8, "length_m": 50.0997, "diameter_mm": 100.0}}, {"type": "Feature", "geometry": {"type": "LineString", "coordinates": [[474.04, 570.36], [505.99, 526.82]]}, "properties": {"pipe": "p503", "zone": 10, "length_m": 53.9955, "diameter_mm": 100.0}}, {"type": "Feature", "geometry": {"type": "LineString", "coordinates": [[505.99, 526.82], [537.93, 483.28]]}, "properties": {"pipe": "p504", "zone": 10, "length_m": 54.0087, "diameter_mm": 100.0}}, {"type": "Feature", "geometry": {"type": "LineString", "coordinates": [[537.93, 483.28], [569.87, 439.74]]}, "properties": {"pipe": "p505", "zone": 10, "length_m": 53.9955, "diameter_mm": 100.0}}, {"type": "Feature", "geometry": {"type": "LineString", "coordinates": [[323.81, 290.36], [326.11, 243.7]]}, "properties": {"pipe": "p506", "zone": 8, "length_m": 46.7221, "diameter_mm": 150.0}}, {"type": "Feature", "geometry": {"type": "LineString", "coordinates": [[326.11, 243.7], [333.63, 191.29]]}, "properties": {"pipe": "p507", "zone": 8, "length_m": 52.9434, "diameter_mm": 150.0}}, {"type": "Feature", "geometry": {"type": "LineString", "coordinates": [[333.63, 191.29], [382.8, 206.77]]}, "properties": {"pipe": "p508", "zone": 8, "length_m": 51.5535, "diameter_mm": 150.0}}, {"type": "Feature", "geometry": {"type": "LineString", "coordinates": [[203.17, 77.03], [245.75, 90.53]]}, "properties": {"pipe": "p509", "zone": 8, "length_m": 44.671, "diameter_mm": 100.0}}, {"type": "Feature", "geometry": {"type": "LineString", "coordinates": [[245.75, 90.53], [288.34, 104.03]]}, "properties": {"pipe": "p510", "zone": 8, "length_m": 44.6784, "diameter_mm": 100.0}}, {"type": "Feature", "geometry": {"type": "LineString", "coordinates": [[288.34, 104.03], [330.92, 117.53]]}, "properties": {"pipe": "p511", "zone": 8, "length_m": 44.671, "diameter_mm": 100.0}}, {"type": "Feature", "geometry": {"type": "LineString", "coordinates": [[330.92, 117.53], [373.51, 131.03]]}, "properties": {"pipe": "p512", "zone": 8, "length_m": 44.671, "diameter_mm": 100.0}}, {"type": "Feature", "geometry": {"type": "LineString", "coordinates": [[515.67, 589.07], [545.09, 546.98]]}, "properties": {"pipe": "p513", "zone": 10, "length_m": 51.3582, "diameter_mm": 100.0}}, {"type": "Feature", "geometry": {"type": "LineString", "coordinates": [[545.09, 546.98], [574.52, 504.9]]}, "properties": {"pipe": "p514", "zone": 10, "length_m": 51.354, "diameter_mm": 100.0}}, {"type": "Feature", "geometry": {"type": "LineString", "coordinates": [[574.52, 504.9], [603.95, 462.8]]}, "properties": {"pipe": "p515", "zone": 4, "length_m": 51.3582, "diameter_mm": 100.0}}, {"type": "Feature", "geometry": {"type": "LineString", "coordinates": [[659.8, 795.05], [713.91, 799.8]]}, "properties": {"pipe": "p516", "zone": 10, "length_m": 54.3225, "diameter_mm": 100.0}}, {"type": "Feature", "geometry": {"type": "LineString", "coordinates": [[713.91, 799.8], [768.02, 804.56]]}, "properties": {"pipe": "p517", "zone": 7, "length_m": 54.3143, "diameter_mm": 100.0}}, {"type": "Feature", "geometry": {"type": "LineString", "coordinates": [[659.8, 795.05], [668.7, 746.62]]}, "properties": {"pipe": "p518", "zone": 10, "length_m": 49.2445, "diameter_mm": 100.0}}, {"type": "Feature", "geometry": {"type": "LineString", "coordinates": [[668.7, 746.62], [677.62, 698.18]]}, "properties": {"pipe": "p519", "zone": 10, "length_m": 49.2586, "diameter_mm": 100.0}}, {"type": "Feature", "geometry": {"type": "LineString", "coordinates": [[677.62, 698.18], [686.52, 649.74]]}, "properties": {"pipe": "p520", "zone": 4, "length_m": 49.2445, "diameter_mm": 100.0}}, {"type": "Feature", "geometry": {"type": "LineString", "coordinates": [[557.63, 609.69], [579.38, 571.04]]}, "properties": {"pipe": "p521", "zone": 10, "length_m": 44.3503, "diameter_mm": 100.0}}, {"type": "Feature", "geometry": {"type": "LineString", "coordinates": [[579.38, 571.04], [601.12, 532.38]]}, "properties": {"pipe": "p522", "zone": 10, "length_m": 44.3554, "diameter_mm": 100.0}}, {"type": "Feature", "geometry": {"type": "LineString", "coordinates": [[424.4, 329.23], [427.62, 285.22]]}, "properties": {"pipe": "p523", "zone": 8, "length_m": 44.1281, "diameter_mm": 100.0}}, {"type": "Feature", "geometry": {"type": "LineString", "coordinates": [[427.62, 285.22], [430.85, 241.21]]}, "properties": {"pipe": "p524", "zone": 8, "length_m": 44.1281, "diameter_mm": 100.0}}, {"type": "Feature", "geometry": {"type": "LineString", "coordinates": [[424.4, 329.23], [469.08, 358.75]]}, "properties": {"pipe": "p525", "zone": 8, "length_m": 53.5583, "diameter_mm": 100.0}}, {"type": "Feature", "geometry": {"type": "LineString", "coordinates": [[469.08, 358.75], [513.76, 388.27]]}, "properties": {"pipe": "p526", "zone": 8, "length_m": 53.5538, "diameter_mm": 100.0}}, {"type": "Feature", "geometry": {"type": "LineString", "coordinates": [[601.12, 532.38], [650.0, 559.01]]}, "properties": {"pipe": "p527", "zone": 4, "length_m": 55.6634, "diameter_mm": 100.0}}, {"type": "Feature", "geometry": {"type": "LineString", "coordinates": [[650.0, 559.01], [698.87, 585.63]]}, "properties": {"pipe": "p528", "zone": 4, "length_m": 55.6496, "diameter_mm": 100.0}}, {"type": "Feature", "geometry": {"type": "LineString", "coordinates": [[373.51, 131.03], [422.52, 148.38]]}, "properties": {"pipe": "p529", "zone": 8, "length_m": 51.9983, "diameter_mm": 100.0}}, {"type": "Feature", "geometry": {"type": "LineString", "coordinates": [[422.52, 148.38], [471.54, 165.75]]}, "properties": {"pipe": "p530", "zone": 8, "length_m": 51.9994, "diameter_mm": 100.0}}, {"type": "Feature", "geometry": {"type": "LineString", "coordinates": [[471.54, 165.75], [520.55, 183.11]]}, "properties": {"pipe": "p531", "zone": 8, "length_m": 51.9983, "diameter_mm": 100.0}}, {"type": "Feature", "geometry": {"type": "LineString", "coordinates": [[768.02, 804.56], [771.97, 757.28]]}, "properties": {"pipe": "p532", "zone": 7, "length_m": 47.4437, "diameter_mm": 100.0}}, {"type": "Feature", "geometry": {"type": "LineString", "coordinates": [[771.97, 757.28], [775.93, 710.0]]}, "properties": {"pipe": "p533", "zone": 4, "length_m": 47.4412, "diameter_mm": 100.0}}, {"type": "Feature", "geometry": {"type": "LineString", "coordinates": [[775.93, 710.0], [779.88, 662.72]]}, "properties": {"pipe": "p534", "zone": 4, "length_m": 47.4437, "diameter_mm": 100.0}}, {"type": "Feature", "geometry": {"type": "LineString", "coordinates": [[491.67, 283.43], [506.12, 233.27]]}, "properties": {"pipe": "p535", "zone": 8, "length_m": 52.2005, "diameter_mm": 100.0}}, {"type": "Feature", "geometry": {"type": "LineString", "coordinates": [[506.12, 233.27], [520.55, 183.11]]}, "properties": {"pipe": "p536", "zone": 8, "length_m": 52.1933, "diameter_mm": 100.0}}, {"type": "Feature", "geometry": {"type": "LineString", "coordinates": [[491.67, 283.43], [524.06, 305.92]]}, "properties": {"pipe": "p537", "zone": 8, "length_m": 39.4283, "diameter_mm": 150.0}}, {"type": "Feature", "geometry": {"type": "LineString", "coordinates": [[524.06, 305.92], [556.44, 328.41]]}, "properties": {"pipe": "p538", "zone": 8, "length_m": 39.4283, "diameter_mm": 150.0}}, {"type": "Feature", "geometry": {"type": "LineString", "coordinates": [[635.34, 483.62], [669.76, 508.72]]}, "properties": {"pipe": "p539", "zone": 4, "length_m": 42.5989, "diameter_mm": 100.0}}, {"type": "Feature", "geometry": {"type": "LineString", "coordinates": [[669.76, 508.72], [704.16, 533.84]]}, "properties": {"pipe": "p540", "zone": 4, "length_m": 42.5948, "diameter_mm": 100.0}}, {"type": "Feature", "geometry": {"type": "LineString", "coordinates": [[635.34, 483.62], [658.77, 452.72]]}, "properties": {"pipe": "p541", "zone": 4, "length_m": 38.7756, "diameter_mm": 100.0}}, {"type": "Feature", "geometry": {"type": "LineString", "coordinates": [[658.77, 452.72], [682.2, 421.82]]}, "properties": {"pipe": "p542", "zone": 4, "length_m": 38.7795, "diameter_mm": 100.0}}, {"type": "Feature", "geometry": {"type": "LineString", "coordinates": [[827.24, 810.58], [831.22, 757.96]]}, "properties": {"pipe": "p543", "zone": 7, "length_m": 52.7663, "diameter_mm": 100.0}}, {"type": "Feature", "geometry": {"type": "LineString", "coordinates": [[831.22, 757.96], [831.65, 704.97]]}, "properties": {"pipe": "p544", "zone": 7, "length_m": 52.9968, "diameter_mm": 100.0}}, {"type": "Feature", "geometry": {"type": "LineString", "coordinates": [[831.65, 704.97], [829.95, 654.44]]}, "properties": {"pipe": "p545", "zone": 4, "length_m": 50.5571, "diameter_mm": 100.0}}, {"type": "Feature", "geometry": {"type": "LineString", "coordinates": [[829.95, 654.44], [843.12, 600.12]]}, "properties": {"pipe": "p546", "zone": 4, "length_m": 55.8986, "diameter_mm": 100.0}}, {"type": "Feature", "geometry": {"type": "LineString", "coordinates": [[699.42, 580.32], [739.65, 621.52]]}, "properties": {"pipe": "p547", "zone": 4, "length_m": 57.5883, "diameter_mm": 100.0}}, {"type": "Feature", "geometry": {"type": "LineString", "coordinates": [[739.65, 621.52], [779.88, 662.72]]}, "properties": {"pipe": "p548", "zone": 4, "length_m": 57.5883, "diameter_mm": 100.0}}, {"type": "Feature", "geometry": {"type": "LineString", "coordinates": [[588.0, 351.62], [562.29, 383.77]]}, "properties": {"pipe": "p549", "zone": 4, "length_m": 41.1662, "diameter_mm": 100.0}}, {"type": "Feature", "geometry": {"type": "LineString", "coordinates": [[562.29, 383.77], [536.59, 415.93]]}, "properties": {"pipe": "p550", "zone": 4, "length_m": 41.1662, "diameter_mm": 100.0}}, {"type": "Feature", "geometry": {"type": "LineString", "coordinates": [[704.16, 533.84], [708.69, 489.54]]}, "properties": {"pipe": "p551", "zone": 4, "length_m": 44.5293, "diameter_mm": 150.0}}, {"type": "Feature", "geometry": {"type": "LineString", "coordinates": [[708.69, 489.54], [713.2, 445.23]]}, "properties": {"pipe": "p552", "zone": 4, "length_m": 44.5315, "diameter_mm": 150.0}}, {"type": "Feature", "geometry": {"type": "LineString", "coordinates": [[617.83, 373.57], [593.86, 406.66]]}, "properties": {"pipe": "p553", "zone": 4, "length_m": 40.8647, "diameter_mm": 100.0}}, {"type": "Feature", "geometry": {"type": "LineString", "coordinates": [[593.86, 406.66], [569.87, 439.74]]}, "properties": {"pipe": "p554", "zone": 4, "length_m": 40.8606, "diameter_mm": 100.0}}, {"type": "Feature", "geometry": {"type": "LineString", "coordinates": [[652.08, 399.06], [628.02, 430.93]]}, "properties": {"pipe": "p555", "zone": 4, "length_m": 39.9307, "diameter_mm": 100.0}}, {"type": "Feature", "geometry": {"type": "LineString", "coordinates": [[628.02, 430.93], [603.95, 462.8]]}, "properties": {"pipe": "p556", "zone": 4, "length_m": 39.9399, "diameter_mm": 100.0}}, {"type": "Feature", "geometry": {"type": "LineString", "coordinates": [[877.85, 782.22], [874.98, 729.11]]}, "properties": {"pipe": "p557", "zone": 7, "length_m": 53.1881, "diameter_mm": 100.0}}, {"type": "Feature", "geometry": {"type": "LineString", "coordinates": [[874.98, 729.11], [872.11, 676.01]]}, "properties": {"pipe": "p558", "zone": 7, "length_m": 53.1746, "diameter_mm": 100.0}}, {"type": "Feature", "geometry": {"type": "LineString", "coordinates": [[872.11, 676.01], [869.24, 622.9]]}, "properties": {"pipe": "p559", "zone": 4, "length_m": 53.1881, "diameter_mm": 100.0}}, {"type": "Feature", "geometry": {"type": "LineString", "coordinates": [[713.2, 445.23], [716.34, 393.05]]}, "properties": {"pipe": "p560", "zone": 4, "length_m": 52.2754, "diameter_mm": 100.0}}, {"type": "Feature", "geometry": {"type": "LineString", "coordinates": [[716.34, 393.05], [719.47, 340.87]]}, "properties": {"pipe": "p561", "zone": 4, "length_m": 52.2783, "diameter_mm": 100.0}}, {"type": "Feature", "geometry": {"type": "LineString", "coordinates": [[571.03, 196.53], [569.39, 234.87]]}, "properties": {"pipe": "p562", "zone": 8, "length_m": 38.372, "diameter_mm": 100.0}}, {"type": "Feature", "geometry": {"type": "LineString", "coordinates": [[569.39, 234.87], [590.31, 265.14]]}, "properties": {"pipe": "p563", "zone": 8, "length_m": 36.8009, "diameter_mm": 100.0}}, {"type": "Feature", "geometry": {"type": "LineString", "coordinates": [[590.31, 265.14], [587.32, 311.51]]}, "properties": {"pipe": "p564", "zone": 8, "length_m": 46.4672, "diameter_mm": 100.0}}, {"type": "Feature", "geometry": {"type": "LineString", "coordinates": [[587.32, 311.51], [641.12, 327.38]]}, "properties": {"pipe": "p565", "zone": 4, "length_m": 56.091, "diameter_mm": 100.0}}, {"type": "Feature", "geometry": {"type": "LineString", "coordinates": [[641.12, 327.38], [719.47, 340.87]]}, "properties": {"pipe": "p566", "zone": 4, "length_m": 79.5058, "diameter_mm": 100.0}}, {"type": "Feature", "geometry": {"type": "LineString", "coordinates": [[571.03, 196.53], [625.26, 208.53]]}, "properties": {"pipe": "p567", "zone": 8, "length_m": 55.5403, "diameter_mm": 100.0}}, {"type": "Feature", "geometry": {"type": "LineString", "coordinates": [[625.26, 208.53], [679.49, 220.52]]}, "properties": {"pipe": "p568", "zone": 4, "length_m": 55.5409, "diameter_mm": 100.0}}, {"type": "Feature", "geometry": {"type": "LineString", "coordinates": [[679.49, 220.52], [733.72, 232.53]]}, "properties": {"pipe": "p569", "zone": 4, "length_m": 55.5403, "diameter_mm": 100.0}}, {"type": "Feature", "geometry": {"type": "LineString", "coordinates": [[912.7, 758.45], [915.36, 714.88]]}, "properties": {"pipe": "p570", "zone": 7, "length_m": 43.6496, "diameter_mm": 100.0}}, {"type": "Feature", "geometry": {"type": "LineString", "coordinates": [[915.36, 714.88], [918.04, 671.32]]}, "properties": {"pipe": "p571", "zone": 7, "length_m": 43.6468, "diameter_mm": 100.0}}, {"type": "Feature", "geometry": {"type": "LineString", "coordinates": [[918.04, 671.32], [920.7, 627.75]]}, "properties": {"pipe": "p572", "zone": 7, "length_m": 43.6496, "diameter_mm": 100.0}}, {"type": "Feature", "geometry": {"type": "LineString", "coordinates": [[756.81, 470.46], [766.72, 416.35]]}, "properties": {"pipe": "p573", "zone": 4, "length_m": 55.0151, "diameter_mm": 100.0}}, {"type": "Feature", "geometry": {"type": "LineString", "coordinates": [[766.72, 416.35], [776.63, 362.23]]}, "properties": {"pipe": "p574", "zone": 4, "length_m": 55.0151, "diameter_mm": 100.0}}, {"type": "Feature", "geometry": {"type": "LineString", "coordinates": [[776.63, 362.23], [786.54, 308.12]]}, "properties": {"pipe": "p575", "zone": 4, "length_m": 55.0151, "diameter_mm": 100.0}}, {"type": "Feature", "geometry": {"type": "LineString", "coordinates": [[786.54, 308.12], [796.45, 254.0]]}, "properties": {"pipe": "p576", "zone": 4, "length_m": 55.0151, "diameter_mm": 100.0}}, {"type": "Feature", "geometry": {"type": "LineString", "coordinates": [[843.12, 600.12], [857.92, 564.2]]}, "properties": {"pipe": "p577", "zone": 4, "length_m": 38.8471, "diameter_mm": 100.0}}, {"type": "Feature", "geometry": {"type": "LineString", "coordinates": [[857.92, 564.2], [872.72, 528.28]]}, "properties": {"pipe": "p578", "zone": 4, "length_m": 38.8453, "diameter_mm": 100.0}}, {"type": "Feature", "geometry": {"type": "LineString", "coordinates": [[934.43, 751.2], [938.32, 690.38]]}, "properties": {"pipe": "p579", "zone": 7, "length_m": 60.9532, "diameter_mm": 100.0}}, {"type": "Feature", "geometry": {"type": "LineString", "coordinates": [[938.32, 690.38], [942.22, 629.54]]}, "properties": {"pipe": "p580", "zone": 7, "length_m": 60.9616, "diameter_mm": 100.0}}, {"type": "Feature", "geometry": {"type": "LineString", "coordinates": [[800.83, 492.62], [807.76, 447.08]]}, "properties": {"pipe": "p581", "zone": 4, "length_m": 46.0603, "diameter_mm": 100.0}}, {"type": "Feature", "geometry": {"type": "LineString", "coordinates": [[807.76, 447.08], [814.69, 401.55]]}, "properties": {"pipe": "p582", "zone": 4, "length_m": 46.0541, "diameter_mm": 100.0}}, {"type": "Feature", "geometry": {"type": "LineString", "coordinates": [[814.69, 401.55], [821.61, 356.01]]}, "properties": {"pipe": "p583", "zone": 4, "length_m": 46.0681, "diameter_mm": 100.0}}, {"type": "Feature", "geometry": {"type": "LineString", "coordinates": [[821.61, 356.01], [828.53, 310.47]]}, "properties": {"pipe": "p584", "zone": 4, "length_m": 46.0541, "diameter_mm": 100.0}}, {"type": "Feature", "geometry": {"type": "LineString", "coordinates": [[828.53, 310.47], [835.46, 264.94]]}, "properties": {"pipe": "p585", "zone": 4, "length_m": 46.0603, "diameter_mm": 100.0}}, {"type": "Feature", "geometry": {"type": "LineString", "coordinates": [[719.47, 340.87], [726.6, 286.7]]}, "properties": {"pipe": "p586", "zone": 4, "length_m": 54.6393, "diameter_mm": 100.0}}, {"type": "Feature", "geometry": {"type": "LineString", "coordinates": [[726.6, 286.7], [733.72, 232.53]]}, "properties": {"pipe": "p587", "zone": 4, "length_m": 54.6332, "diameter_mm": 100.0}}, {"type": "Feature", "geometry": {"type": "LineString", "coordinates": [[858.56, 521.58], [866.55, 472.69]]}, "properties": {"pipe": "p588", "zone": 4, "length_m": 49.5382, "diameter_mm": 100.0}}, {"type": "Feature", "geometry": {"type": "LineString", "coordinates": [[866.55, 472.69], [874.56, 423.8]]}, "properties": {"pipe": "p589", "zone": 4, "length_m": 49.5368, "diameter_mm": 100.0}}, {"type": "Feature", "geometry": {"type": "LineString", "coordinates": [[874.56, 423.8], [882.56, 374.91]]}, "properties": {"pipe": "p590", "zone": 4, "length_m": 49.5382, "diameter_mm": 100.0}}, {"type": "Feature", "geometry": {"type": "LineString", "coordinates": [[882.56, 374.91], [890.57, 326.03]]}, "properties": {"pipe": "p591", "zone": 4, "length_m": 49.5368, "diameter_mm": 100.0}}, {"type": "Feature", "geometry": {"type": "LineString", "coordinates": [[890.57, 326.03], [898.57, 277.14]]}, "properties": {"pipe": "p592", "zone": 4, "length_m": 49.5382, "diameter_mm": 100.0}}, {"type": "Feature", "geometry": {"type": "LineString", "coordinates": [[993.5, 734.78], [996.72, 686.36]]}, "properties": {"pipe": "p593", "zone": 7, "length_m": 48.5253, "diameter_mm": 100.0}}, {"type": "Feature", "geometry": {"type": "LineString", "coordinates": [[996.72, 686.36], [999.93, 637.95]]}, "properties": {"pipe": "p594", "zone": 7, "length_m": 48.5197, "diameter_mm": 100.0}}, {"type": "Feature", "geometry": {"type": "LineString", "coordinates": [[999.93, 637.95], [1003.16, 589.53]]}, "properties": {"pipe": "p595", "zone": 7, "length_m": 48.5253, "diameter_mm": 100.0}}, {"type": "Feature", "geometry": {"type": "LineString", "coordinates": [[893.49, 538.09], [902.12, 487.6]]}, "properties": {"pipe": "p596", "zone": 4, "length_m": 51.2225, "diameter_mm": 100.0}}, {"type": "Feature", "geometry": {"type": "LineString", "coordinates": [[902.12, 487.6], [910.75, 437.12]]}, "properties": {"pipe": "p597", "zone": 4, "length_m": 51.2148, "diameter_mm": 100.0}}, {"type": "Feature", "geometry": {"type": "LineString", "coordinates": [[910.75, 437.12], [919.39, 386.63]]}, "properties": {"pipe": "p598", "zone": 4, "length_m": 51.2289, "diameter_mm": 100.0}}, {"type": "Feature", "geometry": {"type": "LineString", "coordinates": [[919.39, 386.63], [928.03, 336.15]]}, "properties": {"pipe": "p599", "zone": 4, "length_m": 51.2148, "diameter_mm": 100.0}}, {"type": "Feature", "geometry": {"type": "LineString", "coordinates": [[928.03, 336.15], [936.66, 285.66]]}, "properties": {"pipe": "p600", "zone": 4, "length_m": 51.2225, "diameter_mm": 100.0}}, {"type": "Feature", "geometry": {"type": "LineString", "coordinates": [[928.9, 554.77], [934.34, 501.67]]}, "properties": {"pipe": "p601", "zone": 4, "length_m": 53.3805, "diameter_mm": 100.0}}, {"type": "Feature", "geometry": {"type": "LineString", "coordinates": [[934.34, 501.67], [939.77, 448.58]]}, "properties": {"pipe": "p602", "zone": 4, "length_m": 53.3666, "diameter_mm": 100.0}}, {"type": "Feature", "geometry": {"type": "LineString", "coordinates": [[939.77, 448.58], [945.21, 395.48]]}, "properties": {"pipe": "p603", "zone": 4, "length_m": 53.3805, "diameter_mm": 100.0}}, {"type": "Feature", "geometry": {"type": "LineString", "coordinates": [[945.21, 395.48], [950.64, 342.39]]}, "properties": {"pipe": "p604", "zone": 4, "length_m": 53.3666, "diameter_mm": 100.0}}, {"type": "Feature", "geometry": {"type": "LineString", "coordinates": [[950.64, 342.39], [956.08, 289.28]]}, "properties": {"pipe": "p605", "zone": 4, "length_m": 53.3805, "diameter_mm": 100.0}}, {"type": "Feature", "geometry": {"type": "LineString", "coordinates": [[1067.85, 732.35], [1054.81, 679.14]]}, "properties": {"pipe": "p606", "zone": 7, "length_m": 54.7828, "diameter_mm": 100.0}}, {"type": "Feature", "geometry": {"type": "LineString", "coordinates": [[1054.81, 679.14], [1056.46, 630.41]]}, "properties": {"pipe": "p607", "zone": 7, "length_m": 48.7504, "diameter_mm": 100.0}}, {"type": "Feature", "geometry": {"type": "LineString", "coordinates": [[1067.85, 732.35], [1099.42, 725.23]]}, "properties": {"pipe": "p608", "zone": 7, "length_m": 32.3629, "diameter_mm": 100.0}}, {"type": "Feature", "geometry": {"type": "LineString", "coordinates": [[1099.42, 725.23], [1130.99, 718.1]]}, "properties": {"pipe": "p609", "zone": 7, "length_m": 32.3599, "diameter_mm": 100.0}}, {"type": "Feature", "geometry": {"type": "LineString", "coordinates": [[1077.3, 658.25], [1104.15, 688.18]]}, "properties": {"pipe": "p610", "zone": 7, "length_m": 40.204, "diameter_mm": 100.0}}, {"type": "Feature", "geometry": {"type": "LineString", "coordinates": [[1104.15, 688.18], [1130.99, 718.1]]}, "properties": {"pipe": "p611", "zone": 7, "length_m": 40.1921, "diameter_mm": 100.0}}, {"type": "Feature", "geometry": {"type": "LineString", "coordinates": [[1090.25, 587.4], [1089.4, 537.54]]}, "properties": {"pipe": "p612", "zone": 3, "length_m": 49.861, "diameter_mm": 100.0}}, {"type": "Feature", "geometry": {"type": "LineString", "coordinates": [[1089.4, 537.54], [1088.53, 487.69]]}, "properties": {"pipe": "p613", "zone": 3, "length_m": 49.8649, "diameter_mm": 100.0}}, {"type": "Feature", "geometry": {"type": "LineString", "coordinates": [[1011.43, 450.85], [1016.04, 401.12]]}, "properties": {"pipe": "p614", "zone": 3, "length_m": 49.9509, "diameter_mm": 100.0}}, {"type": "Feature", "geometry": {"type": "LineString", "coordinates": [[1016.04, 401.12], [1020.63, 351.38]]}, "properties": {"pipe": "p615", "zone": 3, "length_m": 49.9533, "diameter_mm": 100.0}}, {"type": "Feature", "geometry": {"type": "LineString", "coordinates": [[1020.63, 351.38], [1025.24, 301.64]]}, "properties": {"pipe": "p616", "zone": 3, "length_m": 49.9509, "diameter_mm": 100.0}}, {"type": "Feature", "geometry": {"type": "LineString", "coordinates": [[1204.59, 707.94], [1250.78, 703.35]]}, "properties": {"pipe": "p617", "zone": 3, "length_m": 46.4205, "diameter_mm": 100.0}}, {"type": "Feature", "geometry": {"type": "LineString", "coordinates": [[1250.78, 703.35], [1302.89, 698.44]]}, "properties": {"pipe": "p618", "zone": 3, "length_m": 52.3405, "diameter_mm": 100.0}}, {"type": "Feature", "geometry": {"type": "LineString", "coordinates": [[1302.89, 698.44], [1348.76, 700.57]]}, "properties": {"pipe": "p619", "zone": 3, "length_m": 45.92, "diameter_mm": 100.0}}, {"type": "Feature", "geometry": {"type": "LineString", "coordinates": [[1348.76, 700.57], [1395.96, 701.0]]}, "properties": {"pipe": "p620", "zone": 3, "length_m": 47.1995, "diameter_mm": 100.0}}, {"type": "Feature", "geometry": {"type": "LineString", "coordinates": [[1204.59, 707.94], [1200.6, 665.63]]}, "properties": {"pipe": "p621", "zone": 3, "length_m": 42.492, "diameter_mm": 100.0}}, {"type": "Feature", "geometry": {"type": "LineString", "coordinates": [[1200.6, 665.63], [1196.61, 623.33]]}, "properties": {"pipe": "p622", "zone": 3, "length_m": 42.492, "diameter_mm": 100.0}}, {"type": "Feature", "geometry": {"type": "LineString", "coordinates": [[1196.61, 623.33], [1192.63, 581.02]]}, "properties": {"pipe": "p623", "zone": 3, "length_m": 42.492, "diameter_mm": 100.0}}, {"type": "Feature", "geometry": {"type": "LineString", "coordinates": [[1137.55, 583.51], [1137.02, 532.09]]}, "properties": {"pipe": "p624", "zone": 3, "length_m": 51.4257, "diameter_mm": 100.0}}, {"type": "Feature", "geometry": {"type": "LineString", "coordinates": [[1137.02, 532.09], [1107.83, 487.78]]}, "properties": {"pipe": "p625", "zone": 3, "length_m": 53.0618, "diameter_mm": 100.0}}, {"type": "Feature", "geometry": {"type": "LineString", "coordinates": [[1107.83, 487.78], [1109.85, 431.01]]}, "properties": {"pipe": "p626", "zone": 3, "length_m": 56.8085, "diameter_mm": 100.0}}, {"type": "Feature", "geometry": {"type": "LineString", "coordinates": [[1109.85, 431.01], [1111.86, 374.23]]}, "properties": {"pipe": "p627", "zone": 3, "length_m": 56.8085, "diameter_mm": 100.0}}, {"type": "Feature", "geometry": {"type": "LineString", "coordinates": [[1111.86, 374.23], [1113.87, 317.46]]}, "properties": {"pipe": "p628", "zone": 3, "length_m": 56.8085, "diameter_mm": 100.0}}, {"type": "Feature", "geometry": {"type": "LineString", "coordinates": [[1025.24, 301.64], [1069.56, 309.55]]}, "properties": {"pipe": "p629", "zone": 3, "length_m": 45.0223, "diameter_mm": 160.0}}, {"type": "Feature", "geometry": {"type": "LineString", "coordinates": [[1069.56, 309.55], [1113.87, 317.46]]}, "properties": {"pipe": "p630", "zone": 3, "length_m": 45.0146, "diameter_mm": 160.0}}, {"type": "Feature", "geometry": {"type": "LineString", "coordinates": [[1192.63, 581.02], [1191.15, 530.85]]}, "properties": {"pipe": "p631", "zone": 3, "length_m": 50.1963, "diameter_mm": 100.0}}, {"type": "Feature", "geometry": {"type": "LineString", "coordinates": [[1191.15, 530.85], [1189.67, 480.69]]}, "properties": {"pipe": "p632", "zone": 3, "length_m": 50.1828, "diameter_mm": 100.0}}, {"type": "Feature", "geometry": {"type": "LineString", "coordinates": [[1189.67, 480.69], [1188.2, 430.51]]}, "properties": {"pipe": "p633", "zone": 3, "length_m": 50.1963, "diameter_mm": 100.0}}, {"type": "Feature", "geometry": {"type": "LineString", "coordinates": [[1188.2, 430.51], [1186.72, 380.35]]}, "properties": {"pipe": "p634", "zone": 3, "length_m": 50.1828, "diameter_mm": 100.0}}, {"type": "Feature", "geometry": {"type": "LineString", "coordinates": [[1186.72, 380.35], [1185.25, 330.18]]}, "properties": {"pipe": "p635", "zone": 3, "length_m": 50.1963, "diameter_mm": 100.0}}, {"type": "Feature", "geometry": {"type": "LineString", "coordinates": [[1192.63, 581.02], [1244.42, 578.71]]}, "properties": {"pipe": "p636", "zone": 3, "length_m": 51.8426, "diameter_mm": 100.0}}, {"type": "Feature", "geometry": {"type": "LineString", "coordinates": [[1244.42, 578.71], [1296.22, 576.4]]}, "properties": {"pipe": "p637", "zone": 3, "length_m": 51.8561, "diameter_mm": 100.0}}, {"type": "Feature", "geometry": {"type": "LineString", "coordinates": [[1296.22, 576.4], [1348.01, 574.08]]}, "properties": {"pipe": "p638", "zone": 3, "length_m": 51.8426, "diameter_mm": 100.0}}, {"type": "Feature", "geometry": {"type": "LineString", "coordinates": [[1348.01, 574.08], [1399.8, 571.76]]}, "properties": {"pipe": "p639", "zone": 3, "length_m": 51.8426, "diameter_mm": 100.0}}, {"type": "Feature", "geometry": {"type": "LineString", "coordinates": [[1395.96, 701.0], [1446.77, 705.8]]}, "properties": {"pipe": "p640", "zone": 5, "length_m": 51.041, "diameter_mm": 100.0}}, {"type": "Feature", "geometry": {"type": "LineString", "coordinates": [[1446.77, 705.8], [1491.26, 699.57]]}, "properties": {"pipe": "p641", "zone": 5, "length_m": 44.9201, "diameter_mm": 100.0}}, {"type": "Feature", "geometry": {"type": "LineString", "coordinates": [[1491.26, 699.57], [1534.31, 677.0]]}, "properties": {"pipe": "p642", "zone": 5, "length_m": 48.6103, "diameter_mm": 100.0}}, {"type": "Feature", "geometry": {"type": "LineString", "coordinates": [[1534.31, 677.0], [1563.84, 639.4]]}, "properties": {"pipe": "p643", "zone": 5, "length_m": 47.8073, "diameter_mm": 100.0}}, {"type": "Feature", "geometry": {"type": "LineString", "coordinates": [[1395.96, 701.0], [1397.24, 657.92]]}, "properties": {"pipe": "p644", "zone": 5, "length_m": 43.1012, "diameter_mm": 100.0}}, {"type": "Feature", "geometry": {"type": "LineString", "coordinates": [[1397.24, 657.92], [1398.52, 614.85]]}, "properties": {"pipe": "p645", "zone": 3, "length_m": 43.0927, "diameter_mm": 100.0}}, {"type": "Feature", "geometry": {"type": "LineString", "coordinates": [[1398.52, 614.85], [1399.8, 571.76]]}, "properties": {"pipe": "p646", "zone": 3, "length_m": 43.1012, "diameter_mm": 100.0}}, {"type": "Feature", "geometry": {"type": "LineString", "coordinates": [[1185.25, 330.18], [1229.78, 334.88]]}, "properties": {"pipe": "p647", "zone": 3, "length_m": 44.7849, "diameter_mm": 160.0}}, {"type": "Feature", "geometry": {"type": "LineString", "coordinates": [[1229.78, 334.88], [1274.33, 339.58]]}, "properties": {"pipe": "p648", "zone": 3, "length_m": 44.793, "diameter_mm": 160.0}}, {"type": "Feature", "geometry": {"type": "LineString", "coordinates": [[1274.33, 339.58], [1318.87, 344.28]]}, "properties": {"pipe": "p649", "zone": 3, "length_m": 44.7849, "diameter_mm": 160.0}}, {"type": "Feature", "geometry": {"type": "LineString", "coordinates": [[1318.87, 344.28], [1363.41, 348.97]]}, "properties": {"pipe": "p650", "zone": 3, "length_m": 44.793, "diameter_mm": 160.0}}, {"type": "Feature", "geometry": {"type": "LineString", "coordinates": [[1363.41, 348.97], [1407.95, 353.67]]}, "properties": {"pipe": "p651", "zone": 3, "length_m": 44.7849, "diameter_mm": 160.0}}, {"type": "Feature", "geometry": {"type": "LineString", "coordinates": [[1185.25, 330.18], [1221.67, 351.59]]}, "properties": {"pipe": "p652", "zone": 3, "length_m": 42.2564, "diameter_mm": 100.0}}, {"type": "Feature", "geometry": {"type": "LineString", "coordinates": [[1221.67, 351.59], [1240.85, 404.62]]}, "properties": {"pipe": "p653", "zone": 3, "length_m": 56.3877, "diameter_mm": 100.0}}, {"type": "Feature", "geometry": {"type": "LineString", "coordinates": [[1240.85, 404.62], [1258.66, 457.29]]}, "properties": {"pipe": "p654", "zone": 3, "length_m": 55.6009, "diameter_mm": 100.0}}, {"type": "Feature", "geometry": {"type": "LineString", "coordinates": [[1258.66, 457.29], [1282.94, 499.35]]}, "properties": {"pipe": "p655", "zone": 3, "length_m": 48.57, "diameter_mm": 100.0}}, {"type": "Feature", "geometry": {"type": "LineString", "coordinates": [[1282.94, 499.35], [1329.98, 513.41]]}, "properties": {"pipe": "p656", "zone": 3, "length_m": 49.0932, "diameter_mm": 100.0}}, {"type": "Feature", "geometry": {"type": "LineString", "coordinates": [[1329.98, 513.41], [1369.15, 537.26]]}, "properties": {"pipe": "p657", "zone": 3, "length_m": 45.8613, "diameter_mm": 100.0}}, {"type": "Feature", "geometry": {"type": "LineString", "coordinates": [[1369.15, 537.26], [1399.8, 571.76]]}, "properties": {"pipe": "p658", "zone": 3, "length_m": 46.1546, "diameter_mm": 100.0}}, {"type": "Feature", "geometry": {"type": "LineString", "coordinates": [[1399.8, 571.76], [1453.18, 576.91]]}, "properties": {"pipe": "p659", "zone": 3, "length_m": 53.6192, "diameter_mm": 100.0}}, {"type": "Feature", "geometry": {"type": "LineString", "coordinates": [[1453.18, 576.91], [1506.54, 582.04]]}, "properties": {"pipe": "p660", "zone": 5, "length_m": 53.6134, "diameter_mm": 100.0}}, {"type": "Feature", "geometry": {"type": "LineString", "coordinates": [[1399.8, 571.76], [1400.09, 519.86]]}, "properties": {"pipe": "p661", "zone": 3, "length_m": 51.9074, "diameter_mm": 100.0}}, {"type": "Feature", "geometry": {"type": "LineString", "coordinates": [[1400.09, 519.86], [1398.72, 459.98]]}, "properties": {"pipe": "p662", "zone": 3, "length_m": 59.8917, "diameter_mm": 100.0}}, {"type": "Feature", "geometry": {"type": "LineString", "coordinates": [[1398.72, 459.98], [1398.51, 412.03]]}, "properties": {"pipe": "p663", "zone": 3, "length_m": 47.9481, "diameter_mm": 100.0}}, {"type": "Feature", "geometry": {"type": "LineString", "coordinates": [[1398.51, 412.03], [1407.95, 353.67]]}, "properties": {"pipe": "p664", "zone": 3, "length_m": 59.1206, "diameter_mm": 100.0}}, {"type": "Feature", "geometry": {"type": "LineString", "coordinates": [[1506.54, 582.04], [1535.19, 610.72]]}, "properties": {"pipe": "p665", "zone": 5, "length_m": 40.5355, "diameter_mm": 100.0}}, {"type": "Feature", "geometry": {"type": "LineString", "coordinates": [[1535.19, 610.72], [1563.84, 639.4]]}, "properties": {"pipe": "p666", "zone": 5, "length_m": 40.5355, "diameter_mm": 100.0}}, {"type": "Feature", "geometry": {"type": "LineString", "coordinates": [[1508.93, 554.08], [1509.11, 507.78]]}, "properties": {"pipe": "p667", "zone": 5, "length_m": 46.3, "diameter_mm": 100.0}}, {"type": "Feature", "geometry": {"type": "LineString", "coordinates": [[1509.11, 507.78], [1509.28, 461.48]]}, "properties": {"pipe": "p668", "zone": 5, "length_m": 46.3, "diameter_mm": 100.0}}, {"type": "Feature", "geometry": {"type": "LineString", "coordinates": [[1509.28, 461.48], [1509.45, 415.17]]}, "properties": {"pipe": "p669", "zone": 3, "length_m": 46.3086, "diameter_mm": 100.0}}, {"type": "Feature", "geometry": {"type": "LineString", "coordinates": [[1509.45, 415.17], [1509.62, 368.87]]}, "properties": {"pipe": "p670", "zone": 3, "length_m": 46.3, "diameter_mm": 100.0}}, {"type": "Feature", "geometry": {"type": "LineString", "coordinates": [[1407.95, 353.67], [1458.79, 361.27]]}, "properties": {"pipe": "p671", "zone": 3, "length_m": 51.4048, "diameter_mm": 160.0}}, {"type": "Feature", "geometry": {"type": "LineString", "coordinates": [[1458.79, 361.27], [1509.62, 368.87]]}, "properties": {"pipe": "p672", "zone": 3, "length_m": 51.397, "diameter_mm": 160.0}}, {"type": "Feature", "geometry": {"type": "LineString", "coordinates": [[1636.63, 668.44], [1674.79, 646.09]]}, "properties": {"pipe": "p673", "zone": 5, "length_m": 44.2209, "diameter_mm": 100.0}}, {"type": "Feature", "geometry": {"type": "LineString", "coordinates": [[1674.79, 646.09], [1712.94, 623.74]]}, "properties": {"pipe": "p674", "zone": 5, "length_m": 44.2109, "diameter_mm": 100.0}}, {"type": "Feature", "geometry": {"type": "LineString", "coordinates": [[1558.76, 511.02], [1597.52, 514.45]]}, "properties": {"pipe": "p675", "zone": 5, "length_m": 38.9176, "diameter_mm": 100.0}}, {"type": "Feature", "geometry": {"type": "LineString", "coordinates": [[1597.52, 514.45], [1636.29, 517.86]]}, "properties": {"pipe": "p676", "zone": 5, "length_m": 38.9119, "diameter_mm": 100.0}}, {"type": "Feature", "geometry": {"type": "LineString", "coordinates": [[1629.01, 592.81], [1586.15, 589.44]]}, "properties": {"pipe": "p677", "zone": 5, "length_m": 42.9908, "diameter_mm": 100.0}}, {"type": "Feature", "geometry": {"type": "LineString", "coordinates": [[1586.15, 589.44], [1543.29, 586.07]]}, "properties": {"pipe": "p678", "zone": 5, "length_m": 42.9908, "diameter_mm": 100.0}}, {"type": "Feature", "geometry": {"type": "LineString", "coordinates": [[1672.42, 568.34], [1706.96, 571.61]]}, "properties": {"pipe": "p679", "zone": 5, "length_m": 34.6872, "diameter_mm": 100.0}}, {"type": "Feature", "geometry": {"type": "LineString", "coordinates": [[1706.96, 571.61], [1754.99, 555.7]]}, "properties": {"pipe": "p680", "zone": 5, "length_m": 50.597, "diameter_mm": 100.0}}, {"type": "Feature", "geometry": {"type": "LineString", "coordinates": [[1562.62, 897.08], [1604.61, 905.72]]}, "properties": {"pipe": "p681", "zone": 5, "length_m": 42.8756, "diameter_mm": 200.0}}, {"type": "Feature", "geometry": {"type": "LineString", "coordinates": [[1604.61, 905.72], [1646.61, 914.36]]}, "properties": {"pipe": "p682", "zone": 5, "length_m": 42.8756, "diameter_mm": 200.0}}, {"type": "Feature", "geometry": {"type": "LineString", "coordinates": [[1562.62, 897.08], [1507.73, 900.61]]}, "properties": {"pipe": "p683", "zone": 5, "length_m": 55.0033, "diameter_mm": 200.0}}, {"type": "Feature", "geometry": {"type": "LineString", "coordinates": [[1507.73, 900.61], [1452.84, 904.14]]}, "properties": {"pipe": "p684", "zone": 5, "length_m": 55.0033, "diameter_mm": 200.0}}, {"type": "Feature", "geometry": {"type": "LineString", "coordinates": [[1452.84, 904.14], [1397.95, 907.67]]}, "properties": {"pipe": "p685", "zone": 5, "length_m": 55.0033, "diameter_mm": 200.0}}, {"type": "Feature", "geometry": {"type": "LineString", "coordinates": [[1558.86, 845.7], [1600.17, 843.19]]}, "properties": {"pipe": "p686", "zone": 5, "length_m": 41.3852, "diameter_mm": 100.0}}, {"type": "Feature", "geometry": {"type": "LineString", "coordinates": [[1600.17, 843.19], [1641.48, 840.68]]}, "properties": {"pipe": "p687", "zone": 5, "length_m": 41.3852, "diameter_mm": 100.0}}, {"type": "Feature", "geometry": {"type": "LineString", "coordinates": [[1558.86, 845.7], [1540.37, 811.06]]}, "properties": {"pipe": "p688", "zone": 5, "length_m": 39.2619, "diameter_mm": 150.0}}, {"type": "Feature", "geometry": {"type": "LineString", "coordinates": [[1540.37, 811.06], [1521.88, 776.43]]}, "properties": {"pipe": "p689", "zone": 5, "length_m": 39.2615, "diameter_mm": 150.0}}, {"type": "Feature", "geometry": {"type": "LineString", "coordinates": [[1646.61, 914.36], [1696.13, 920.24]]}, "properties": {"pipe": "p690", "zone": 5, "length_m": 49.8701, "diameter_mm": 200.0}}, {"type": "Feature", "geometry": {"type": "LineString", "coordinates": [[1696.13, 920.24], [1745.66, 926.11]]}, "properties": {"pipe": "p691", "zone": 5, "length_m": 49.8781, "diameter_mm": 200.0}}, {"type": "Feature", "geometry": {"type": "LineString", "coordinates": [[1745.66, 926.11], [1795.19, 931.98]]}, "properties": {"pipe": "p692", "zone": 5, "length_m": 49.8701, "diameter_mm": 200.0}}, {"type": "Feature", "geometry": {"type": "LineString", "coordinates": [[1795.19, 931.98], [1844.71, 937.86]]}, "properties": {"pipe": "p693", "zone": 5, "length_m": 49.8701, "diameter_mm": 200.0}}, {"type": "Feature", "geometry": {"type": "LineString", "coordinates": [[1844.71, 937.86], [1894.24, 943.73]]}, "properties": {"pipe": "p694", "zone": 5, "length_m": 49.8781, "diameter_mm": 200.0}}, {"type": "Feature", "geometry": {"type": "LineString", "coordinates": [[1894.24, 943.73], [1943.76, 949.61]]}, "properties": {"pipe": "p695", "zone": 1, "length_m": 49.8701, "diameter_mm": 200.0}}, {"type": "Feature", "geometry": {"type": "LineString", "coordinates": [[1641.48, 840.68], [1639.5, 801.7]]}, "properties": {"pipe": "p696", "zone": 5, "length_m": 39.021, "diameter_mm": 150.0}}, {"type": "Feature", "geometry": {"type": "LineString", "coordinates": [[1639.5, 801.7], [1633.64, 755.86]]}, "properties": {"pipe": "p697", "zone": 5, "length_m": 46.2162, "diameter_mm": 150.0}}, {"type": "Feature", "geometry": {"type": "LineString", "coordinates": [[1633.64, 755.86], [1653.87, 715.57]]}, "properties": {"pipe": "p698", "zone": 5, "length_m": 45.0813, "diameter_mm": 150.0}}, {"type": "Feature", "geometry": {"type": "LineString", "coordinates": [[1653.87, 715.57], [1701.44, 686.96]]}, "properties": {"pipe": "p699", "zone": 5, "length_m": 55.5188, "diameter_mm": 150.0}}, {"type": "Feature", "geometry": {"type": "LineString", "coordinates": [[1701.44, 686.96], [1752.66, 674.56]]}, "properties": {"pipe": "p700", "zone": 5, "length_m": 52.7013, "diameter_mm": 150.0}}, {"type": "Feature", "geometry": {"type": "LineString", "coordinates": [[1752.66, 674.56], [1757.58, 636.18]]}, "properties": {"pipe": "p701", "zone": 5, "length_m": 38.6951, "diameter_mm": 150.0}}, {"type": "Feature", "geometry": {"type": "LineString", "coordinates": [[1690.26, 842.71], [1742.99, 840.56]]}, "properties": {"pipe": "p702", "zone": 5, "length_m": 52.7766, "diameter_mm": 100.0}}, {"type": "Feature", "geometry": {"type": "LineString", "coordinates": [[1742.99, 840.56], [1795.73, 838.42]]}, "properties": {"pipe": "p703", "zone": 5, "length_m": 52.7766, "diameter_mm": 100.0}}, {"type": "Feature", "geometry": {"type": "LineString", "coordinates": [[1795.73, 838.42], [1848.45, 836.28]]}, "properties": {"pipe": "p704", "zone": 5, "length_m": 52.7677, "diameter_mm": 100.0}}, {"type": "Feature", "geometry": {"type": "LineString", "coordinates": [[1848.45, 836.28], [1901.18, 834.14]]}, "properties": {"pipe": "p705", "zone": 1, "length_m": 52.7766, "diameter_mm": 100.0}}, {"type": "Feature", "geometry": {"type": "LineString", "coordinates": [[1690.26, 842.71], [1693.12, 888.63]]}, "properties": {"pipe": "p706", "zone": 5, "length_m": 46.0095, "diameter_mm": 100.0}}, {"type": "Feature", "geometry": {"type": "LineString", "coordinates": [[1693.12, 888.63], [1742.2, 892.35]]}, "properties": {"pipe": "p707", "zone": 5, "length_m": 49.2161, "diameter_mm": 100.0}}, {"type": "Feature", "geometry": {"type": "LineString", "coordinates": [[1742.2, 892.35], [1796.56, 895.3]]}, "properties": {"pipe": "p708", "zone": 5, "length_m": 54.441, "diameter_mm": 100.0}}, {"type": "Feature", "geometry": {"type": "LineString", "coordinates": [[1796.56, 895.3], [1848.07, 895.32]]}, "properties": {"pipe": "p709", "zone": 5, "length_m": 51.5097, "diameter_mm": 100.0}}, {"type": "Feature", "geometry": {"type": "LineString", "coordinates": [[1848.07, 895.32], [1904.17, 894.73]]}, "properties": {"pipe": "p710", "zone": 1, "length_m": 56.1044, "diameter_mm": 100.0}}, {"type": "Feature", "geometry": {"type": "LineString", "coordinates": [[1691.99, 782.26], [1743.54, 779.95]]}, "properties": {"pipe": "p711", "zone": 5, "length_m": 51.6009, "diameter_mm": 100.0}}, {"type": "Feature", "geometry": {"type": "LineString", "coordinates": [[1743.54, 779.95], [1795.1, 777.63]]}, "properties": {"pipe": "p712", "zone": 5, "length_m": 51.6098, "diameter_mm": 100.0}}, {"type": "Feature", "geometry": {"type": "LineString", "coordinates": [[1795.1, 777.63], [1846.64, 775.31]]}, "properties": {"pipe": "p713", "zone": 5, "length_m": 51.5963, "diameter_mm": 100.0}}, {"type": "Feature", "geometry": {"type": "LineString", "coordinates": [[1846.64, 775.31], [1898.19, 772.99]]}, "properties": {"pipe": "p714", "zone": 1, "length_m": 51.6009, "diameter_mm": 100.0}}, {"type": "Feature", "geometry": {"type": "LineString", "coordinates": [[1691.99, 782.26], [1694.43, 740.22]]}, "properties": {"pipe": "p715", "zone": 5, "length_m": 42.111, "diameter_mm": 100.0}}, {"type": "Feature", "geometry": {"type": "LineString", "coordinates": [[1694.43, 740.22], [1757.1, 733.69]]}, "properties": {"pipe": "p716", "zone": 5, "length_m": 63.0104, "diameter_mm": 100.0}}, {"type": "Feature", "geometry": {"type": "LineString", "coordinates": [[1757.1, 733.69], [1803.15, 728.38]]}, "properties": {"pipe": "p717", "zone": 5, "length_m": 46.3567, "diameter_mm": 100.0}}, {"type": "Feature", "geometry": {"type": "LineString", "coordinates": [[1803.15, 728.38], [1849.2, 723.06]]}, "properties": {"pipe": "p718", "zone": 5, "length_m": 46.3567, "diameter_mm": 100.0}}, {"type": "Feature", "geometry": {"type": "LineString", "coordinates": [[1849.2, 723.06], [1895.25, 717.74]]}, "properties": {"pipe": "p719", "zone": 1, "length_m": 46.3567, "diameter_mm": 100.0}}, {"type": "Feature", "geometry": {"type": "LineString", "coordinates": [[1757.1, 733.69], [1755.94, 692.12]]}, "properties": {"pipe": "p720", "zone": 5, "length_m": 41.5854, "diameter_mm": 100.0}}, {"type": "Feature", "geometry": {"type": "LineString", "coordinates": [[1755.94, 692.12], [1798.11, 691.81]]}, "properties": {"pipe": "p721", "zone": 5, "length_m": 42.1769, "diameter_mm": 100.0}}, {"type": "Feature", "geometry": {"type": "LineString", "coordinates": [[1798.11, 691.81], [1849.13, 690.97]]}, "properties": {"pipe": "p722", "zone": 5, "length_m": 51.0216, "diameter_mm": 100.0}}, {"type": "Feature", "geometry": {"type": "LineString", "coordinates": [[1849.13, 690.97], [1893.1, 683.37]]}, "properties": {"pipe": "p723", "zone": 1, "length_m": 44.6217, "diameter_mm": 100.0}}, {"type": "Feature", "geometry": {"type": "LineString", "coordinates": [[1904.17, 894.73], [1954.28, 894.64]]}, "properties": {"pipe": "p724", "zone": 1, "length_m": 50.1102, "diameter_mm": 100.0}}, {"type": "Feature", "geometry": {"type": "LineString", "coordinates": [[1954.28, 894.64], [2004.39, 894.55]]}, "properties": {"pipe": "p725", "zone": 1, "length_m": 50.1052, "diameter_mm": 100.0}}, {"type": "Feature", "geometry": {"type": "LineString", "coordinates": [[1943.76, 949.61], [1996.25, 948.37]]}, "properties": {"pipe": "p726", "zone": 1, "length_m": 52.4974, "diameter_mm": 200.0}}, {"type": "Feature", "geometry": {"type": "LineString", "coordinates": [[1996.25, 948.37], [2048.73, 947.13]]}, "properties": {"pipe": "p727", "zone": 1, "length_m": 52.4974, "diameter_mm": 200.0}}, {"type": "Feature", "geometry": {"type": "LineString", "coordinates": [[2048.73, 947.13], [2101.21, 945.9]]}, "properties": {"pipe": "p728", "zone": 1, "length_m": 52.4974, "diameter_mm": 200.0}}, {"type": "Feature", "geometry": {"type": "LineString", "coordinates": [[2004.39, 894.55], [2008.51, 838.17]]}, "properties": {"pipe": "p729", "zone": 1, "length_m": 56.5261, "diameter_mm": 100.0}}, {"type": "Feature", "geometry": {"type": "LineString", "coordinates": [[2008.51, 838.17], [2010.38, 787.87]]}, "properties": {"pipe": "p730", "zone": 1, "length_m": 50.3384, "diameter_mm": 100.0}}, {"type": "Feature", "geometry": {"type": "LineString", "coordinates": [[2010.38, 787.87], [2011.09, 725.66]]}, "properties": {"pipe": "p731", "zone": 1, "length_m": 62.2137, "diameter_mm": 100.0}}, {"type": "Feature", "geometry": {"type": "LineString", "coordinates": [[2011.09, 725.66], [1998.45, 693.21]]}, "properties": {"pipe": "p732", "zone": 1, "length_m": 34.8226, "diameter_mm": 100.0}}, {"type": "Feature", "geometry": {"type": "LineString", "coordinates": [[2046.96, 894.6], [2048.98, 844.01]]}, "properties": {"pipe": "p733", "zone": 1, "length_m": 50.6261, "diameter_mm": 100.0}}, {"type": "Feature", "geometry": {"type": "LineString", "coordinates": [[2048.98, 844.01], [2050.98, 793.42]]}, "properties": {"pipe": "p734", "zone": 1, "length_m": 50.6292, "diameter_mm": 100.0}}, {"type": "Feature", "geometry": {"type": "LineString", "coordinates": [[2050.98, 793.42], [2053.0, 742.84]]}, "properties": {"pipe": "p735", "zone": 1, "length_m": 50.6261, "diameter_mm": 100.0}}, {"type": "Feature", "geometry": {"type": "LineString", "coordinates": [[2053.0, 742.84], [2055.01, 692.25]]}, "properties": {"pipe": "p736", "zone": 1, "length_m": 50.6292, "diameter_mm": 100.0}}, {"type": "Feature", "geometry": {"type": "LineString", "coordinates": [[1771.99, 413.95], [1796.76, 388.13]]}, "properties": {"pipe": "p737", "zone": 5, "length_m": 35.78, "diameter_mm": 100.0}}, {"type": "Feature", "geometry": {"type": "LineString", "coordinates": [[1796.76, 388.13], [1848.77, 391.16]]}, "properties": {"pipe": "p738", "zone": 5, "length_m": 52.1012, "diameter_mm": 100.0}}, {"type": "Feature", "geometry": {"type": "LineString", "coordinates": [[2101.21, 945.9], [2149.97, 952.42]]}, "properties": {"pipe": "p739", "zone": 1, "length_m": 49.1982, "diameter_mm": 200.0}}, {"type": "Feature", "geometry": {"type": "LineString", "coordinates": [[2149.97, 952.42], [2200.94, 951.41]]}, "properties": {"pipe": "p740", "zone": 1, "length_m": 50.9743, "diameter_mm": 200.0}}, {"type": "Feature", "geometry": {"type": "LineString", "coordinates": [[2200.94, 951.41], [2247.08, 957.97]]}, "properties": {"pipe": "p741", "zone": 1, "length_m": 46.6046, "diameter_mm": 200.0}}, {"type": "Feature", "geometry": {"type": "LineString", "coordinates": [[2247.08, 957.97], [2293.71, 965.39]]}, "properties": {"pipe": "p742", "zone": 12, "length_m": 47.2139, "diameter_mm": 200.0}}, {"type": "Feature", "geometry": {"type": "LineString", "coordinates": [[2293.71, 965.39], [2343.68, 976.6]]}, "properties": {"pipe": "p743", "zone": 12, "length_m": 51.2096, "diameter_mm": 200.0}}, {"type": "Feature", "geometry": {"type": "LineString", "coordinates": [[2343.68, 976.6], [2393.77, 985.03]]}, "properties": {"pipe": "p744", "zone": 12, "length_m": 50.8017, "diameter_mm": 200.0}}, {"type": "Feature", "geometry": {"type": "LineString", "coordinates": [[1952.82, 622.69], [1947.14, 578.6]]}, "properties": {"pipe": "p745", "zone": 1, "length_m": 44.4531, "diameter_mm": 100.0}}, {"type": "Feature", "geometry": {"type": "LineString", "coordinates": [[1947.14, 578.6], [1941.47, 534.52]]}, "properties": {"pipe": "p746", "zone": 1, "length_m": 44.4439, "diameter_mm": 100.0}}, {"type": "Feature", "geometry": {"type": "LineString", "coordinates": [[1941.47, 534.52], [1935.8, 490.43]]}, "properties": {"pipe": "p747", "zone": 1, "length_m": 44.4531, "diameter_mm": 100.0}}, {"type": "Feature", "geometry": {"type": "LineString", "coordinates": [[1935.8, 490.43], [1930.12, 446.34]]}, "properties": {"pipe": "p748", "zone": 1, "length_m": 44.4531, "diameter_mm": 100.0}}, {"type": "Feature", "geometry": {"type": "LineString", "coordinates": [[1998.45, 693.21], [1990.57, 655.35]]}, "properties": {"pipe": "p749", "zone": 1, "length_m": 38.6749, "diameter_mm": 100.0}}, {"type": "Feature", "geometry": {"type": "LineString", "coordinates": [[1990.57, 655.35], [1982.68, 617.48]]}, "properties": {"pipe": "p750", "zone": 1, "length_m": 38.6812, "diameter_mm": 100.0}}, {"type": "Feature", "geometry": {"type": "LineString", "coordinates": [[1982.68, 617.48], [2031.66, 600.44]]}, "properties": {"pipe": "p751", "zone": 1, "length_m": 51.8609, "diameter_mm": 150.0}}, {"type": "Feature", "geometry": {"type": "LineString", "coordinates": [[2031.66, 600.44], [2080.64, 583.4]]}, "properties": {"pipe": "p752", "zone": 1, "length_m": 51.8511, "diameter_mm": 150.0}}, {"type": "Feature", "geometry": {"type": "LineString", "coordinates": [[2162.96, 890.35], [2220.36, 891.08]]}, "properties": {"pipe": "p753", "zone": 1, "length_m": 57.3993, "diameter_mm": 100.0}}, {"type": "Feature", "geometry": {"type": "LineString", "coordinates": [[2220.36, 891.08], [2277.74, 891.8]]}, "properties": {"pipe": "p754", "zone": 1, "length_m": 57.3942, "diameter_mm": 100.0}}, {"type": "Feature", "geometry": {"type": "LineString", "coordinates": [[2162.96, 890.35], [2164.96, 839.55]]}, "properties": {"pipe": "p755", "zone": 1, "length_m": 50.8348, "diameter_mm": 100.0}}, {"type": "Feature", "geometry": {"type": "LineString", "coordinates": [[2164.96, 839.55], [2166.95, 788.76]]}, "properties": {"pipe": "p756", "zone": 1, "length_m": 50.8295, "diameter_mm": 100.0}}, {"type": "Feature", "geometry": {"type": "LineString", "coordinates": [[2166.95, 788.76], [2168.95, 737.97]]}, "properties": {"pipe": "p757", "zone": 1, "length_m": 50.8348, "diameter_mm": 100.0}}, {"type": "Feature", "geometry": {"type": "LineString", "coordinates": [[1925.52, 395.4], [1975.76, 397.91]]}, "properties": {"pipe": "p758", "zone": 1, "length_m": 50.3026, "diameter_mm": 225.0}}, {"type": "Feature", "geometry": {"type": "LineString", "coordinates": [[1975.76, 397.91], [2026.0, 400.45]]}, "properties": {"pipe": "p759", "zone": 1, "length_m": 50.2996, "diameter_mm": 225.0}}, {"type": "Feature", "geometry": {"type": "LineString", "coordinates": [[2026.0, 400.45], [2076.24, 402.96]]}, "properties": {"pipe": "p760", "zone": 1, "length_m": 50.3026, "diameter_mm": 225.0}}, {"type": "Feature", "geometry": {"type": "LineString", "coordinates": [[2118.18, 680.81], [2101.51, 626.53]]}, "properties": {"pipe": "p761", "zone": 1, "length_m": 56.7786, "diameter_mm": 100.0}}, {"type": "Feature", "geometry": {"type": "LineString", "coordinates": [[2101.51, 626.53], [2080.64, 583.4]]}, "properties": {"pipe": "p762", "zone": 1, "length_m": 47.9173, "diameter_mm": 100.0}}, {"type": "Feature", "geometry": {"type": "LineString", "coordinates": [[2168.95, 737.97], [2218.47, 734.57]]}, "properties": {"pipe": "p763", "zone": 1, "length_m": 49.6335, "diameter_mm": 100.0}}, {"type": "Feature", "geometry": {"type": "LineString", "coordinates": [[2218.47, 734.57], [2267.98, 731.19]]}, "properties": {"pipe": "p764", "zone": 1, "length_m": 49.6246, "diameter_mm": 100.0}}, {"type": "Feature", "geometry": {"type": "LineString", "coordinates": [[2267.98, 731.19], [2317.5, 727.79]]}, "properties": {"pipe": "p765", "zone": 1, "length_m": 49.6335, "diameter_mm": 100.0}}, {"type": "Feature", "geometry": {"type": "LineString", "coordinates": [[2317.5, 727.79], [2367.0, 724.4]]}, "properties": {"pipe": "p766", "zone": 1, "length_m": 49.6246, "diameter_mm": 100.0}}, {"type": "Feature", "geometry": {"type": "LineString", "coordinates": [[2101.07, 568.83], [2097.23, 525.5]]}, "properties": {"pipe": "p767", "zone": 1, "length_m": 43.5047, "diameter_mm": 100.0}}, {"type": "Feature", "geometry": {"type": "LineString", "coordinates": [[2097.23, 525.5], [2093.38, 482.16]]}, "properties": {"pipe": "p768", "zone": 1, "length_m": 43.5047, "diameter_mm": 100.0}}, {"type": "Feature", "geometry": {"type": "LineString", "coordinates": [[2101.07, 568.83], [2148.93, 543.97]]}, "properties": {"pipe": "p769", "zone": 1, "length_m": 53.9334, "diameter_mm": 150.0}}, {"type": "Feature", "geometry": {"type": "LineString", "coordinates": [[2148.93, 543.97], [2196.79, 519.11]]}, "properties": {"pipe": "p770", "zone": 1, "length_m": 53.9334, "diameter_mm": 150.0}}, {"type": "Feature", "geometry": {"type": "LineString", "coordinates": [[2200.09, 674.83], [2249.12, 671.84]]}, "properties": {"pipe": "p771", "zone": 1, "length_m": 49.122, "diameter_mm": 100.0}}, {"type": "Feature", "geometry": {"type": "LineString", "coordinates": [[2249.12, 671.84], [2298.14, 668.85]]}, "properties": {"pipe": "p772", "zone": 1, "length_m": 49.1175, "diameter_mm": 100.0}}, {"type": "Feature", "geometry": {"type": "LineString", "coordinates": [[2298.14, 668.85], [2347.17, 665.86]]}, "properties": {"pipe": "p773", "zone": 1, "length_m": 49.122, "diameter_mm": 100.0}}, {"type": "Feature", "geometry": {"type": "LineString", "coordinates": [[2093.38, 482.16], [2084.82, 442.56]]}, "properties": {"pipe": "p774", "zone": 1, "length_m": 40.5177, "diameter_mm": 100.0}}, {"type": "Feature", "geometry": {"type": "LineString", "coordinates": [[2084.82, 442.56], [2076.24, 402.96]]}, "properties": {"pipe": "p775", "zone": 1, "length_m": 40.5146, "diameter_mm": 100.0}}, {"type": "Feature", "geometry": {"type": "LineString", "coordinates": [[2393.77, 985.03], [2441.95, 996.02]]}, "properties": {"pipe": "p776", "zone": 12, "length_m": 49.4191, "diameter_mm": 200.0}}, {"type": "Feature", "geometry": {"type": "LineString", "coordinates": [[2441.95, 996.02], [2490.13, 1007.01]]}, "properties": {"pipe": "p777", "zone": 12, "length_m": 49.4191, "diameter_mm": 200.0}}, {"type": "Feature", "geometry": {"type": "LineString", "coordinates": [[2490.13, 1007.01], [2538.32, 1018.0]]}, "properties": {"pipe": "p778", "zone": 12, "length_m": 49.4264, "diameter_mm": 200.0}}, {"type": "Feature", "geometry": {"type": "LineString", "coordinates": [[2538.32, 1018.0], [2586.51, 1028.99]]}, "properties": {"pipe": "p779", "zone": 12, "length_m": 49.4191, "diameter_mm": 200.0}}, {"type": "Feature", "geometry": {"type": "LineString", "coordinates": [[2586.51, 1028.99], [2634.69, 1039.98]]}, "properties": {"pipe": "p780", "zone": 12, "length_m": 49.4191, "diameter_mm": 200.0}}, {"type": "Feature", "geometry": {"type": "LineString", "coordinates": [[2634.69, 1039.98], [2682.87, 1050.98]]}, "properties": {"pipe": "p781", "zone": 12, "length_m": 49.4191, "diameter_mm": 200.0}}, {"type": "Feature", "geometry": {"type": "LineString", "coordinates": [[2076.24, 402.96], [2118.1, 403.1]]}, "properties": {"pipe": "p782", "zone": 1, "length_m": 41.858, "diameter_mm": 225.0}}, {"type": "Feature", "geometry": {"type": "LineString", "coordinates": [[2118.1, 403.1], [2159.96, 403.23]]}, "properties": {"pipe": "p783", "zone": 1, "length_m": 41.8616, "diameter_mm": 225.0}}, {"type": "Feature", "geometry": {"type": "LineString", "coordinates": [[2159.96, 403.23], [2201.82, 403.37]]}, "properties": {"pipe": "p784", "zone": 1, "length_m": 41.858, "diameter_mm": 225.0}}, {"type": "Feature", "geometry": {"type": "LineString", "coordinates": [[2198.62, 603.33], [2246.41, 600.15]]}, "properties": {"pipe": "p785", "zone": 1, "length_m": 47.902, "diameter_mm": 100.0}}, {"type": "Feature", "geometry": {"type": "LineString", "coordinates": [[2246.41, 600.15], [2294.22, 596.98]]}, "properties": {"pipe": "p786", "zone": 1, "length_m": 47.9154, "diameter_mm": 100.0}}, {"type": "Feature", "geometry": {"type": "LineString", "coordinates": [[2294.22, 596.98], [2342.02, 593.81]]}, "properties": {"pipe": "p787", "zone": 1, "length_m": 47.902, "diameter_mm": 100.0}}, {"type": "Feature", "geometry": {"type": "LineString", "coordinates": [[2409.17, 938.26], [2452.31, 948.07]]}, "properties": {"pipe": "p788", "zone": 12, "length_m": 44.2335, "diameter_mm": 100.0}}, {"type": "Feature", "geometry": {"type": "LineString", "coordinates": [[2452.31, 948.07], [2495.43, 957.88]]}, "properties": {"pipe": "p789", "zone": 12, "length_m": 44.2262, "diameter_mm": 100.0}}, {"type": "Feature", "geometry": {"type": "LineString", "coordinates": [[2495.43, 957.88], [2538.56, 967.69]]}, "properties": {"pipe": "p790", "zone": 12, "length_m": 44.2335, "diameter_mm": 100.0}}, {"type": "Feature", "geometry": {"type": "LineString", "coordinates": [[2197.04, 535.91], [2242.12, 535.04]]}, "properties": {"pipe": "p791", "zone": 1, "length_m": 45.0892, "diameter_mm": 100.0}}, {"type": "Feature", "geometry": {"type": "LineString", "coordinates": [[2242.12, 535.04], [2288.94, 530.9]]}, "properties": {"pipe": "p792", "zone": 1, "length_m": 47.0074, "diameter_mm": 100.0}}, {"type": "Feature", "geometry": {"type": "LineString", "coordinates": [[2288.94, 530.9], [2335.04, 529.47]]}, "properties": {"pipe": "p793", "zone": 1, "length_m": 46.1225, "diameter_mm": 100.0}}, {"type": "Feature", "geometry": {"type": "LineString", "coordinates": [[2335.04, 529.47], [2342.02, 593.81]]}, "properties": {"pipe": "p794", "zone": 6, "length_m": 64.7194, "diameter_mm": 100.0}}, {"type": "Feature", "geometry": {"type": "LineString", "coordinates": [[2196.9, 506.88], [2231.84, 492.67]]}, "properties": {"pipe": "p795", "zone": 1, "length_m": 37.7147, "diameter_mm": 100.0}}, {"type": "Feature", "geometry": {"type": "LineString", "coordinates": [[2231.84, 492.67], [2266.76, 478.46]]}, "properties": {"pipe": "p796", "zone": 1, "length_m": 37.7034, "diameter_mm": 100.0}}, {"type": "Feature", "geometry": {"type": "LineString", "coordinates": [[2196.9, 506.88], [2199.37, 455.13]]}, "properties": {"pipe": "p797", "zone": 1, "length_m": 51.8136, "diameter_mm": 100.0}}, {"type": "Feature", "geometry": {"type": "LineString", "coordinates": [[2199.37, 455.13], [2201.82, 403.37]]}, "properties": {"pipe": "p798", "zone": 1, "length_m": 51.8166, "diameter_mm": 100.0}}, {"type": "Feature", "geometry": {"type": "LineString", "coordinates": [[2426.89, 885.77], [2487.09, 884.88]]}, "properties": {"pipe": "p799", "zone": 12, "length_m": 60.2072, "diameter_mm": 100.0}}, {"type": "Feature", "geometry": {"type": "LineString", "coordinates": [[2487.09, 884.88], [2547.28, 884.0]]}, "properties": {"pipe": "p800", "zone": 12, "length_m": 60.1985, "diameter_mm": 100.0}}, {"type": "Feature", "geometry": {"type": "LineString", "coordinates": [[2429.12, 832.94], [2481.92, 831.1]]}, "properties": {"pipe": "p801", "zone": 12, "length_m": 52.8283, "diameter_mm": 100.0}}, {"type": "Feature", "geometry": {"type": "LineString", "coordinates": [[2481.92, 831.1], [2534.72, 829.27]]}, "properties": {"pipe": "p802", "zone": 12, "length_m": 52.8283, "diameter_mm": 100.0}}, {"type": "Feature", "geometry": {"type": "LineString", "coordinates": [[2534.72, 829.27], [2587.5, 827.44]]}, "properties": {"pipe": "p803", "zone": 12, "length_m": 52.8194, "diameter_mm": 100.0}}, {"type": "Feature", "geometry": {"type": "LineString", "coordinates": [[2587.5, 827.44], [2640.3, 825.61]]}, "properties": {"pipe": "p804", "zone": 12, "length_m": 52.8283, "diameter_mm": 100.0}}, {"type": "Feature", "geometry": {"type": "LineString", "coordinates": [[2640.3, 825.61], [2693.1, 823.77]]}, "properties": {"pipe": "p805", "zone": 12, "length_m": 52.8283, "diameter_mm": 100.0}}, {"type": "Feature", "geometry": {"type": "LineString", "coordinates": [[2201.82, 403.37], [2248.82, 402.02]]}, "properties": {"pipe": "p806", "zone": 1, "length_m": 47.0206, "diameter_mm": 225.0}}, {"type": "Feature", "geometry": {"type": "LineString", "coordinates": [[2248.82, 402.02], [2295.81, 400.66]]}, "properties": {"pipe": "p807", "zone": 1, "length_m": 47.0158, "diameter_mm": 225.0}}, {"type": "Feature", "geometry": {"type": "LineString", "coordinates": [[2295.81, 400.66], [2342.81, 399.31]]}, "properties": {"pipe": "p808", "zone": 6, "length_m": 47.0206, "diameter_mm": 225.0}}, {"type": "Feature", "geometry": {"type": "LineString", "coordinates": [[2342.81, 399.31], [2389.8, 397.95]]}, "properties": {"pipe": "p809", "zone": 6, "length_m": 47.007, "diameter_mm": 225.0}}, {"type": "Feature", "geometry": {"type": "LineString", "coordinates": [[2389.8, 397.95], [2436.8, 396.6]]}, "properties": {"pipe": "p810", "zone": 6, "length_m": 47.0206, "diameter_mm": 225.0}}, {"type": "Feature", "geometry": {"type": "LineString", "coordinates": [[2436.8, 396.6], [2483.8, 395.24]]}, "properties": {"pipe": "p811", "zone": 6, "length_m": 47.0158, "diameter_mm": 225.0}}, {"type": "Feature", "geometry": {"type": "LineString", "coordinates": [[2425.74, 786.58], [2473.87, 784.38]]}, "properties": {"pipe": "p812", "zone": 12, "length_m": 48.1788, "diameter_mm": 100.0}}, {"type": "Feature", "geometry": {"type": "LineString", "coordinates": [[2473.87, 784.38], [2522.0, 782.19]]}, "properties": {"pipe": "p813", "zone": 12, "length_m": 48.1834, "diameter_mm": 100.0}}, {"type": "Feature", "geometry": {"type": "LineString", "coordinates": [[2522.0, 782.19], [2570.13, 779.99]]}, "properties": {"pipe": "p814", "zone": 12, "length_m": 48.1788, "diameter_mm": 100.0}}, {"type": "Feature", "geometry": {"type": "LineString", "coordinates": [[2570.13, 779.99], [2618.27, 777.79]]}, "properties": {"pipe": "p815", "zone": 12, "length_m": 48.1923, "diameter_mm": 100.0}}, {"type": "Feature", "geometry": {"type": "LineString", "coordinates": [[2618.27, 777.79], [2666.4, 775.59]]}, "properties": {"pipe": "p816", "zone": 12, "length_m": 48.1788, "diameter_mm": 100.0}}, {"type": "Feature", "geometry": {"type": "LineString", "coordinates": [[2666.4, 775.59], [2714.53, 773.4]]}, "properties": {"pipe": "p817", "zone": 12, "length_m": 48.1834, "diameter_mm": 100.0}}, {"type": "Feature", "geometry": {"type": "LineString", "coordinates": [[2714.53, 773.4], [2762.66, 771.21]]}, "properties": {"pipe": "p818", "zone": 12, "length_m": 48.1788, "diameter_mm": 100.0}}, {"type": "Feature", "geometry": {"type": "LineString", "coordinates": [[2538.56, 967.69], [2588.98, 979.19]]}, "properties": {"pipe": "p819", "zone": 12, "length_m": 51.7117, "diameter_mm": 100.0}}, {"type": "Feature", "geometry": {"type": "LineString", "coordinates": [[2588.98, 979.19], [2646.7, 993.94]]}, "properties": {"pipe": "p820", "zone": 12, "length_m": 59.5779, "diameter_mm": 100.0}}, {"type": "Feature", "geometry": {"type": "LineString", "coordinates": [[2646.7, 993.94], [2673.29, 940.08]]}, "properties": {"pipe": "p821", "zone": 12, "length_m": 60.0602, "diameter_mm": 100.0}}, {"type": "Feature", "geometry": {"type": "LineString", "coordinates": [[2408.92, 721.88], [2459.66, 718.99]]}, "properties": {"pipe": "p822", "zone": 12, "length_m": 50.8261, "diameter_mm": 100.0}}, {"type": "Feature", "geometry": {"type": "LineString", "coordinates": [[2459.66, 718.99], [2510.41, 716.11]]}, "properties": {"pipe": "p823", "zone": 12, "length_m": 50.8306, "diameter_mm": 100.0}}, {"type": "Feature", "geometry": {"type": "LineString", "coordinates": [[2510.41, 716.11], [2561.15, 713.22]]}, "properties": {"pipe": "p824", "zone": 12, "length_m": 50.8261, "diameter_mm": 100.0}}, {"type": "Feature", "geometry": {"type": "LineString", "coordinates": [[2561.15, 713.22], [2611.89, 710.35]]}, "properties": {"pipe": "p825", "zone": 12, "length_m": 50.8216, "diameter_mm": 100.0}}, {"type": "Feature", "geometry": {"type": "LineString", "coordinates": [[2611.89, 710.35], [2662.64, 707.46]]}, "properties": {"pipe": "p826", "zone": 12, "length_m": 50.8261, "diameter_mm": 100.0}}, {"type": "Feature", "geometry": {"type": "LineString", "coordinates": [[2662.64, 707.46], [2713.39, 704.58]]}, "properties": {"pipe": "p827", "zone": 12, "length_m": 50.8306, "diameter_mm": 100.0}}, {"type": "Feature", "geometry": {"type": "LineString", "coordinates": [[2713.39, 704.58], [2764.13, 701.69]]}, "properties": {"pipe": "p828", "zone": 12, "length_m": 50.8261, "diameter_mm": 100.0}}, {"type": "Feature", "geometry": {"type": "LineString", "coordinates": [[2412.43, 668.54], [2449.91, 666.37]]}, "properties": {"pipe": "p829", "zone": 6, "length_m": 37.5481, "diameter_mm": 100.0}}, {"type": "Feature", "geometry": {"type": "LineString", "coordinates": [[2449.91, 666.37], [2487.38, 664.19]]}, "properties": {"pipe": "p830", "zone": 6, "length_m": 37.5347, "diameter_mm": 100.0}}, {"type": "Feature", "geometry": {"type": "LineString", "coordinates": [[2412.43, 668.54], [2409.48, 622.7]]}, "properties": {"pipe": "p831", "zone": 6, "length_m": 45.9337, "diameter_mm": 100.0}}, {"type": "Feature", "geometry": {"type": "LineString", "coordinates": [[2409.48, 622.7], [2405.53, 564.31]]}, "properties": {"pipe": "p832", "zone": 6, "length_m": 58.5196, "diameter_mm": 100.0}}, {"type": "Feature", "geometry": {"type": "LineString", "coordinates": [[2405.53, 564.31], [2411.41, 522.16]]}, "properties": {"pipe": "p833", "zone": 6, "length_m": 42.5654, "diameter_mm": 100.0}}, {"type": "Feature", "geometry": {"type": "LineString", "coordinates": [[2547.28, 884.0], [2594.19, 889.35]]}, "properties": {"pipe": "p834", "zone": 12, "length_m": 47.2069, "diameter_mm": 100.0}}, {"type": "Feature", "geometry": {"type": "LineString", "coordinates": [[2594.19, 889.35], [2641.08, 894.72]]}, "properties": {"pipe": "p835", "zone": 12, "length_m": 47.2048, "diameter_mm": 100.0}}, {"type": "Feature", "geometry": {"type": "LineString", "coordinates": [[2641.08, 894.72], [2687.99, 900.08]]}, "properties": {"pipe": "p836", "zone": 12, "length_m": 47.2069, "diameter_mm": 100.0}}, {"type": "Feature", "geometry": {"type": "LineString", "coordinates": [[2576.89, 923.8], [2625.09, 931.94]]}, "properties": {"pipe": "p837", "zone": 12, "length_m": 48.881, "diameter_mm": 100.0}}, {"type": "Feature", "geometry": {"type": "LineString", "coordinates": [[2625.09, 931.94], [2673.29, 940.08]]}, "properties": {"pipe": "p838", "zone": 12, "length_m": 48.881, "diameter_mm": 100.0}}, {"type": "Feature", "geometry": {"type": "LineString", "coordinates": [[2682.87, 1050.98], [2706.11, 999.69]]}, "properties": {"pipe": "p839", "zone": 12, "length_m": 56.3034, "diameter_mm": 100.0}}, {"type": "Feature", "geometry": {"type": "LineString", "coordinates": [[2706.11, 999.69], [2727.17, 950.91]]}, "properties": {"pipe": "p840", "zone": 12, "length_m": 53.1364, "diameter_mm": 100.0}}, {"type": "Feature", "geometry": {"type": "LineString", "coordinates": [[2727.17, 950.91], [2740.36, 904.38]]}, "properties": {"pipe": "p841", "zone": 12, "length_m": 48.3641, "diameter_mm": 100.0}}, {"type": "Feature", "geometry": {"type": "LineString", "coordinates": [[2740.36, 904.38], [2750.64, 847.75]]}, "properties": {"pipe": "p842", "zone": 12, "length_m": 57.5482, "diameter_mm": 100.0}}, {"type": "Feature", "geometry": {"type": "LineString", "coordinates": [[2487.38, 664.19], [2534.19, 661.42]]}, "properties": {"pipe": "p843", "zone": 6, "length_m": 46.8904, "diameter_mm": 100.0}}, {"type": "Feature", "geometry": {"type": "LineString", "coordinates": [[2534.19, 661.42], [2581.0, 658.66]]}, "properties": {"pipe": "p844", "zone": 6, "length_m": 46.8904, "diameter_mm": 100.0}}, {"type": "Feature", "geometry": {"type": "LineString", "coordinates": [[2581.0, 658.66], [2627.82, 655.9]]}, "properties": {"pipe": "p845", "zone": 6, "length_m": 46.8948, "diameter_mm": 100.0}}, {"type": "Feature", "geometry": {"type": "LineString", "coordinates": [[2627.82, 655.9], [2674.62, 653.14]]}, "properties": {"pipe": "p846", "zone": 6, "length_m": 46.8814, "diameter_mm": 100.0}}, {"type": "Feature", "geometry": {"type": "LineString", "coordinates": [[2674.62, 653.14], [2721.42, 650.38]]}, "properties": {"pipe": "p847", "zone": 6, "length_m": 46.8904, "diameter_mm": 100.0}}, {"type": "Feature", "geometry": {"type": "LineString", "coordinates": [[2721.42, 650.38], [2768.23, 647.61]]}, "properties": {"pipe": "p848", "zone": 6, "length_m": 46.8904, "diameter_mm": 100.0}}, {"type": "Feature", "geometry": {"type": "LineString", "coordinates": [[2719.49, 1060.34], [2753.41, 1018.17]]}, "properties": {"pipe": "p849", "zone": 12, "length_m": 54.1184, "diameter_mm": 150.0}}, {"type": "Feature", "geometry": {"type": "LineString", "coordinates": [[2753.41, 1018.17], [2771.3, 975.8]]}, "properties": {"pipe": "p850", "zone": 12, "length_m": 45.9944, "diameter_mm": 150.0}}, {"type": "Feature", "geometry": {"type": "LineString", "coordinates": [[2771.3, 975.8], [2789.58, 940.06]]}, "properties": {"pipe": "p851", "zone": 12, "length_m": 40.1418, "diameter_mm": 150.0}}, {"type": "Feature", "geometry": {"type": "LineString", "coordinates": [[2789.58, 940.06], [2802.18, 898.45]]}, "properties": {"pipe": "p852", "zone": 12, "length_m": 43.4813, "diameter_mm": 150.0}}, {"type": "Feature", "geometry": {"type": "LineString", "coordinates": [[2802.18, 898.45], [2811.17, 856.43]]}, "properties": {"pipe": "p853", "zone": 12, "length_m": 42.9632, "diameter_mm": 150.0}}, {"type": "Feature", "geometry": {"type": "LineString", "coordinates": [[2411.1, 516.74], [2412.37, 471.08]]}, "properties": {"pipe": "p854", "zone": 6, "length_m": 45.6712, "diameter_mm": 100.0}}, {"type": "Feature", "geometry": {"type": "LineString", "coordinates": [[2412.37, 471.08], [2476.94, 457.71]]}, "properties": {"pipe": "p855", "zone": 6, "length_m": 65.9337, "diameter_mm": 100.0}}, {"type": "Feature", "geometry": {"type": "LineString", "coordinates": [[2483.71, 601.56], [2531.97, 598.27]]}, "properties": {"pipe": "p856", "zone": 6, "length_m": 48.3722, "diameter_mm": 100.0}}, {"type": "Feature", "geometry": {"type": "LineString", "coordinates": [[2531.97, 598.27], [2580.23, 594.98]]}, "properties": {"pipe": "p857", "zone": 6, "length_m": 48.3722, "diameter_mm": 100.0}}, {"type": "Feature", "geometry": {"type": "LineString", "coordinates": [[2580.23, 594.98], [2628.5, 591.7]]}, "properties": {"pipe": "p858", "zone": 6, "length_m": 48.3856, "diameter_mm": 100.0}}, {"type": "Feature", "geometry": {"type": "LineString", "coordinates": [[2628.5, 591.7], [2676.76, 588.4]]}, "properties": {"pipe": "p859", "zone": 6, "length_m": 48.3722, "diameter_mm": 100.0}}, {"type": "Feature", "geometry": {"type": "LineString", "coordinates": [[2676.76, 588.4], [2725.02, 585.11]]}, "properties": {"pipe": "p860", "zone": 6, "length_m": 48.3722, "diameter_mm": 100.0}}, {"type": "Feature", "geometry": {"type": "LineString", "coordinates": [[2725.02, 585.11], [2773.28, 581.82]]}, "properties": {"pipe": "p861", "zone": 6, "length_m": 48.3722, "diameter_mm": 100.0}}, {"type": "Feature", "geometry": {"type": "LineString", "coordinates": [[2480.63, 546.14], [2525.67, 543.31]]}, "properties": {"pipe": "p862", "zone": 6, "length_m": 45.1285, "diameter_mm": 100.0}}, {"type": "Feature", "geometry": {"type": "LineString", "coordinates": [[2525.67, 543.31], [2570.71, 540.48]]}, "properties": {"pipe": "p863", "zone": 6, "length_m": 45.1285, "diameter_mm": 100.0}}, {"type": "Feature", "geometry": {"type": "LineString", "coordinates": [[2570.71, 540.48], [2615.75, 537.65]]}, "properties": {"pipe": "p864", "zone": 6, "length_m": 45.1285, "diameter_mm": 100.0}}, {"type": "Feature", "geometry": {"type": "LineString", "coordinates": [[2687.99, 900.08], [2690.54, 861.93]]}, "properties": {"pipe": "p865", "zone": 12, "length_m": 38.2356, "diameter_mm": 100.0}}, {"type": "Feature", "geometry": {"type": "LineString", "coordinates": [[2690.54, 861.93], [2693.1, 823.77]]}, "properties": {"pipe": "p866", "zone": 12, "length_m": 38.2439, "diameter_mm": 100.0}}, {"type": "Feature", "geometry": {"type": "LineString", "coordinates": [[2478.53, 499.12], [2518.25, 496.5]]}, "properties": {"pipe": "p867", "zone": 6, "length_m": 39.8072, "diameter_mm": 100.0}}, {"type": "Feature", "geometry": {"type": "LineString", "coordinates": [[2518.25, 496.5], [2557.96, 493.87]]}, "properties": {"pipe": "p868", "zone": 6, "length_m": 39.7938, "diameter_mm": 100.0}}, {"type": "Feature", "geometry": {"type": "LineString", "coordinates": [[2476.35, 445.43], [2516.01, 442.21]]}, "properties": {"pipe": "p869", "zone": 6, "length_m": 39.7973, "diameter_mm": 100.0}}, {"type": "Feature", "geometry": {"type": "LineString", "coordinates": [[2516.01, 442.21], [2555.67, 439.01]]}, "properties": {"pipe": "p870", "zone": 6, "length_m": 39.7883, "diameter_mm": 100.0}}, {"type": "Feature", "geometry": {"type": "LineString", "coordinates": [[2483.8, 395.24], [2522.09, 396.82]]}, "properties": {"pipe": "p871", "zone": 6, "length_m": 38.3261, "diameter_mm": 200.0}}, {"type": "Feature", "geometry": {"type": "LineString", "coordinates": [[2522.09, 396.82], [2560.37, 398.41]]}, "properties": {"pipe": "p872", "zone": 6, "length_m": 38.3123, "diameter_mm": 200.0}}, {"type": "Feature", "geometry": {"type": "LineString", "coordinates": [[2557.96, 493.87], [2612.76, 495.03]]}, "properties": {"pipe": "p873", "zone": 6, "length_m": 54.8114, "diameter_mm": 100.0}}, {"type": "Feature", "geometry": {"type": "LineString", "coordinates": [[2612.76, 495.03], [2615.75, 537.65]]}, "properties": {"pipe": "p874", "zone": 6, "length_m": 42.729, "diameter_mm": 100.0}}, {"type": "Feature", "geometry": {"type": "LineString", "coordinates": [[2615.75, 537.65], [2670.96, 532.39]]}, "properties": {"pipe": "p875", "zone": 6, "length_m": 55.4572, "diameter_mm": 100.0}}, {"type": "Feature", "geometry": {"type": "LineString", "coordinates": [[2670.96, 532.39], [2708.51, 543.91]]}, "properties": {"pipe": "p876", "zone": 6, "length_m": 39.2767, "diameter_mm": 100.0}}, {"type": "Feature", "geometry": {"type": "LineString", "coordinates": [[2708.51, 543.91], [2772.13, 534.16]]}, "properties": {"pipe": "p877", "zone": 6, "length_m": 64.3591, "diameter_mm": 100.0}}, {"type": "Feature", "geometry": {"type": "LineString", "coordinates": [[2811.17, 856.43], [2814.63, 805.61]]}, "properties": {"pipe": "p878", "zone": 12, "length_m": 50.9385, "diameter_mm": 150.0}}, {"type": "Feature", "geometry": {"type": "LineString", "coordinates": [[2814.63, 805.61], [2818.1, 754.79]]}, "properties": {"pipe": "p879", "zone": 12, "length_m": 50.944, "diameter_mm": 150.0}}, {"type": "Feature", "geometry": {"type": "LineString", "coordinates": [[2818.1, 754.79], [2821.57, 703.97]]}, "properties": {"pipe": "p880", "zone": 12, "length_m": 50.9385, "diameter_mm": 150.0}}, {"type": "Feature", "geometry": {"type": "LineString", "coordinates": [[2821.57, 703.97], [2825.03, 653.13]]}, "properties": {"pipe": "p881", "zone": 6, "length_m": 50.9523, "diameter_mm": 150.0}}, {"type": "Feature", "geometry": {"type": "LineString", "coordinates": [[2825.03, 653.13], [2828.5, 602.31]]}, "properties": {"pipe": "p882", "zone": 6, "length_m": 50.9385, "diameter_mm": 150.0}}, {"type": "Feature", "geometry": {"type": "LineString", "coordinates": [[2828.5, 602.31], [2831.97, 551.49]]}, "properties": {"pipe": "p883", "zone": 6, "length_m": 50.944, "diameter_mm": 150.0}}, {"type": "Feature", "geometry": {"type": "LineString", "coordinates": [[2831.97, 551.49], [2835.43, 500.67]]}, "properties": {"pipe": "p884", "zone": 6, "length_m": 50.9385, "diameter_mm": 150.0}}, {"type": "Feature", "geometry": {"type": "LineString", "coordinates": [[2560.37, 398.41], [2614.73, 390.2]]}, "properties": {"pipe": "p885", "zone": 6, "length_m": 54.9745, "diameter_mm": 200.0}}, {"type": "Feature", "geometry": {"type": "LineString", "coordinates": [[2614.73, 390.2], [2669.1, 381.98]]}, "properties": {"pipe": "p886", "zone": 6, "length_m": 54.9838, "diameter_mm": 200.0}}, {"type": "Feature", "geometry": {"type": "LineString", "coordinates": [[2669.1, 381.98], [2723.45, 373.77]]}, "properties": {"pipe": "p887", "zone": 6, "length_m": 54.9709, "diameter_mm": 200.0}}, {"type": "Feature", "geometry": {"type": "LineString", "coordinates": [[2723.45, 373.77], [2777.81, 365.56]]}, "properties": {"pipe": "p888", "zone": 6, "length_m": 54.9745, "diameter_mm": 200.0}}, {"type": "Feature", "geometry": {"type": "LineString", "coordinates": [[2835.43, 500.67], [2828.16, 456.05]]}, "properties": {"pipe": "p889", "zone": 6, "length_m": 45.2004, "diameter_mm": 150.0}}, {"type": "Feature", "geometry": {"type": "LineString", "coordinates": [[2828.16, 456.05], [2820.89, 411.44]]}, "properties": {"pipe": "p890", "zone": 6, "length_m": 45.2004, "diameter_mm": 150.0}}, {"type": "Feature", "geometry": {"type": "LineString", "coordinates": [[2777.81, 365.56], [2808.79, 364.69]]}, "properties": {"pipe": "p891", "zone": 6, "length_m": 30.9899, "diameter_mm": 200.0}}, {"type": "Feature", "geometry": {"type": "LineString", "coordinates": [[2808.79, 364.69], [2820.89, 411.44]]}, "properties": {"pipe": "p892", "zone": 6, "length_m": 48.2921, "diameter_mm": 200.0}}, {"type": "Feature", "geometry": {"type": "LineString", "coordinates": [[1397.95, 907.67], [1356.19, 927.44]]}, "properties": {"pipe": "p893", "zone": 5, "length_m": 46.2032, "diameter_mm": 200.0}}, {"type": "Feature", "geometry": {"type": "LineString", "coordinates": [[1356.19, 927.44], [1314.42, 947.21]]}, "properties": {"pipe": "p894", "zone": 7, "length_m": 46.2132, "diameter_mm": 200.0}}, {"type": "Feature", "geometry": {"type": "LineString", "coordinates": [[1521.88, 776.43], [1561.01, 740.81]]}, "properties": {"pipe": "p895", "zone": 5, "length_m": 52.9065, "diameter_mm": 100.0}}, {"type": "Feature", "geometry": {"type": "LineString", "coordinates": [[1561.01, 740.81], [1600.13, 705.2]]}, "properties": {"pipe": "p896", "zone": 5, "length_m": 52.9065, "diameter_mm": 100.0}}, {"type": "Feature", "geometry": {"type": "LineString", "coordinates": [[1521.88, 776.43], [1487.17, 801.53]]}, "properties": {"pipe": "p897", "zone": 5, "length_m": 42.8355, "diameter_mm": 150.0}}, {"type": "Feature", "geometry": {"type": "LineString", "coordinates": [[1487.17, 801.53], [1452.46, 826.63]]}, "properties": {"pipe": "p898", "zone": 5, "length_m": 42.8345, "diameter_mm": 150.0}}, {"type": "Feature", "geometry": {"type": "LineString", "coordinates": [[1452.46, 826.63], [1417.76, 851.74]]}, "properties": {"pipe": "p899", "zone": 5, "length_m": 42.8355, "diameter_mm": 150.0}}, {"type": "Feature", "geometry": {"type": "LineString", "coordinates": [[1521.88, 776.43], [1487.84, 761.07]]}, "properties": {"pipe": "p900", "zone": 5, "length_m": 37.3436, "diameter_mm": 100.0}}, {"type": "Feature", "geometry": {"type": "LineString", "coordinates": [[1487.84, 761.07], [1440.88, 763.0]]}, "properties": {"pipe": "p901", "zone": 5, "length_m": 46.9972, "diameter_mm": 100.0}}, {"type": "Feature", "geometry": {"type": "LineString", "coordinates": [[1440.88, 763.0], [1391.36, 762.78]]}, "properties": {"pipe": "p902", "zone": 5, "length_m": 49.524, "diameter_mm": 100.0}}, {"type": "Feature", "geometry": {"type": "LineString", "coordinates": [[1391.36, 762.78], [1404.56, 807.26]]}, "properties": {"pipe": "p903", "zone": 5, "length_m": 46.3969, "diameter_mm": 100.0}}, {"type": "Feature", "geometry": {"type": "LineString", "coordinates": [[1404.56, 807.26], [1417.76, 851.74]]}, "properties": {"pipe": "p904", "zone": 5, "length_m": 46.3969, "diameter_mm": 100.0}}, {"type": "Feature", "geometry": {"type": "LineString", "coordinates": [[574.86, 1216.08], [570.9, 1208.08]]}, "properties": {"pipe": "p905", "zone": 9, "length_m": 8.9282, "diameter_mm": 100.0}}]}